Time,Amount,V1,V2,V3,V4,V5,V6,Class
51707,19.01,0.25149366994199174,-0.9680835891538281,1.4980502845365953,-2.562767861861198,0.02034271181057728,0.5073443406413246,0
90453,207.24,-1.4144630113663208,-0.9612514874510678,-0.9234156249903548,-1.1247310580275538,1.0815593810130513,-0.972688092497569,0
46271,22.98,-0.15046814149498222,-0.1512990397697074,-0.5710465778743417,0.31912734306903845,1.511145071944314,0.7715085378154345,0
38134,68.38,-1.1305204560329611,0.20681636179140384,-0.056661542413238425,0.5638815529545973,-0.7183488596972791,-0.9023954846402445,0
170171,45.15,0.23513529936618852,-0.4220058967090802,-0.20430720860016585,-0.45066715282462405,1.2327842721366802,-1.5178953629671916,0
134153,37.87,-0.24237545810511135,-1.5446211686074136,-0.25128086132474453,-0.4809527296884268,0.8353938659852992,-0.8146917670983592,0
102518,22.89,1.2962567097480018,1.6729897028449527,0.043814192831760926,-1.571052204834725,-2.7861476877805345,0.695722046870165,0
40372,20.42,0.02250038824543957,-1.066363075384819,-1.2275242426383912,0.19078993668678795,0.9385715398455845,0.5472318317949715,0
39350,42.72,0.4423362599761972,0.7495825713736299,-0.9130491839967317,0.4068061876308905,-0.297607110281922,-0.14745648849836274,0
141727,11.59,0.5516802322559695,1.4492924284038262,-0.4138677249737084,0.0916713828377636,0.7719080873108776,0.7111822682595856,0
125911,90.18,-0.3751089949435645,0.300175049284521,0.04290732616769143,-0.20639905744054216,1.602557190681644,-0.5760139767197593,0
84654,26.93,2.254038108921119,1.3385195085812722,-0.43807864810353686,-0.4257698727753605,-0.792644994180641,0.9077639979692536,0
126303,18.97,-0.14663177404360228,-1.129485577595404,0.2457850173811903,-0.8477342298262288,2.108590383357175,-1.1134806613919588,0
46403,173.0,0.7524833770742185,0.7884989473510197,-1.0786607710305522,1.1333479936032922,0.474108001319148,0.5454623028034383,0
110198,1.38,0.36849758683903877,-0.4901673153765603,0.0876251551699639,0.3176520811831798,-0.4360388424198315,-0.8086461408155908,0
20309,28.45,0.14707682744597397,0.8039864958905025,-0.16224853995849545,1.200629660979723,-0.38372954528492986,1.2525753714428214,0
20700,21.73,0.2316480716109227,-0.4971340238699362,-1.2600078976522555,-0.8499666166743012,-1.074913294339058,1.1217904907193683,0
6295,26.1,-0.518637997484576,0.6126263773371126,0.23328758155737933,1.9286338008939643,-1.4240736426670852,0.24387629867032387,0
143891,37.93,-2.2912928068840652,-0.7787395153691529,2.038641925048266,-0.039213813924329335,-1.6211363541203592,-0.0070791300016539915,0
34681,27.24,0.8179920992573367,1.4619928308683203,0.17931850115980313,-0.9449562707797498,-0.6141259682265786,-2.18044112000055,0
30257,31.82,-0.7245322690342489,-0.6693662391187534,-0.4977451422811719,2.961283696951351,-4.4656038635288775,0.5795255252509753,0
106082,11.85,0.13480142329020342,-0.8379792146793185,-1.662027378010535,-1.2130298289580468,0.579472818912714,0.34252339838453455,0
114994,12.45,0.32324718753356224,0.5068113976630492,-0.7690501075867064,0.06178182319352129,0.5390503287620642,1.1253266070582773,0
112962,20.17,-0.787708937857339,0.24086920777648202,0.598004142387687,0.4577346739874142,-0.7385346894225341,0.7558338416832551,1
28328,44.66,-0.44859687310912016,1.055353067471044,-0.07206421050051394,-0.7548585532025398,-1.0980233089577194,-0.3860977848152785,0
39104,47.61,-1.1027763738203191,-0.39902793154992044,1.3399998854762094,-1.7741103122787536,-1.4676545636611737,0.2316481937225638,0
44425,34.86,-0.2631612720598266,0.5379836721509411,1.8546621338595848,-0.3484058295044152,-0.10848556183914913,1.3587435664499423,0
132659,32.04,0.011736369721935848,0.32183519002277045,2.198837038261284,1.7655926938255004,-0.519345073159584,0.39985888437087463,0
67728,33.72,0.4986899121355445,2.2354274347569607,-0.3381867169824685,1.4254059323729322,3.3545733891663776,-1.4484174747755116,0
106611,19.96,0.2997948741631638,-0.13001397325513103,1.2901600237659931,-0.7009081833827803,1.3237455489254997,-0.47258203671350335,0
147443,51.49,0.01999548620641927,2.6253055802689116,-0.901565495303516,-0.11111271407271618,0.015071219282212108,1.912349217592001,0
36182,10.44,0.6055439825855826,1.683972030069338,-0.7769912116935443,1.0100157172213158,0.059704439372370216,0.8355732885102264,0
119264,41.01,-1.08318844666605,0.6952927266643856,0.7876293589549547,0.5952383640551641,-0.1623341860262142,-0.594601846610061,0
154165,199.61,-0.17125630482493448,-0.488273724696688,-0.35370504225558225,-1.0948634923668525,0.6861835565047075,1.5801836662744895,0
118362,2.66,-0.5335436258230818,0.14262139266888282,-0.37571790905371677,0.43416123877890517,-0.29521638782423004,0.5565984140731257,0
128775,6.25,-0.7554608013928819,-0.9325593884467054,-0.4192313788989148,-0.09261882518714008,0.400641589041065,1.1298824075532663,0
4263,30.93,-0.4627366479963379,0.737528063466538,-0.7821867440020989,-1.3929326375886175,0.12889991341633894,-0.6105815971454611,0
162917,19.56,0.336903263976616,0.45583767838814,-2.419129138075756,0.3289852789045963,1.4384562381626407,0.4912892740202906,0
105823,20.06,-0.5208929039037633,-0.2841395546889674,0.7466848560946794,0.15303459706762285,2.6018341878381603,-2.360541490710475,0
9348,15.54,0.7095994793835665,0.1704009940620107,-1.14506791648254,-1.618111817810499,-1.1859422031681344,-0.8821072931427189,0
132439,30.54,0.7013898938094993,-0.26281682329705947,-0.38458244372021294,-0.8006777428791878,0.4275963194405732,0.9630827821766339,0
106357,60.13,-1.327798673479431,-0.748009486600535,-0.035638560931668735,0.3910815094167172,0.7263360742393737,0.04895092292747902,0
100127,34.29,1.1626480586861927,-2.0868485293159376,0.4902574444285194,-0.22059852118080178,-0.7675366433534065,-0.5275664048972599,0
11338,31.56,1.2090101989009971,1.2862520864548588,0.19028290992242175,0.16868085941050945,-0.0108403397252406,0.09475032734396119,0
130608,34.28,0.08291185317203993,0.33196392856655366,-0.9600105221878282,0.10400542314856936,-0.689766224808138,-1.4527012227897205,0
82806,38.26,-2.256725105289419,-0.04459867199522342,0.6453846717568814,-0.3180199060056156,-0.9978635491377467,-0.40146921448108014,0
47295,31.16,-0.8381764823315314,-0.16048622032856263,-0.10004631110366666,1.7238848764227657,-1.8566363116534432,0.5399418303546626,0
69346,31.15,-0.9073265593722656,-0.5643029458106261,-0.40916506921394147,0.6464979655959932,-1.299678552330366,0.9573482609722477,0
168452,42.04,-0.23457902961918758,0.6040248469495526,-1.5885031364081725,1.1690109258638153,2.0010227388593362,-1.2385214731204384,0
107512,71.66,-1.349605255711928,-0.7978221214427796,0.48688595030057186,-0.12193041358199798,0.6993098735163596,0.967299566181423,0
55863,255.82,-0.4564956095040957,0.06319360385022683,-2.88201336316803,-0.7669616067820413,-0.5671882986127629,0.5957090626280942,0
172239,14.1,-0.7274539247231182,0.48852013847400877,-2.1009812104995986,-1.6105532012460402,-0.8356678083807723,-0.23916303370920497,0
163189,49.41,-0.8582160317716268,0.6012367881516733,-0.5462204154871819,-2.820266503429235,0.17858720645376372,0.26865080983501094,0
145788,11.52,-0.8938164305816126,-0.20313204632342813,-0.7234372231630879,-0.7293418589630624,1.0540356825285855,-0.8118915303839981,0
79671,8.67,1.8961232762543467,0.8958508801028059,-0.6582222437501886,-0.5593219774756829,1.3435346536084607,-1.1754623837759852,0
151563,17.22,0.031063426398931438,-1.2159378179759015,1.0031370033055655,-0.2323618768563049,-0.741693998889114,-0.3025799046740288,0
27810,37.01,-0.4583983632127938,1.4989584626675316,-0.9390632499396991,-1.453633898718295,0.11256725527078222,-0.6595276746347986,0
137050,10.1,-0.06330322278133675,0.12677060114211314,-0.5342620226721879,1.039090421976736,0.8928231165569592,0.1109277775185076,0
133533,34.26,1.056288483746123,0.722495769442937,-1.0260618308923926,-0.7493413001200414,-1.2864910863120784,1.1608063098603412,0
136304,95.41,-0.6507936550684602,-1.5396256942059605,0.22303025758513412,-0.8931142316154002,-0.8994129865777329,0.00791833987300527,0
94758,80.56,0.15047449877390098,1.1672907173837799,-0.8250118984061866,0.8194212072052708,-0.6108408893562828,-0.3060162593896654,0
49298,240.72,-1.9473398726619233,-0.675039011419468,0.48663595614481137,-0.8071918640359144,0.018803012825838537,-0.7898539610919716,0
108714,96.79,2.001922459248361,-1.071019562531488,2.336146099599624,1.198166668123079,-1.710808116317977,1.2282038263558728,0
95667,36.7,-0.1498780335221683,-1.8740555027312202,0.5228712669142984,-0.45118531519813054,-1.188236086510001,0.22368082386268154,0
78832,51.63,-1.7794389254234309,-0.4111733955533163,-0.13729106791036658,0.23723487563101686,0.3854696291118207,-0.2980930396299594,0
85744,16.77,-0.19260643876080602,-0.8384482508975749,0.4834947019642914,-0.15090006972249295,1.02464564210721,0.8043867823525098,0
147979,74.5,0.7673073626024868,0.9559380601783107,0.033937885134963125,-0.06426512842961017,0.48702644260865274,-0.46740037945085394,0
156470,130.92,-1.9323720874958086,-0.8030424010642451,-1.235922173509193,-0.10685261008294912,-2.8857502436841536,-0.3860039345465349,0
11653,119.22,-0.4957059465748997,-0.8130228521688223,1.1653255992232814,0.3529283432901299,0.21399289312376313,-0.26896205972521,0
29426,25.04,1.1084446017228928,0.3237550672314934,-0.8244232886633468,-0.02097995741445105,1.2864304630614842,-1.9923920138568803,0
17014,11.37,1.5668547072137862,0.13814755636757506,1.1927690016470966,0.4504141613157049,-0.6635516443377074,1.3575998152160915,0
105865,11.36,-0.3171028325739657,1.3212111260775763,-0.7656532852453778,0.47853083090839754,-2.1090591030208796,-0.3629311062260155,0
172677,17.41,0.9205095750656788,1.5908353339269714,-0.8224073772721373,0.117957303203288,-0.4063956937063165,-1.2352195706352989,0
83691,85.27,0.114845090277753,-0.3447665798736565,0.168692744809392,0.6561204563686461,0.8538235753356542,-1.640965401018367,0
28365,63.06,1.6923130191048756,1.382137994846674,-0.9227485635643696,-0.7518936299033228,-0.18868504821877893,-1.0231319747820262,0
152697,48.54,-0.04946657132325152,1.9832726559207603,-1.293625536082294,1.5764580021556338,0.5027991968111057,-1.4382485125368092,0
110041,128.18,-0.03540743904535086,0.2472881256277393,0.8488738302850475,-0.7995016584556943,-0.23747733654357459,1.1746443679507879,0
70910,60.5,0.22442003838225033,0.8341005719100684,1.5640140182118132,0.4324431104243127,0.4601757952190857,0.6069747131714861,0
154741,21.67,-1.4396081307988273,-0.937413788436313,-2.128590208826931,-0.03146222449536458,1.6939579396179882,-1.1451143029169664,0
281,20.61,-1.0944943608348963,1.2716967915225579,-0.9872492320322136,-0.022785634837776975,-0.6216092264622024,0.495068429689332,0
7415,22.75,1.0733665824449723,0.9842964451970457,-1.7236853785590116,-1.9549184895631233,-1.746093664567248,0.3855640216451009,0
37626,8.6,-1.4823967869957688,-1.8689740758268767,0.043640132465737946,0.41567197409657614,0.031079518237261926,-0.21927328531388418,0
78477,70.87,-0.9866590277241104,-0.2954808139007823,0.07069702166483936,-0.2547187899858918,0.9537112554095722,1.2666323439815002,0
68670,34.6,-0.5379439663331403,0.49271541946140096,0.16013489698287253,0.046885859018390895,-1.6140226725624092,-0.8340826319926368,0
37065,181.73,0.6746949778086199,0.45649803525064586,-0.3737208704904336,0.10080885425937298,1.1494180762720203,-0.09073209054713986,0
150611,46.99,0.23671712102639317,-0.3862370887113674,-1.073107414098677,0.9224277506183106,-1.6090710084374933,-0.07934374749865712,0
160081,12.45,-0.3864948903227902,-1.0037878154636364,1.413372924685207,0.6436397075331132,0.04103426005214217,1.63884268618091,0
21223,40.87,-0.2754823151790223,0.4539358884037746,-1.1449082576389766,-0.21782581483173696,0.7529675122044905,-1.7239800295155434,0
28145,181.17,0.2252697220150467,1.3339356398879483,1.1195661169810924,0.25781470525498895,-0.0128917835583997,0.567524250303832,0
99616,26.61,-1.28950006972398,-1.4899362046402225,-0.22160339018264946,-1.941418066886643,-1.9055735788637773,0.5010632479005924,0
97829,101.17,0.9530094982140498,1.5533546990558944,1.1265178936857032,0.6906175221456182,-0.7374197400154134,-0.2805607923203513,0
27197,231.26,0.14876073333569612,-1.0558446374338408,1.1567619824643116,-0.3350882992233443,-0.6454771776486284,1.5429195659842012,0
74816,10.45,-0.46291637948632713,0.41046022190207787,-1.2934505227298703,-0.8655628263964125,1.802959455472518,1.6491817165266383,0
63761,47.9,-1.325157155197762,0.24477484111169842,-0.18661322172860464,1.5337597683553283,-0.035840980146165276,0.15896068611246306,0
12342,27.79,1.1049972018044145,-1.5882270987078202,-0.9968670947568703,-0.13198089873068228,1.9555414172892074,-0.25045860399592773,0
113429,50.7,-0.5982793341978477,-0.6238402486872604,1.378357221422549,-0.7645978705554142,-1.2148337139373846,-1.3869663030223687,0
57660,8.46,0.9230448272267618,-1.2167856410814177,-1.777975534702351,-0.6773125282501883,-0.46631805717320235,0.20006816346281606,0
161475,106.39,0.5484632735405707,0.1606928674649046,1.4425916214453727,-1.7433552713511733,-0.3117977833928547,1.1156649712468207,0
5782,13.22,0.2335950812615763,0.2632654875753966,-0.8595408213421135,0.7034545444193161,-1.533864741794206,-0.08756871028394704,0
159674,4.4,-0.6110850624767177,-0.6651073710188052,0.042249604426835,-1.4889875026379256,0.9831402277945873,-0.16647442215772632,0
153808,8.68,-0.056836852206949735,0.6291352982577835,-1.5358646708655104,-0.4779282687772126,-0.4561508071800212,1.2400282618429634,0
48984,5.38,-1.0504376287559674,-0.4513752310813436,0.9269996287341687,-0.6329970322962923,1.3143461137165238,0.9288314051541057,0
76153,26.98,-0.05247385606304944,0.650489639988436,-1.75110860587232,-1.0862891736035514,0.25445614468682576,-0.16942331286320877,0
22164,24.27,-0.733391370914118,-0.3933924379557356,0.8377462255551519,1.9239459459299184,1.4488603763144885,0.40692174114878144,0
165873,23.56,0.8268386307091143,-0.28207705687634865,-0.5348579055061975,0.010051572234199141,0.23935893236764694,-0.18113208997942534,0
163623,18.31,-2.2142681858845514,-0.30308607711201396,0.7373226156755405,-0.8464443748159226,-0.2487886662891715,1.216047225928888,0
15735,130.62,-0.4000574338825259,-0.3767754697378553,0.10070321403397768,-0.45061914978649,-0.2259709545173762,-0.1392487954469601,0
76218,31.09,1.610292980482871,-0.9176159891063321,1.9786512875485034,-0.47622388070496197,0.08421658894644239,-0.6373283556090819,0
84045,92.12,2.8013729896349786,0.27359457326167763,-1.0444361968077795,0.5769171804036888,0.40529411049309205,0.2408920584798631,0
159,30.5,-0.7706179501253388,-1.3082532554243715,0.22742126793771542,0.826834717872908,-0.6539007570945464,-0.36470658502211445,0
120927,20.71,0.5837114198239499,0.809779272561425,-1.0403801508439108,-0.3071425092379435,-1.6960828315368353,0.8891561736768938,0
97756,38.88,-0.5527909175451801,1.9249405131870565,-0.932086413557357,-0.8559684519638542,-0.5212665973235866,0.19016249365718166,0
112566,22.1,-0.0376871207422379,1.1738420203667026,0.8854705829400954,-1.3034724287815804,-0.4192599473709911,-0.9537798798020337,0
52256,24.51,-1.756868699401502,0.8720901955337838,0.36058001588630156,0.17078414760020774,-0.7250749370065016,-0.3159785219134629,0
65633,11.75,2.116012056830995,0.5427746739125621,-0.591374223391938,-0.8561078403939216,-0.5252618994803853,-0.961687718025779,0
5744,28.39,0.9632265338939392,-0.7415712588935076,1.2031973581423765,-0.9533004704344341,-0.08288780876602542,1.5597914559662804,0
167523,6.99,0.45920418159952925,1.6159816799179296,-1.1773210412697714,-0.23578831826070276,0.04449683571203692,-0.46005857432603064,0
125438,54.9,1.1772087874169148,-0.1085864768279433,0.24611772945040425,0.24724706637930446,-0.11144781587818474,0.7945460175837396,0
160443,35.91,1.3134731613252366,-0.329396455962543,-0.4562340046084945,0.5981681339527561,-0.8894004538930466,-0.8329540180904172,0
61272,3.75,0.26841327369456214,0.6710260113888488,-0.8411213675603924,1.6447816462163891,-0.020081028879013117,0.20108565915376136,0
97085,43.32,-0.6598604940991374,1.964011002731899,-0.12842811985747893,1.833726413389214,-0.13122863765806814,2.1620878786248316,1
68099,40.87,0.8155942445961629,-1.47561274638294,0.2910096272474423,0.09693362573073926,-0.10398918889688247,0.1569994406771894,0
133296,46.34,-1.67308401250574,1.0876069851989536,-0.3015136445386949,-1.0930767516787407,-0.37351905536548435,-0.6928430027718153,0
132822,4.32,0.32478159411011454,1.195941907435307,-0.1304148268171117,-0.16515412302837496,-0.7767362082471486,1.191483357686506,0
154692,106.07,-0.8121694717263299,-0.9965284166185597,0.3018124860758687,0.37430906618985604,0.17137994672354182,-0.6551589463725652,0
141688,10.67,0.02310434600073103,2.002947084076286,0.05737555380698128,0.010197682007116406,0.2999564687558586,-1.2419118269181406,0
60504,33.16,0.2688507864009919,-1.9517426090104495,-0.0023434031495201645,-0.2619718548563233,0.9298964446296162,0.44933505268793483,0
38494,16.17,0.4781405755558084,-1.5052791761614406,0.7939458036321722,-0.5287216328368156,-0.5394260614593801,0.3564470675268452,0
168266,18.47,-0.3773865174622099,-0.6579581276655113,-0.18848685975882942,-0.847671949215035,0.019045160209423234,0.09971984611754682,0
122413,53.53,-1.0272518875051289,0.49551652414489566,0.10321625976591761,-0.6758804361079083,-0.3104564628820661,-0.9687255549863698,0
1605,90.16,2.045654547677154,0.5679945395242418,-0.22810468445151663,-0.14953036454326896,-0.5354062587449706,1.2562812358636557,0
144989,17.65,2.9452462899351,-0.40849951815620644,-1.413177841865801,-1.2022090476199554,-0.7871462555043668,0.2497904334534407,0
154960,127.87,-1.229495157708088,-1.5485830336213924,0.48815426453882355,0.4810557241417938,0.7684374973966008,0.19774033558329698,0
128376,16.53,-0.022030072516940464,0.631900339157813,-2.182101294200962,1.1442051586579316,-1.4945778710292361,-0.03504168830278858,0
150575,143.56,0.925904176727718,-1.0260352475552401,0.024777746496761215,0.5288743855226535,0.47011868278956803,0.6171092313643494,0
145128,32.81,-1.3141995296231093,-0.5613567375239471,0.544929188178994,-0.7485632200938773,-0.24889331965522968,1.7438359012909188,0
65160,97.21,0.7271679888921005,2.317516231196855,-0.524892565636485,1.2077764917755949,-0.8551181568667101,0.3228579583511724,0
156044,11.87,1.2625774069641502,0.2099260524129978,0.1790209142295196,1.0558721413560592,-0.5452445693019066,-0.3693402913986854,0
29301,45.15,1.769913067655593,-0.14158441929433813,0.26170728347633937,0.2941458838891059,-0.12366957158270403,1.4544526717955992,0
23833,43.15,1.3801389388685148,1.0902442836580648,-0.07892667577455567,0.730935434101578,1.161532901211637,-1.2105526457355438,0
93185,5.29,1.607019008249281,-0.7059851654989105,-0.9839480658825546,-1.5206963873771369,0.4413224023644061,0.12790916211779632,0
145282,21.41,-0.4839843396005531,0.14663258764617476,-0.2429142310872777,0.09981366882164183,-0.322938007060674,-1.3656268062837593,0
86664,53.29,0.7009723227039657,0.3535661467404633,-1.1355180451889948,0.30733631448125637,-1.1909026081270546,-1.6705772951403695,0
32101,66.98,-0.9653962101329223,-0.8480669268854175,-0.3819338631313979,0.3942556927810128,-1.4216328800766413,1.4291172054801016,0
148066,185.33,-1.9783849165730842,0.5974729338967611,-1.8046029093892233,-0.4699229996242097,-0.2213709098468572,-0.2890648419076363,0
42963,50.34,0.18291456362025593,-0.7418206417017582,-0.5076678492097068,-0.49562767381072753,-0.03176132329018785,-1.0885333528170908,0
122439,17.17,0.1462147963775593,1.117520548774607,-0.13308442792068725,1.8086630283267988,0.7917964936666289,-0.3578035998711483,0
64772,43.19,0.7271712595339491,-0.5883615643067782,1.029758164309032,-1.0907380577233479,1.3121232091756625,-0.7778127881608037,0
5347,140.86,-0.3628556273736071,-2.429755297682545,0.061770871376545564,0.3320591209490886,0.5070833628304308,-0.8925821355462147,0
67843,29.78,-0.27811986436633407,-0.21765512113811641,-0.7680703554643681,0.41095333070803153,-0.22394891762274788,-0.1199064110521603,0
2747,51.77,1.9853803952602933,0.8543693203494214,-0.3538175262121811,1.7199845303294035,-0.24857666735111172,-0.7688088656217581,0
125541,82.1,0.22623808866742148,-0.5284509979003907,0.6873732422375044,-1.03943096290067,-1.0916400478022321,-0.5188359294659994,0
13689,27.41,0.08036232596303014,-0.043545672078880604,0.2036922784764595,-1.4668094653928918,0.2979146051656283,0.5578766442638786,0
20074,24.91,0.8530151882434975,-0.3038634294811303,0.6957197008450764,-1.3889405190630546,0.5369495710876008,-0.6740609036543742,0
154136,83.77,-0.02230853891243119,0.5198290026710267,-0.38789382493422025,2.00778171781302,-0.8300766992136013,0.20460922377599047,0
126969,48.89,-1.0126855633684928,-1.1046683561021067,0.71373521966136,-0.30659452464225245,-1.0862432867896197,-0.9628571052335393,0
155242,128.13,0.99006123071636,1.6766508027613596,-1.19962095164068,0.12657930672293052,-2.2651092188993975,0.06846807707050838,0
143748,5.58,0.8627545919526867,-1.6521023316929349,1.9279491802420827,0.5477697760195868,-1.6708127614252692,-0.13026917528716864,0
82035,65.28,-1.2298831152865406,1.4536341508749477,0.5159062303140283,0.8117403137671578,-1.0332155980225177,-0.2862696894887815,0
132311,60.57,0.9466183083304367,-0.8725945264061531,0.5958318645105473,-0.4963631294960013,-0.22527130811779836,1.2444506093033991,0
61844,28.1,-0.8422957167700686,-0.07478129665130821,0.6882409508253399,-1.1818606774688567,-0.3391494050598114,0.28514365010775894,0
15434,20.4,-1.165441526221057,-1.1218288004125843,-1.3473432191594377,-1.3333795960353827,0.12551304311028644,1.5206054547309742,0
8155,9.2,1.056101251669989,1.3101948560543004,-0.2608708012458902,1.8544309005166413,-1.2160665189264068,-0.8649619484873124,0
29855,47.83,0.11494177175913174,-0.21795090624353872,-0.3707964337995265,0.5036707734621725,0.8123429504513578,0.35855784836819077,0
164232,20.13,-0.06701004172522106,-1.1529019436473826,-0.5450275729224316,0.23266009197441945,1.3094397974459575,-0.30048041145753834,0
146779,36.94,-1.0359619286066395,1.885788516485527,1.2622778906716723,0.6611809905927187,0.709673740251402,0.837968841977436,0
59546,14.17,-0.3468639879246106,-0.04454486424478854,0.038738609191706894,1.061519786256429,0.34322792894701754,-0.6676882828147466,0
71681,57.11,-1.8311240637471942,2.2083450515637493,-2.078061658031607,1.826678096889512,-0.9140791230363612,0.3603797269434057,1
55284,15.99,-1.3993421658487708,0.5795778471138472,-1.8581250137335916,-0.2410589338319876,-0.033789695580160206,0.7304107950830058,0
137301,32.88,-0.42581799836655126,-0.8560848720009113,-1.0771668261585279,-0.1204428626411764,0.37667828695457545,-0.025288712871601296,0
132874,223.95,-0.5789842199399048,1.535121739812652,1.077359809862273,1.1345383310080746,-1.13439053537121,-0.3381984166358274,0
88151,15.94,0.3651810403026461,-0.16295631080584103,-0.08370985713902226,-1.193495586089152,-1.634546121008871,-1.2668873687989686,0
122744,4.77,1.4341770365203266,-0.4142107809275326,-0.46283052343037057,-0.7367309875168898,-0.5772011858972084,0.2319803290680101,0
166668,6.75,0.5251693132621684,1.519019572530981,-2.2593708838316977,1.0035048624164156,-1.2989482605353901,0.4003949180730848,0
154736,125.28,-1.326262161949157,2.440923965456535,-0.6220648349449548,-1.2301921166964744,-1.4740483917429283,1.5628232656437504,0
49170,5.94,-2.0210023208762435,-1.2093244677784134,-1.2471899921129288,-0.9281318938497849,0.6673931546708117,0.8798567379474236,0
46851,66.61,0.9397354817471042,0.9163289534385712,-0.2652238654505343,0.5379842725420181,-1.3022662379689898,0.6468815545208564,0
163926,31.27,-1.358256986122487,-1.4631012512496988,0.35952316028032216,0.9074579023876276,-0.7664526660874534,-0.04624580089035779,0
75137,154.41,-1.3588849353321233,0.9317756176270544,-2.609237983382311,0.8162253579963914,-1.8244297675757146,2.395267503585253,1
6801,96.96,0.5274808330277304,-0.8605073265053105,-1.1704617092886238,-0.21240742381820554,-1.5755767491799884,-1.6425881343852125,0
121757,37.25,0.5541429265127488,0.4925234462063564,-0.9364983133827613,0.5069082002928592,1.306860515979533,1.286871921509803,0
92658,104.96,2.2143299425565965,0.3496497571474736,-0.12652604952864957,-0.5068873498672227,1.4268438196157025,-0.033689671704462826,0
127659,12.16,-0.470755099124782,0.6543556905962175,-0.28770705554947656,-0.08900053660847063,-0.38488237280071,0.8559826726148858,0
4853,8.45,0.8468399454691652,-0.7567803670208672,1.0010648425707633,0.003962181121075194,-1.8826946750783187,0.38998586163351884,0
3748,70.77,-0.30814762945313745,-1.97072128184557,0.43457850096541834,0.875228629163064,1.87357357502862,0.16615101996895806,0
155286,11.67,1.1835491025816047,-0.3181426326614269,1.0091034117280526,-0.00738886988032359,1.2132671920084979,0.03456941694860591,0
25122,25.11,0.8844424373817379,-2.412550817919811,1.684383328181538,0.8834934271051945,0.2427577358937702,-2.0411509456604056,0
126174,9.03,1.163000969705304,0.5053933762204632,0.13490711633812782,-0.39187652711255944,0.7021141391767522,-0.3321778315991437,0
24519,20.47,-1.700627249651378,0.9230872924501295,0.32450432237081295,-0.33413323884336144,0.7250968551153418,-1.129612361808736,0
126503,286.9,0.7887540438854471,-2.0771596593008277,-0.7179219509485815,0.5655960797508497,-0.611776260334169,-0.9756712179121364,0
46167,86.08,-1.3449277870651724,0.8742401692332417,0.1865062168834001,1.1103071757481227,-0.25027122500470794,0.07014261647740774,0
57649,36.93,-1.6037294750298954,-0.8033787071662901,-0.7260041032460013,-0.32727515393919654,0.007641085936465705,-0.14741672371430772,0
3267,54.39,-0.11315849445608397,-0.22393942431327402,0.03355159681824261,0.4619980237030926,-1.8374166469339788,0.5305706404769732,0
105969,32.22,0.7484091405470328,3.495088983177764,-2.636933246262392,0.7530874411825698,-0.46146119926610935,1.563056441919211,1
150810,41.13,-0.7215690823400293,-0.5439100535132576,-1.3191719578321237,1.3658322887898744,0.9550134901120593,-0.3679999401174001,0
4425,57.88,1.202249003361171,-0.3932364091628454,-0.3983386226887527,-0.32352906156120115,1.1168096443533484,-0.7003271630271423,0
3262,497.87,-0.7697070992378554,1.5837175456395398,-0.63806300931613,-0.14546158926992317,-0.92089903118371,-1.3623340739744445,0
17374,29.67,-0.2002166664916561,1.3676513039359723,0.8693971750787908,-0.2138458479413305,0.10538486060849363,0.8226395350231324,0
63530,13.4,-1.9911401489546665,-0.3515133767588989,2.1380552116340046,-0.5700114985742541,0.6353117835820689,-1.0219434869195063,0
70017,149.48,-1.6218543135999615,1.9208242098140118,0.6052841571181666,-0.10108577728217161,0.9546359126865245,2.1760112123734174,1
158768,22.46,-0.531411401138425,0.5638165593865041,-1.7998395353884376,0.17958088931913696,0.5281454697040043,0.5045642753344656,0
168229,16.83,-0.4466430468146064,-1.321209231856129,-1.3743992484741285,-0.7461210125850355,1.920061679566557,-0.4029510756171176,0
42229,27.55,0.39488149000257766,1.158565492822322,-0.23642593837068013,-0.5181652898279008,-0.8345296500918743,-0.011878118315869293,0
135059,148.92,0.9443852228353897,0.07737428276083357,-0.3310521687503577,0.4529415931378187,-0.7261424363473181,2.06447631679795,0
46197,40.64,0.21668909749767315,-0.862306936163681,1.268780588413842,0.9195605468628252,0.9467504391358753,0.9240945305360726,0
144990,48.41,0.6233423006748285,-1.0680243758911776,-0.28168832078912964,-1.8503776848818414,0.38090883364160294,0.07466904609346002,0
126295,117.64,0.7777976308777149,-0.66778239428829,-0.5852905313163699,-0.2758739558165403,0.6401846447565608,-0.4604181408097928,0
4809,8.88,-0.4526901485095334,-1.0513290180232788,0.7769218547601916,0.2792377542753513,-0.23071089414176998,1.5235969171024628,0
166472,57.51,-0.972162217943325,1.124414149970889,0.7442291195615972,-0.33685834928947517,-1.3989614343168146,-1.6256827074814433,0
130349,37.09,0.28815004154025464,1.0560416064585545,-0.2265991640145975,-1.2723050132619824,0.017657445179986058,-0.854478095669546,0
128585,72.84,-1.4397052966180355,-1.950095160018759,-0.1697304872855214,0.004981303939588323,-0.6389548508027719,0.4701396886843902,0
26155,12.01,-0.020921037383076883,-0.35984046078038784,1.57861539047863,-0.13426567343942075,0.3715639063567994,0.7249503535466539,0
81442,8.06,0.9136072175680342,0.7718504858067948,-0.17145793064083975,-0.0472906457085348,0.24895673863819942,-0.8822790859724706,0
54620,12.63,-0.4751252784446032,-1.1171417612046128,-0.24761153644145104,0.5321285715752346,-0.6992128474941184,0.9614932901984118,0
164226,56.5,-0.19280608730741247,-0.5904407702032749,0.1809378270039994,-0.7904287143494676,-0.06133415634044044,-0.22920892492544667,0
165092,22.16,0.6067621502064073,-0.713712463865602,-0.47823260785842847,-0.1150708048831132,-0.3738740796237879,-0.5275536981396111,0
90536,19.84,-0.8216808263050224,-1.5404327171242964,-0.011102590622834349,0.22556201710241766,-1.8090310326826808,-0.5395682349507531,0
127738,40.76,0.014108356253124855,-0.6117678621927194,-0.15141606798642662,-0.18416253954219608,0.09109400991372943,-1.512294031651514,0
113453,12.56,-0.28275932762936834,0.16561512509672222,0.11586075884199988,-0.3951401086262139,-0.4420809858037619,0.619530859363748,0
64887,22.92,-0.8249606865912409,-0.5515274001016297,0.047579417152787795,0.17544034458033667,0.9004289895454238,1.2203429772001366,0
150787,34.39,-0.6719173104649906,-1.0248948993808669,-1.9675370853691225,0.40851606498776816,-1.8234964332148014,-0.8084963992003955,0
89186,13.64,0.18217062771210168,-0.1752433629643115,0.6503111974963428,1.194046983662575,1.0256262778082705,-0.9200556337419713,0
70313,15.99,0.23071174907496259,0.5593554097154361,1.3252636031273886,0.02808461703859529,-0.2248603638828204,-0.599327102658598,0
164474,107.65,-0.19735515533466427,-0.2167150113864274,0.5072999856297516,0.3129581254362489,1.1754357565965836,0.695482084644993,0
43525,13.41,-1.3239510842195628,-0.8257690954681581,0.8755050498444104,-0.18303448499368985,-0.2198789647583243,0.7724001421313752,0
162002,10.99,-0.561050852022268,-0.30031814256547273,-0.2011861701509173,0.21101703022228158,0.615163203683238,0.4139856289289939,0
41235,60.49,0.3188270435795304,0.8636055068862878,0.9329016611095905,-0.4763412656805142,-0.9609339238790036,0.2722767812109982,0
139643,31.29,-1.98468794144591,1.2082747406521392,0.6768882044807154,0.7598565050594597,0.7689718918985177,1.5693659456886264,0
65206,41.15,-0.3542186159166406,1.0865305578988218,-0.4055326917624579,0.21491828714139533,0.34801752381268486,0.2141300436889329,0
16322,38.89,0.9669174010754679,-0.16763152548836402,0.762510580763997,-1.7772134575808027,-0.930617319726204,0.15918182118326307,0
91036,99.66,-0.12173725378362549,1.4845207658486996,-0.3040410991533166,-0.1446015381221821,0.22946463007966225,-1.2314353114312526,0
101154,40.67,-0.005040870223528701,0.26386602090294525,-0.31627654319091747,-0.7254753169189009,0.33870385994037067,1.186073075353902,0
26172,70.57,1.5907957421712526,-1.0562704077481062,-0.4569940385564593,-1.4867184699052318,0.18062576940507985,-0.2572193918234778,0
16725,4.39,-0.6514425498636812,1.5080828501440207,0.3921281254876826,0.8729219823572034,0.5863197089149107,-0.42307375324199836,0
78815,178.49,0.0999881637655518,-1.1212795914817848,0.7704804366875033,-0.6786206175368819,-0.4796345662507899,-0.5663122698614174,0
92573,44.63,-1.5285912962592862,-0.0386517688273251,0.6102442577895195,0.45746868608800834,1.6038697254435437,1.9628108976737255,0
149381,87.17,1.7127114112762727,-0.4761991603989872,-1.0025419620049292,0.9308201250373191,0.7799303446115337,1.9508570949969837,0
135565,12.59,-0.4070158918067711,-1.1757344466669615,-0.20794759887404865,0.149917703057852,-0.3310427306235488,2.353605232288445,0
120906,22.61,-1.1858149110149452,-0.6604473680075832,0.5096631077101231,0.26098385001607055,1.1477162469478168,2.254382394035939,0
126888,11.82,0.5629106602850852,-0.21297865655021128,0.10062211083544212,-1.7423692262512493,1.0668655876415893,-1.2566656386173585,0
123053,20.14,0.40861074756391724,0.5844887886474618,0.08190541260407326,-1.3705612342041356,-0.809554515797692,0.9044706629573361,0
162993,21.38,-0.3146014474420489,0.2565773958493077,1.2769830590630524,-0.7513801233865582,0.2442085948870853,2.4647019843221645,0
125150,33.17,-1.4603024352092226,0.48292994517758675,-0.9893782707397202,-0.21980270560773324,-0.2891682452309674,1.1875899493965252,0
111041,47.35,-0.00836078727145676,1.6346055117612015,-1.1351601296858251,0.874991185367977,-0.4574906044953215,0.29660525554701433,0
17955,13.78,0.5846229524867408,-0.4731074133605223,0.8181755254714744,1.631152515028004,-1.9165916687190976,0.19129937854282414,0
99303,32.8,0.906870534610285,1.431749484241079,0.7069289851361691,1.2239202016169175,0.6228230145618063,-0.06766145010198361,0
163834,18.15,-0.6449284603222979,1.1600484289064086,1.3616234583088176,0.3275691768512657,-0.9607599976713864,1.2318001860011447,0
98618,21.11,-0.3422451301467918,-0.3549213536992336,1.813463857298551,0.7257083669974165,-1.886775554792489,-0.16652299448638908,0
44482,331.5,1.9358610256806046,-1.5702366540818447,-0.14101571848969216,-0.5938559901174687,-0.9646943072903804,1.0670313567909973,0
152297,35.34,1.6787838073868548,0.01159385932537144,0.23785793402800734,-1.071156077403275,0.07219835734128387,0.624056731915687,0
27766,123.41,-0.43479469337221693,0.6061496997584691,-1.274287223050924,0.867153129040598,1.1593295983306997,2.4802042249974927,0
58468,44.81,-0.5261936551434885,0.4453824616804123,1.5475989507723944,2.925107368597088,0.37648359386288077,0.5807608481402557,1
170963,33.65,-0.10205639062884797,2.0920985716179086,0.26532805499989953,-0.07675901276272937,1.069144864013238,0.3963663646674839,0
45603,47.79,1.8105224784209932,0.4319965633696103,-0.9481239464325425,-0.9400674553918519,-0.31515935719764865,-1.5348681088561222,0
120993,19.9,-0.3884799067714809,1.5922250736487749,-1.5410330691004628,1.0478545137125523,1.590464272289736,-0.6604377939120855,0
67779,86.2,0.39530725264933086,-0.9111700600248446,0.1862524599012663,0.15797937270525989,-1.1207947374921003,0.9788338948935661,0
125149,76.22,1.2101660953653188,-0.394090478980577,0.31140835118933086,-0.16394982214928464,0.28745526050670145,-0.15756776116891866,0
101084,51.39,-0.20316852898467888,-0.7360652185406498,0.18809956615274828,1.0849397741874804,-1.3782187035199713,-1.188018833449517,0
9077,25.09,-0.9728278925829571,0.16208569264677555,0.3072039458978721,1.035276566180256,0.37582710450730256,-0.6468217753169699,0
143309,10.62,0.18421722953009348,0.03476924809445675,0.24970716122253878,-0.4477912090739742,2.47247154045335,0.4402696468489651,0
20358,26.75,-0.9710620291077331,0.7594421738225829,-0.005587133968183114,-2.348001134404344,1.4277701849121462,1.0215795333194317,0
6589,7.5,-2.229676640729981,-0.47869638100794565,0.5062784714875873,0.438546498827135,-0.31232397390156474,-0.11364520761400726,0
91176,7.69,-0.0072556984656611655,0.5270711986781154,-0.8701764701253999,0.6161612305147948,-2.4291597625184753,-0.6855829406863078,0
133767,13.96,0.04189592115427648,1.2354837695030692,-0.33219771614193333,-2.78728892535578,0.7926650668400846,0.8125946977485725,0
51195,59.03,0.006548657804539276,0.7629582567139714,0.1968519264748205,0.8759903825792899,-0.25386512795106736,-1.109336332221177,0
44757,17.41,-1.4545614052447244,-0.4202640311588286,0.4736497774134741,-0.28627123386770176,-0.7354900906925547,-0.44964573618608233,0
169160,302.64,0.12631251458699935,0.2003947848763514,-0.3151920599234445,-0.45855266013119844,-0.520215025894754,-0.5253964523402401,0
59500,27.0,0.943193303477794,-0.24105421459396426,2.350339120154303,0.3453161945753811,-1.3368376546622682,-0.48883951759226496,0
105410,44.15,2.580291898690775,1.6318888483702207,-0.10619937177418337,0.003184849504858575,-0.1736933755109449,-0.06424873618608622,0
131733,69.87,-1.7324945949673274,1.507707699313365,0.030233802717335615,0.22701573695590588,-2.161807863813426,-1.2074553821845717,0
90397,26.65,-0.46285628571437976,-0.34842795029159407,2.0711713025331107,-0.12337891034350469,1.1237606303192145,-0.3037856010623942,0
14122,33.65,1.182900489387524,2.5974372073752243,-0.1315940821633258,-3.0093411426831738,1.0355390177754167,1.0708245171159447,0
2693,76.86,0.4672522151827898,0.7921373991454693,-0.14114031944383582,-1.5126287741275257,-1.5058193993407651,-0.7908021222571796,0
154865,35.63,0.20748879785218177,-0.35379073114231385,-1.013793740969723,-0.745763744110666,0.533239869155429,-0.35128016685000674,0
58283,16.38,1.533012542249183,0.6761016136499133,1.0203818741776796,1.4714513025679976,-0.18966152512419504,-0.8273568981546813,0
170091,219.05,0.7906177188399772,-0.5829294955992674,0.8728789499187865,1.1446494442190644,1.4702135105503937,-1.7829098972858857,0
7999,26.74,-0.8557425799515072,2.1427110344641864,0.5104399780009937,0.5436808988766937,-0.8328193798842021,1.0616085329545957,0
48604,14.12,-0.8546246417550657,-0.10226635021759252,-1.7360420595513935,-0.7978868214958904,0.2898532048768381,0.04512983998831258,0
74520,623.69,1.2746531240383412,0.3081283365365046,0.0074371388099146235,-1.0458838275177365,-3.532818187678899,-1.508890861566607,0
36062,3.09,-2.0648652776836416,-0.5803550028527311,-1.087067512934918,0.0976081411277479,1.0874105536366991,0.8238943537007667,0
114091,31.57,-1.333217053950996,-1.2289449064718925,0.630665409887673,1.7720927508252486,-0.3507276109457836,-0.8823002245850418,0
76898,77.15,-2.1268334877992654,-0.8571723738917058,-0.16921365816554673,-1.3730475446650445,-0.2900385438891823,-1.892125292822918,0
26170,14.66,0.09600926799704997,1.961104291291467,1.3919956981126695,0.12006389573147619,0.3578254156223773,-0.4475062273628483,0
167849,142.92,1.1263934497220656,0.4425624290228071,-1.4126820670069118,1.3195588015602135,-2.26554779163971,0.36973314476333247,0
112935,12.44,0.4917396407562205,-0.4990082644297892,1.1803183169861102,0.07443523050906185,-0.04200020796551447,-0.6043931462494799,0
57169,27.55,0.19261914758693635,0.9993809463927898,-0.5043120335043169,-0.4105591886864966,0.9138689034473524,0.9206621456615383,0
118094,21.09,-0.9204887877395782,-0.3067726846636304,-1.193718782268727,-0.607846130787853,-0.8945698475865421,-1.2342655694267455,0
103423,62.38,0.4637230575571145,1.2008008194284512,-0.1553729882179987,0.5580993724067077,-0.4444299967257112,0.661352044831807,0
67695,265.78,-0.6842421805152435,-1.8885234127154062,-0.15254494763711807,-0.8326044119902345,-0.07085916664044703,1.3979543425560428,0
64505,9.09,-0.038323835697372494,-1.8515868342905866,-0.7334620911689643,0.41069531377752816,0.6371597435509948,0.0967572679141856,0
162727,3.27,0.10269051674858726,0.6883470370380197,1.3275546507092362,-0.9877670867744672,-1.0975146701051686,-1.439754335347413,0
125917,28.24,-0.23927314715185138,1.1169794276401286,-2.429112337166646,-0.3638707984633129,0.33724146150320805,-1.4076448113550488,0
75451,40.15,1.3255002197212566,0.2068825297567905,1.1985736708662522,-0.00641121737184105,-0.11772948986164354,0.04497972732860987,0
102412,129.58,1.6127802326970393,0.21486470946386504,0.3220472043256931,0.8641571122840536,-0.0648016984815227,0.0701972286062904,0
165100,17.21,-0.22836079265763917,0.4265392900265429,0.030378676412958838,-0.2986001595433956,0.5176841938880326,1.9546952837172464,0
154458,255.21,0.2940820387932141,-1.487154235709771,-1.1391821242637497,0.7726229859680331,-0.09327458381690193,1.036189345096718,0
54319,58.7,0.45514638094951854,0.8620575905465448,-0.36139164056791484,0.7267824785601718,2.054567306579431,-1.354297161408027,0
55147,99.38,0.39329513816648076,-1.6854923928685774,-1.1400826010234435,-0.011168617279531112,-0.8291301835303785,-1.7139554370954935,0
66707,33.36,0.9496414986165338,0.21630541124831631,0.5608432859764206,0.17676369997220687,-1.7556466124438888,-1.5420092560496208,0
90101,37.58,-0.3300068686248863,0.40317016663438976,0.15769421996281013,-2.030782998124891,0.4419054540358364,-1.4038574373841508,0
100158,15.2,1.0219631550600035,-0.4211027721618318,-0.23379136759971708,-1.3863790722157838,1.0551278163698248,1.229381793803145,0
76090,28.16,-0.12839826591760886,-0.66316237580929,-1.2715440721267672,1.0889105126652388,-1.3780473227538503,-0.7728534246011092,0
55176,11.04,0.697238046390313,-0.01568796675693795,-1.4375457814444081,-2.216877677335556,0.0649055155927859,-1.4623316091448004,0
123130,20.97,1.295148544195343,-0.2468578925108528,0.9138897415259529,0.7744747949256725,-0.06796238616481728,1.677481077398,0
167516,145.76,-0.05195477090077795,0.6209333956139913,1.519378182951953,-0.37658887481751024,0.3052090420845176,-0.29020337708051785,0
113550,20.88,0.8255570748695653,-0.08259032541651207,-0.17821901256785602,-0.725623418637142,-0.3586146001587534,0.3972860227247472,0
27082,24.3,0.40684763513978306,1.4767436707882908,1.3049402040080331,-1.3024560839920498,-0.6478619369939568,-0.13754246746483606,0
146323,6.48,0.3884246136775064,-0.6749378569134983,-0.9370446851917625,0.5391120652520308,-0.07964471450871508,1.0341946707976646,0
94881,172.93,1.5428881055391184,-1.1493045773901618,-0.09514981659883062,-1.700064946917969,0.9001002002420223,-0.0992753876037895,0
110138,34.2,1.2322042374139113,0.06404884501770187,-0.083910898784003,2.2493267919788082,-1.5059339950067847,-1.6820979415155026,0
147839,34.46,1.3493239278107392,0.536824683955676,-1.6209600494536405,-1.2581467281819911,-0.1547756739367732,0.2637119616620167,0
33660,79.93,-0.48021443413239945,-0.9740601569182217,-1.0749895671304055,0.572490880452137,-0.14547159954371824,-1.9126108431884679,0
90327,31.58,0.33086702840635124,-0.6838602033464366,1.112268293035107,-0.9768241258753142,0.7067096017860371,2.0217874907996496,0
78587,115.91,0.6190831693880101,-0.42098586801317606,-0.6101497455801451,0.35969210431704673,-0.38366594031406126,1.7862903238866437,0
160761,136.51,-0.5532410018397994,1.5976749967049828,-1.0949806181122828,0.09505522373370942,-0.6148146733211092,0.2383988326530969,0
95040,17.96,0.1884535964292827,-2.783716223798099,-1.183617663196396,-0.24594978454560504,-0.7696169002835214,1.4598888318782703,0
75629,43.74,-0.09514812307732015,0.19199378862226754,-0.3240721838017818,-0.15624777267764606,0.5131552762184968,-1.438304540665104,0
126498,176.15,-0.5430219463857897,1.1875918180180127,-0.2517790741426178,-0.514091339179963,-0.537775499001422,-0.6153936285702839,0
54330,73.55,1.6712624603036346,-0.44928534793580827,-1.4005223910307123,-0.21177712926787717,-1.0333002418218002,1.040575535318237,0
92910,50.0,-0.32763343730996075,1.6941757581910564,-0.26048853281335294,0.7212190478619405,-0.356756485766788,-0.6377319631499931,0
141994,15.02,0.6533683837958855,1.4554094821720291,2.3453045634718284,0.6253262632955047,0.1866997243466913,0.41014195668516573,0
30746,11.87,0.13885603243088018,0.8258526698277096,-0.15717849993016805,-0.3083143692098472,0.5546910484898788,-1.1035989591859043,0
169631,59.89,0.6779699708965284,-0.5635531812487009,1.9688588512048761,-1.1247276394199412,-1.9664630623052528,2.7575347924161004,0
42998,79.21,-1.431114142771255,0.5012490868072027,-1.1810050084309451,0.17050327816584582,-0.35583493534946287,0.7033777899369346,0
47837,12.65,1.4846418618765076,1.8908404200391653,1.0742732974201217,1.7850297916134417,0.4056895270580885,-1.2092710414969605,0
34701,12.71,-0.04504411801092395,-0.11040116390158848,1.8458013203719315,-1.2347947512185196,-0.5527700132266294,0.7030493046860262,0
33807,177.93,-0.8228495162309044,-1.2067104896381962,-1.691602438149808,0.2564312187144986,-2.3476341871044752,1.2581685554338584,1
112561,90.69,0.9140771642240336,-2.1626790105145295,-1.521442092065485,-0.9561680602506695,1.6884071842444588,0.5562708586338915,0
97532,4.03,-1.5515374209681267,-0.9961892455959969,0.5546322006406813,0.7563112906894081,0.08196920466383607,0.8820952418737327,0
32955,25.89,-0.45325952594704233,1.0166432073158822,0.38552712684177964,-1.5662653670957396,0.4696844810908235,2.1075569999301726,0
130722,623.54,-1.2255347222149022,1.576849825589217,0.5195028141934261,1.1396287546157615,-1.3458312958641396,0.2120268120864632,0
102468,20.13,1.568518985472554,-1.9793296949964019,-0.002685725863242228,0.1209954343635004,0.348079883698492,0.24841206355448156,0
141560,29.26,0.0812914250424811,-0.7892465948861971,0.4782239401626234,1.6505209030879733,-1.122661566999814,0.8841774613893058,0
103145,214.61,-0.49154441380690456,1.804410826698425,-0.18331684202330392,-1.0793725126406546,1.285028827347658,0.8683368942873888,0
64429,33.55,-0.9465645185278149,-0.5190257189181485,1.725518556754471,-1.485295181782108,-0.11330890361580295,0.41429276673658055,0
89037,31.22,0.16325562629216542,-0.5539346838422423,-0.26222813723383215,1.4030334275268657,-0.5028308938186279,-0.7472891242797818,0
73972,3.6,-0.24989373581204613,-1.2732554518068595,-1.1385807337343827,0.8204381441635414,0.7413738924773331,-0.2641528737251507,0
5075,38.91,-1.361675030463631,-0.550451872689212,0.6727269777566897,1.3335668221983452,-0.19435784667577463,0.10643383528411943,0
141521,7.24,0.5245846830476146,-1.2873785931353454,-0.7216221912293651,0.13895057305509406,-0.3863476271605023,1.04981119137842,0
126678,13.63,-0.25155190018413637,0.12555852247357793,-0.5218834137050445,1.0925008042559785,0.0973078174433081,-0.09335437128604555,0
4358,92.64,1.4056475975079636,1.4729835776298295,-1.9095827671969017,0.2847355570693363,0.5123250542051669,0.03633894027753327,0
124454,96.52,0.9067872729323987,0.39017219288008514,-1.5452291149986712,0.09871505232100361,1.239479443746453,1.3879932027100965,0
71315,12.8,0.4006416383398367,-0.8709232698700103,0.08208689962743151,0.9800916201979563,0.2936811899596176,-0.4953271450433396,0
29956,433.54,0.9606132325034853,1.1574219459938258,-0.09477067200513166,0.9430970369215944,-0.31213041252544454,-0.3244348575252138,0
83820,102.0,0.33607541250534645,0.17952330153746154,0.003063637440674221,1.3686769933567864,1.2759279527788632,0.6204174836245168,0
63353,21.03,1.5051959988790395,-0.09716710637250317,1.3386779742330543,1.1436718419804708,-2.9173628613030647,-2.2662776889761616,0
67904,7.99,0.7573042237747472,0.1484636815468889,1.3843117530307858,0.8116833947552199,1.5583607791381355,0.5608497527843965,0
126394,56.62,0.42896794854851705,-1.3443460048305518,-1.1354441943371232,-1.1981807529612727,-1.2208875198140117,1.6413124465812796,0
90517,23.79,0.291732725378309,0.9595080570233295,-0.38711727357980447,-0.31048356431258967,-2.6567739951139977,-1.4269238035023182,0
13409,43.98,0.6422782566710317,-0.8771339384474245,0.7460195947358699,-0.3165210140036845,1.3874983320028031,1.097793351904618,0
141330,11.64,-0.4384273672152734,-2.875773427628275,1.0008030433825523,-0.7553408197272258,0.16704655337656374,0.5085045121653451,0
123257,8.08,0.7172635437832151,0.01775254617328601,-0.6820218148640513,0.7507417926638422,0.23700320198874944,0.9483928129882035,0
2282,13.83,-0.3827784017095585,-0.10965484911745936,0.12155008278515436,0.80954575950078,0.012985414859594728,0.5962961069415348,0
126267,20.33,1.029604361419693,0.5040938319439419,0.06410256495022532,-1.3272102744065042,-2.321403263050222,-0.7331168861804794,0
166619,45.26,1.6639862798080995,-2.1936479262588735,-0.1699791862109306,-0.2571006178105865,-1.2824507396686233,-0.12224393158849264,0
85947,49.19,-1.1087648954049951,2.3403002158569794,-0.7286591410337823,-1.1486742523377627,0.2979661384893192,-0.45376535028420467,0
71907,84.14,-0.30152629576934714,0.12486761019547897,0.09843762392458368,0.7262639375953454,-0.7767855324165115,-0.4526603486174537,0
137686,66.36,0.215031942943456,1.3173513046520113,0.5741642083638515,-0.2390807056213034,-3.0805987271739275,-0.9729362321020011,0
93526,15.63,-0.6167301099564017,0.8215641246246144,0.5390941042551023,0.04744853063620506,0.11329442729253622,-0.31710603616642263,0
164055,26.44,0.9078523849098702,-1.2353339793034797,-0.5421157866828823,0.16417582279747392,-0.3150390874327181,-1.0976103535087083,0
89906,44.99,0.7787743079777822,0.63695253999487,-0.4136007143252674,-0.7091912725137224,0.21017955735585955,0.7418382515930123,0
26105,6.48,-0.3860025756494393,0.7842847532637518,-1.7808816400803014,-1.1628170026609979,-2.111440297122246,-0.5295275414536538,0
170201,17.83,-1.0325332762094106,-0.6912124377911172,0.018073473423663822,1.244789386099596,-0.7850342767125214,-0.7906351034457483,0
137244,71.58,-1.12728552370693,-0.21968704502383987,0.25938433344280215,2.195973052895957,1.3035636343644337,-0.760439738474185,0
126468,4.11,-0.7064755007657966,1.3910424750559454,-1.7313068096727535,-1.2212870056654783,2.317594009771692,-1.2900780921097774,0
44813,16.9,0.9752005416847661,1.4503402587590621,1.746077518294195,-1.672670384724001,0.14409288329451225,0.431911881640134,0
159033,17.02,-0.12666402734766338,-0.7736398449381301,1.2922937468847076,-1.048646146094058,-0.5592824784492236,0.5554228527429601,0
124165,71.25,-0.301579807791105,-1.2638715607337165,1.7308151930447429,-1.6095021238917289,-2.1528509018422097,-0.677362422704849,0
104537,80.44,0.02235055496636566,-0.7531889127884663,-0.7201629036798193,0.4409188278083594,-0.19018979839933114,1.1423854411467251,0
125555,65.66,-1.1363751667038573,-0.617796273481028,0.6844930246968961,0.49400166730301776,0.6846826876063495,-0.307197237673143,0
7016,19.09,-1.1534825308886436,0.09808045027979402,-0.040244274692185604,-0.2108453427258072,-0.7549731358372088,0.5649704690037578,0
16023,21.09,2.1209935658451093,-0.34130451466005923,-0.01474771801684241,1.17093278612036,-0.5817707049953131,1.3803195745797507,0
13986,59.14,0.16648527257714707,0.03935575499419535,0.37276722427640213,-0.476909927597322,-1.0795327037799556,1.6081915062900234,0
93783,14.53,-1.4560464933464334,0.9613603598188132,0.7802224746014357,0.7902633183812532,0.6137659938071383,0.1446473844881631,0
26029,32.57,1.0270604268730175,1.2985413297690838,-0.26911080253030073,-0.5372890108923895,0.07019779152450324,0.3772088163731326,0
170851,16.68,0.9713442845414815,-1.1758109803391978,0.33635673747061456,-1.0508754496515214,-0.21396572322661914,-0.655514639147548,0
134345,33.86,-0.5638483318598599,0.435946323899337,-0.03358540476718952,0.6899137665548859,0.8058800890068776,0.25142178590159747,0
110904,16.18,0.3916980160104727,-0.17798620795134507,1.5012768835117287,0.1179975761440643,0.8298919000200898,0.4775761113970074,0
86900,131.17,0.06078537250130285,0.3901926106054028,0.27845878944741026,-1.367871776945431,1.1946599101248674,1.4526412766138854,0
158059,163.75,0.9219363780076167,-0.3300527352440008,0.802949926519495,-0.5651313717924064,-0.26929522586829435,0.8614158411012005,0
2763,18.18,-0.3834179419689318,-0.5605573450943682,0.059942889397168415,0.15777131125366864,0.06627506608256131,0.5724294463977242,0
154363,120.39,-0.36702261472164177,-0.18998142349707814,-0.2874302082262078,-0.21724932841809785,-0.48349487757102694,-0.6827956085012468,0
64946,27.73,-0.9544386262909633,0.16937746994270692,0.9680296071963479,-1.7073059417406735,-1.3293212819150324,-0.6673535881766914,0
100082,28.74,-1.1310686299349713,0.8205768116689474,-1.6598678502577902,-0.6167513441519322,0.8535519082398223,0.9325735203353419,0
137855,28.87,-1.4222345015068736,-0.29356683659088617,-0.4191337935889047,-1.1556415146228087,0.5589005237417732,1.5695147692919662,0
144467,57.38,-0.6611371121909724,2.2033098152577577,0.22958739697570169,-0.3425124079994532,0.067305304659352,-0.66119321738779,0
74567,27.77,-0.8348299105466731,1.3653287482758214,0.2230380248264751,1.0915675392244895,0.15399553017779374,-0.465384548933506,0
72258,2.93,0.3465270183130004,1.1181685483739747,0.405029604444193,0.6219522424789306,-0.8172036036627213,0.3447189475169205,0
40785,27.77,-0.21941232097207036,0.026341288747435226,1.4425781722524427,-2.1553626710579175,-0.5805314408463051,0.8545555429633496,0
169269,108.7,0.3812446551620988,-1.135012098186069,-0.33920476520988363,0.8564135060057914,0.35730767603544816,-1.8754552388064587,0
71425,69.78,0.49100394595775343,0.14411636277968193,-1.2389659448048371,0.6505926199637431,0.7024373171760636,-0.3948483695674869,0
28228,402.39,0.7796961821794943,-0.4821242843214694,1.901384665586316,0.856743175843872,-1.4227062437566944,-0.2052816228506305,0
51745,50.41,0.33078380653823597,0.05545333515769916,0.19462857791741106,-0.9121932712061199,2.092856924085462,2.103910958422228,0
117473,136.87,1.9725799044469323,1.853834157502221,0.8734248199473259,-0.06801748790578266,1.5421334540894287,-0.062423293033543346,0
69274,26.28,-2.0534865486558886,-0.48348390840381605,0.29625193188996507,0.1935948232809277,1.050117865821371,-1.4864476379004168,0
30908,177.64,1.1586670233413017,-1.0384993376142264,0.3949712816904657,-1.2391718831138179,-0.0644492788381574,-0.4346235762006521,0
68344,12.11,-1.4723540615107777,-1.6820672836977855,-1.5370679870688635,-0.03341092009792633,0.6197061801791115,0.11036463135977159,0
97406,384.66,0.7130258504329489,0.4629127794931132,-1.1382621349580988,-0.3558291274035128,-1.2853013195749685,-1.2082117898992677,0
140641,88.58,0.9955266916741141,1.4300303889213692,-1.0712182230107092,-0.7834903416750496,-1.9983157464875707,0.336074202496957,0
144579,11.25,0.7985013379072202,0.16502526243871166,-0.21438893197677833,-0.2923171457690879,-0.6600757331006435,-0.0647733320610725,0
105982,106.77,0.3689172029082467,0.05573977332636784,-0.09217408005330353,0.19415959569499655,1.537646033690498,1.2436175678377877,0
111488,76.76,-0.06477225979787651,-2.038446524882173,1.717580205044318,0.09942845822903407,0.33623308640038635,1.7755880330139702,0
21636,21.04,-0.3054994630536529,-0.03265590374030994,0.28332359253566647,0.01225543063154155,-1.054985646936872,1.6244871869349258,0
162491,77.07,-0.18859482914748824,0.9219366012853558,0.176212705638623,-1.0743279728617372,0.2561672168613118,-0.3601762558429076,0
86231,11.7,0.32864402580480856,0.32638100784556046,-0.6663172165446257,0.9094591724975633,0.7304988302637498,-1.1522724479001774,0
149213,53.17,-1.6171718900455445,0.6099091226546439,-1.0011375578851496,0.006536847735195777,-1.0753294047195996,1.173442915342614,0
131234,266.32,-0.7931346636139368,2.010903035413434,1.2604293992232585,-0.3754726122024387,0.6324000449549774,0.15515197528065527,0
45893,28.74,-1.251356182239287,0.4731965832252261,-1.910978378545258,1.3142818430295244,0.03700668026731429,-0.1489354307216377,0
162627,30.31,-1.55102618198332,0.31977804112682007,0.90371836104992,1.3049724408497614,0.8294875898567414,0.3149086420026717,0
85679,22.94,0.4218272861608771,-0.9053361675148525,-0.2978741232861638,-1.230796606256427,-0.3097691784162778,0.4124529289106525,0
8702,46.18,-1.4000712344017388,0.911750123972265,0.8287404536855749,0.9779650129999213,-0.34078827620402746,1.6356295007752812,0
89464,76.84,0.7637997723632599,-0.06695889031524577,0.04380455660721462,-1.6155886984680774,-0.31820245782744283,-0.09345985574185207,0
113892,35.65,2.5032378050694883,2.1272974137495684,0.5267642170046775,0.023792845819362987,0.8734867873914347,0.6378348827616631,0
142228,98.97,-0.06660102702197371,2.448812305740227,1.2462627809986806,0.0823704506538375,-1.5740329630187886,-0.3386227760789625,0
87438,147.38,-0.35312018000244655,1.1629808803918416,0.6258386575357097,0.5621406229707828,-0.6885163614520564,-1.3205827873200229,0
115359,31.35,1.4043162819949524,0.8601507958725464,1.1721263095893824,-0.4039010833862068,-0.9983709436379924,0.3399544527425375,0
171890,46.43,2.190417001188423,0.7255901754823215,0.2742150351301673,0.6761882715783463,-0.8517995170386238,1.512375137495705,0
148338,8.74,1.2740635835161493,1.330451671562317,-0.18550352903619077,0.44866470504401545,-1.4143477401400193,0.200124063950963,0
125074,18.17,0.3162737802597137,0.5661773907701725,-0.7328131611036991,-0.43608021709521955,1.3610473636530522,-1.3374428653284094,0
121219,26.99,0.6460832412118543,0.03242660418700401,0.26298612410471556,0.1663048282521741,0.3899774101393967,-1.051284356794708,0
111086,11.25,-1.0136058423544687,1.0553655467507066,-1.968682138083387,1.2372625851632273,-0.13662660272656119,0.9188547498430165,0
81537,53.27,0.44769626639501187,0.35339379745895677,1.4746939853456824,-1.1969379266681042,-0.03586165333830044,-1.426196021775116,0
130330,43.78,0.03755307666056291,-0.7216964540154426,-0.9448805011240154,-1.1758597705872447,0.6224273795277628,0.008049247972827342,0
139544,116.47,-1.4363524570391606,-0.9680497955496961,-0.35641653402274304,0.9923547312467885,0.03712491795803734,-1.3653740149962525,0
168171,36.21,-0.20103877186663505,-0.3416184667703161,0.3527496086255131,1.0745586084459862,-0.15843691540299218,-0.8116722634017269,0
161206,14.8,0.1560907384568524,-0.32542127137283106,-1.2249740070298083,-1.0193614869856649,0.025606155127994117,-1.4798629821721458,0
78610,39.12,-0.5029096500380191,0.08202992938811553,-1.0924035280447957,1.420999164216819,1.2141436360610967,0.18216541635919214,0
163730,34.1,0.9341414422336946,0.7370706706176718,-0.4307304649660178,0.05495189362815036,1.322458641608277,-0.8883140417628659,0
4648,33.18,1.4554013377261916,-0.9084643375227769,-0.05229713757100654,-0.3507271285678659,-0.3542363129064926,-1.4071601722740106,0
55123,19.05,0.7798286407550497,0.09390648166044979,0.269235132886258,-1.1770203880226942,-0.2283128647192489,-1.0889172687729187,0
48868,23.25,-1.1719339292231947,-1.537503218234725,-0.5749088287057034,-0.1563754773549615,0.35382007460241144,-1.298432941562135,0
35063,22.35,2.426178003841775,1.1092079825867307,-1.0912035784152248,-0.050794035227891964,-0.8209015268560932,-0.1539272783239065,0
167581,41.24,1.3906435959499572,-0.2536404538925019,0.40388809474061865,0.6403371109296716,0.8201972453763019,-2.7047045204249254,0
16859,22.5,-0.30466783375565604,-0.9474228950184589,-1.5613429830998886,-0.5754934350928114,-1.2142368595979316,1.2416625418173428,0
82986,30.54,1.5375513190343435,-2.0239316109829444,-0.9688241140349944,1.5405666113413128,1.3757403868761662,2.2284728942025787,0
35222,42.58,-0.15974849799158664,-0.6045138605597951,0.48923977541235625,-0.15058833940863453,-0.8433263532259674,0.4399152112491272,0
91751,24.4,-1.6837325676140487,0.6689644817181823,-1.2830854363764426,1.5134449753891508,0.4421599888517731,-0.53526270451034,0
53682,138.22,-1.9545930044832756,2.220321858004882,0.6952675002522368,0.7777947517214098,2.010940884560054,0.5383016924465778,0
141178,16.72,-0.12719938398244293,-0.2407025718473096,1.4170770333431444,-0.8726919359140094,0.42881588760178246,1.3905701575757772,0
93574,24.46,0.17118714374566293,0.8557353208608411,0.9667049813966009,0.47371080490757145,-1.9396468151979664,-1.528938905350083,0
140507,104.21,-0.19805976321890642,-0.4894669953419908,0.38192167000300953,0.8926644189355497,-0.002970312322155687,-0.5214465283925217,0
55571,8.91,0.4003682894625609,0.6209975658727354,-0.940332187509568,1.7108486562463705,-0.11382262748942387,-0.7038260165325425,0
165159,18.88,-1.2463934985391623,-1.0640459272455725,0.09898648704025091,-0.5783633869874201,0.9533103097660115,-1.2886685838167284,0
43919,55.83,-0.6368452142703895,0.34738984170855525,1.7606280346244925,0.5380847863116393,2.05420183359104,0.932683609622001,0
9715,47.82,0.6188603301446354,-0.9667345298767035,0.7456358328028029,0.3692484433509569,0.7158824596360679,0.5282544466566584,0
157729,44.3,-0.24691832748945464,0.5553796561497687,-0.3197402142675043,-1.5458036763256162,2.862077893122814,-0.3977998534072483,0
46514,41.44,0.3927683630511244,0.3236324725129776,0.09011042923108632,0.4941762894237535,-0.11833901627440958,-0.27089983835511766,0
114397,29.72,0.42262861719256595,1.4781839356390019,0.4752499290058339,-0.6523979190095824,0.1147348742649906,0.1429332830289056,0
3453,48.74,1.1120468421032064,0.08669457148553406,-1.2003204521973168,-1.0423102326872493,-0.5738805396610188,-1.2549704688713978,0
143022,14.62,-1.4839790594674176,-0.942963372449764,0.7657805394802747,2.018565712382927,-0.28141307792445,1.6431862702990703,0
93501,31.17,0.6586319527905097,-0.18166092718580473,0.07123139745901451,-0.020701003116861988,0.22622954761551647,0.8724057467581466,0
170102,165.59,-0.33551583203306606,-1.1154200035302062,-1.1815307533301556,0.06953332989622589,0.43371616987636363,0.5218174220190447,0
154091,61.77,1.5184220306521798,-1.4084314903683608,0.03360170735355592,0.42540862941858476,0.43747898928112494,0.7266208223411242,0
106022,41.7,-0.9913343922342502,0.7068962909185121,-0.2620352218414382,-0.08740170969117815,-0.3592987245190305,-0.6167633789232494,0
145639,56.7,-0.09734596889273275,-1.243673114188842,-1.292429162600113,-0.5666656054089627,0.4063431191792189,0.27804697228430375,0
10350,81.99,0.5849534930864443,-1.2673369659665712,1.1561146166453071,-0.29603568924435214,1.1377974715820798,0.13764164045635982,0
141365,43.95,0.3362629511858955,-1.4428885740576936,0.2553543421120036,-0.06303242403529276,-1.3688400928708147,0.7753398523081075,0
116021,12.37,0.12999822580159529,1.6860069497704442,0.5746929937075994,0.44194438380837825,0.47455476235796257,2.0687794329743716,0
92263,20.32,0.30515083587497266,-0.8095668020895723,0.7984613389778825,0.6764281053209221,0.9575114883231653,-0.5333659177493143,0
42913,15.82,-0.2622335693828559,1.0678566772943998,1.8926537083371138,0.3308528782627462,-0.7293777392368457,-1.2467358694633452,0
103065,38.08,1.366214785205788,0.9668834167557434,0.6594585244393549,-0.6372118248590148,-0.7819920716278592,-1.302576313576046,0
92067,49.26,0.7727283779193933,-0.11151889650579287,0.6744048010569486,-0.49327172113008283,-1.3153569424762155,-0.7889631301337289,0
7421,10.79,0.305085404706753,0.7541879610324033,1.8384368995283291,1.7899364863062825,-1.2172595369097443,0.5098384367134517,0
9168,42.09,1.089272246931099,-1.7072259945705526,0.9002056534504943,-1.4832689904484448,-0.5141271781459458,1.9336282260426463,0
53947,76.66,0.0722883471248695,0.14050890428560542,-0.28900121860121725,-0.5677482161141986,0.12177912746053823,0.6294982240808755,0
168502,127.88,0.7331793174225577,1.0048216917579127,0.4732152090075886,-1.206795886422005,0.0816370377195467,0.11403388844441066,0
113943,27.11,1.322926160335532,0.9130708059288597,-1.18096361784702,0.17720107396906296,-1.8862155652178947,0.7861152043053156,0
80201,81.86,-0.16090493827659874,0.2563609837384655,-0.512104898348565,-1.4267950328241767,2.132644026343636,-0.8808195799722746,0
62539,35.72,0.27403884064930323,0.7164302036574001,-0.553646484550792,-0.06913356488805313,0.5749566828332526,-0.533165987293903,0
116243,6.88,-0.05275510800076566,0.5508128351835049,-1.497858674779467,-0.8653223260478031,-0.8107383280214768,-0.243893539629392,0
44816,20.56,0.5881379513426596,-1.9841280667576089,-0.28302160553892824,-0.5251447220182178,-0.7399678398989107,-2.635443085703137,0
53117,29.18,-1.4208939852234432,0.2710342528612446,1.2630280698169032,-1.7963163648254954,-0.2220470137311213,-1.6405108628706548,0
140734,18.04,0.28727251402742693,-0.9117822876686418,-0.7246742116823047,1.997844773627145,0.02052066957494267,-0.13382828319967827,0
63278,2.99,-0.8507827486281534,-0.7203883588004716,-0.10548536715777655,0.3362808307573559,-0.7138102772901164,-1.450934342684909,0
19623,5.36,0.7831556560131748,0.03889451623624384,0.8488367959795216,-0.6163219891088609,-0.280974484600719,-0.9049836866228643,0
79273,46.93,-0.20731609600824458,0.7435106703345966,-0.22350706029651027,0.696223682562848,-1.9517072963854334,0.6031658090206458,0
40197,103.55,-0.05589646661359551,-0.32805645067676004,-0.31249487814126115,0.8291267716215981,-0.3618122932559792,1.20681858130932,0
61629,15.02,1.1377767806686623,0.7956870201223867,-0.22909010338315364,0.972052012923891,0.10113178536150971,0.2339680303023632,0
103864,29.05,-0.38758089125557005,0.5043190155645603,-0.14165919770220706,0.16866776001929132,-0.32148601236770674,-1.0288362015484511,0
68385,162.17,-1.3115491378986817,0.33952878740421627,0.46042226798438896,-0.04122074336811748,-0.5323181414623667,-0.04097583810799503,0
52953,5.51,-0.3206244763068115,0.7645995976355802,-1.0664334750651765,-0.3808517712764529,-0.6412338078570549,-0.0009418654939958937,0
97088,27.53,0.3132416936936163,1.7894387110773733,-1.264647272286512,0.11489721348215849,-0.10776900265862226,0.16705866877730188,0
151956,18.07,-1.537026001127929,-0.7223001879535923,1.459329651601532,2.1417918242155274,-0.2888617561697844,-0.31859616981789307,0
137965,177.04,1.9740786877450238,0.5667603811176578,-0.2705367371612667,0.04149608622286022,0.5217918749091581,1.1888428682058862,0
60566,19.46,-1.3290076372234483,0.7903490086922889,0.7715225308761193,-0.4586323973017281,-0.3379053263622292,1.5478560687920102,0
40142,1.58,-0.6809088291356947,0.8569052705051,0.3145527958573842,-0.306985241924994,-0.2930006033312716,-0.2205555959641318,0
66690,108.5,-0.3231676657024847,0.4795105629413033,0.943768784799322,-0.7770102302049039,-2.239747187687283,0.21285226716268413,0
147820,48.41,-1.3496496702201406,-0.07063397965197407,1.520277988882833,0.4284546815603274,-0.7386450247579466,1.646502985014507,0
161081,37.42,0.9780029759984087,-0.1971079879373953,-0.11908584242731844,-0.7618535440104255,-1.2535631921902755,-1.2884143150452518,0
150262,35.82,-0.05678859588627712,-0.5219555654758967,1.6056901078208434,1.4314530207878553,0.33243691115494084,0.917165663986085,0
135506,67.19,0.2744683356365649,-0.06552911548895132,2.0252842086214446,-0.9763517510582618,-2.87271221644645,2.188409470480316,0
130858,50.82,0.42876125888076383,0.9092873966936939,0.5251129428858157,1.2955075821174589,2.17920511190877,-0.01722618277634406,0
152876,12.27,-0.2459953383557008,-0.3564769686295441,0.03522530634781082,0.6004330767310017,0.28540689075321696,-1.6159727887442987,0
1177,74.29,0.49576557301551033,-0.8841091410299213,1.7135297293402796,0.6236932101761915,-1.8923568245062732,-1.3238096372662078,0
166267,92.16,-1.1047746736415167,-1.1071832698817605,-0.23313593254505174,1.3567996854914792,-1.2198146791693427,0.0589007933198389,0
104433,36.83,0.1980569258851502,0.2852819511674943,-0.24109744898789084,0.5378871095905987,-1.2007149784734212,-1.153040110345398,0
168011,65.3,0.638543317267599,-0.8859349254651107,-1.1705149301289088,-1.779823175323434,0.06134876533123672,0.4731928460882289,0
136330,93.85,1.1535028497815438,1.5583840118807817,0.5727253193298222,0.03242611782242977,0.04402273274568029,-0.23476092886565955,0
104101,18.61,-1.3845180194249966,0.5765611205089946,-0.5046045954849743,-0.20081723454165015,0.15774739668577187,0.5239133210551075,0
59191,10.83,-0.38738174501471484,1.3635459466396125,-0.3806974256166236,-1.4629282073910133,-0.6495720878066154,-0.08799424784569565,0
159009,18.29,-0.7056123113143231,-0.0885248971031174,-1.7213713248152243,1.4836582083042957,-1.6059105278211132,0.37913505141418025,1
26806,79.53,-0.5276537761783373,0.19564052831231576,-1.3093939454332773,0.44885083134150466,1.0930998828254233,-1.0520081577890477,0
156951,32.06,-0.2694937557039864,-0.16713608416283599,0.7038073822515748,-0.7871465955299036,-0.006837197764784593,2.731659000440644,0
122537,52.12,1.411356861745625,0.16633886595065583,0.9710883383822022,-0.9614444439743789,0.6436389519072028,-0.13920816432590252,0
63888,32.85,0.10311792571720485,-1.8794669639461663,-0.7746013478853117,-0.3773461830799317,-3.4275751017552896,0.5405807704929594,0
28933,98.91,-0.7766940529721439,-0.5724750238115909,0.5059343058207516,0.05687195028576429,-0.8363020786520318,0.04825625697431936,0
49922,78.1,-0.45121882694387655,0.27194059094054035,1.2195329359482587,-0.4197697123668127,-0.3496791047863926,-0.5178304056668142,0
130351,35.64,0.28092849694782634,0.3226706307420114,1.6484126076944867,0.5265031181081061,1.0684961737811112,-0.6909928128398913,0
93264,80.94,0.6322163140318503,1.1794244681404278,0.2672106551450557,0.9743993553013208,0.8331713704209083,-0.30989072676033885,0
28141,14.61,0.40073725369161306,1.8344313331400877,0.33814032535793165,0.6176208143407019,-0.5461830127271224,1.8499715943009574,0
148087,72.7,0.27361458116570514,0.19807861703159935,-1.5234705093035474,-0.11382781446239938,0.8378567782763992,0.06459336021737178,0
96111,78.0,-1.431188333235752,0.140293425700544,-0.7042945694842044,-0.6092993945063785,-2.354651287593866,0.2553948008594378,0
49976,4.03,1.567791509795664,-1.002109104633775,0.5866248826168217,-1.0077094777701874,0.13374242998123173,-0.24253906869816283,0
152614,89.75,-0.6295942318637977,-0.02220022343532477,1.7564932816753192,-0.8558938037311713,0.13655117171933262,0.7655864846038705,0
43585,45.03,-0.1332787152291555,1.7679286668395335,-0.9460645121255687,-0.6189081246215511,-0.24495358295933245,-0.6032231026286933,0
160400,43.51,-1.4931898122089313,-0.8397974073487009,0.34614694395240136,-2.5711368531054113,-0.6117020747295147,-0.7879509566025552,0
69724,26.03,-0.27583995989645654,0.2106354452150584,0.9880959835766874,-0.875781275052755,-0.09971271739580398,-0.8667453933444454,0
66914,66.9,-0.5927992331786469,-0.75411247979106,0.6711713590516084,0.29584505522381627,-0.2499853846935096,0.4548977432022152,0
48447,13.59,-0.3869294465999474,1.972524773046905,-1.336331889215445,-1.008267757866345,0.08795009527514762,-0.3940003130284832,0
44516,22.75,0.8606854213686301,-0.13242558494333675,-0.509438944220231,-0.418478534942753,0.9557251929512316,-1.1754437473511672,0
112492,3.05,1.2354317757568007,-1.0110371300457306,-0.6371947172595566,-1.5614322596483823,0.2361348139590144,0.6284261842726677,0
63909,133.21,-0.4281453309928047,0.48689481116196437,-0.464062530128656,-0.39993872710426737,-0.08463638723075591,-0.7707850460027027,0
154249,66.44,1.0864801228903818,-2.2993576962370614,0.13505570478369083,0.040321210739587866,0.8037743227471926,-0.483975877588959,0
123765,34.14,0.01670086726755042,-0.8635983927318178,0.6078803331197599,1.744996267727934,-0.23576473702535808,0.5454945170522761,0
40397,203.99,0.1540318416835874,-0.6361984412021287,-0.2361545678572265,0.41385919967778556,-0.6989454082348998,3.002652484911687,0
154366,58.57,-1.540481219746157,1.4932053965191012,-1.763111985100445,1.2791194264098735,-1.5236585616130933,1.160520816485191,1
90221,33.37,1.048794439671241,1.4222585085763269,-1.0168945142376011,-0.7054925320831504,-1.1241160901204668,1.6664625234854455,0
89489,15.42,-1.070668371416597,-0.4338475233525722,-1.1401971977561183,-1.0409018644728891,0.7655040837808318,-0.6546629736705405,0
84514,748.21,0.4459477771253033,0.2739357369313382,1.2708122296569129,-0.9609790608472337,-0.5141388557993929,0.5024409019031453,0
76918,258.32,1.6399566818286606,-0.6581134930916945,0.43185549346161606,-1.1234192627926047,1.0270958696840424,-0.5101669854062516,0
7967,87.54,1.6218737477850513,0.5356540513524742,-0.7998806655133466,0.11299176757799528,0.6750818408121937,1.0426485259371976,0
83613,30.7,-0.34590728066682785,-1.0188424693746518,-0.0760489076970426,-0.09222115812741334,0.7798853543320813,0.7309971727296609,0
119235,54.28,1.0525473107347487,-1.1714831299709862,0.0629450965419935,0.5935389863983155,-0.6932108275328333,-1.2729588829558474,0
7151,21.32,-0.25518717151428366,0.7403334225564788,-0.8934190858392855,0.013004763983309435,-2.388974074352737,1.04166512261565,0
68920,27.98,0.3736534056211483,-0.3869848388781598,0.005883777850373463,-0.1340514361970109,-0.05923175154200424,-0.09132498805646909,0
8016,13.08,-0.8037236608946853,-0.1720313621156695,-0.5726961510583128,-0.06140855086615696,1.4296110940944324,-1.4515896670588315,0
93330,10.67,1.1116314741410516,1.2175480219507155,-0.592743729411948,0.7508102388516071,0.9378722573730295,-1.235366616253304,0
157608,50.08,0.7254188271577661,0.19302213271794288,1.0128905740373726,-1.3697764892591158,0.9202587609701054,-0.41084517180512076,0
139752,115.54,2.1857306167225743,-1.3117366922451246,0.8954602236748322,0.7894987596500425,-0.30770162053393685,-1.82415816539896,0
73616,18.23,0.1294216768153004,-0.05608572627867428,0.32865949817231443,-0.8558361686065281,0.30337780870011033,0.048491805367348165,0
139487,113.21,0.8312111031997558,0.865271157294546,0.3956975066080047,-0.6074092476761354,-1.1549842001826665,1.7020117011466291,0
102023,72.45,0.24690606341661173,-1.3180920357955057,0.16061130215516814,1.1052982528748658,0.11280738792146285,-1.1071993740311197,0
6710,28.1,1.5783426774972855,-0.21761542271766712,2.0079560958623213,0.2216420929728839,0.2866938544291486,0.15052904607162124,0
172502,26.15,1.515413815348209,1.1632821327942087,0.10004862777774516,0.671850307175194,1.4736031101628766,0.17191790926597708,0
87960,45.66,-0.885668184006416,0.8998294961329573,0.6613399641422925,1.3073091189715773,-0.4390110142743279,1.980289033690717,0
55731,10.93,1.1864155905176088,0.8349894273785858,-0.6621885476766607,-1.3339215427176985,0.6108812830519882,0.9853107386625031,0
119654,14.06,0.22848217771819174,-0.39030414911169925,1.5537518857296357,-0.2810782435201214,1.4415557425112338,0.6089679022736126,0
4138,177.17,-1.3106457843043726,0.5273300794806717,-0.009056263622981188,0.9547830966950015,-0.8125845526991459,-0.7835650316162242,0
52733,23.79,0.13998209632135372,0.16151349923840733,-0.5446233893382973,-0.8324014767600587,1.113014443935635,1.148284563119945,0
167527,17.64,0.980004236133894,-1.3321257652766474,1.3253089972677385,0.5335199931423965,-0.4630509567317495,-0.7518176862880701,0
95457,26.97,1.1549975605416176,-0.148283137927403,1.6740194274372373,1.0447112417646005,0.4042119146002209,-0.2362107809786783,0
19198,16.2,-0.7513454696033703,-0.07229265971448583,-1.292966012403528,-1.6738979283487876,-1.799155824032461,0.2845978800141563,0
82566,14.15,-0.08701522331813741,1.5393565226006936,0.6511897695753841,0.2682932189565357,-0.6875032851377786,0.1281950817761247,0
43541,8.59,0.7735476151070181,-0.2925947499076102,-1.375320682059021,0.05649634141848441,-0.6014424611430855,-0.9417636358072595,0
56071,54.13,-0.30234956633175064,-1.4571726984209565,1.5930936181652504,0.6602178051358282,0.5445184501466294,0.25309919619957183,0
73445,17.09,0.14561699682689125,-0.9234292057213925,-0.410136261770982,-0.03156171263228887,-0.8826319163179022,-0.6150576654888591,0
86205,73.93,-0.8593992108172007,-0.6485216295046535,1.2053695557844908,-2.5343361918071157,1.0947228842396843,1.9072942576819765,0
106122,29.13,-0.7136288932044673,1.3354530617017426,-0.1321617523553239,-2.0006878797535244,0.5513691503202077,0.2204092150596172,0
77535,5.83,0.5721731310374635,-1.7993566812164734,0.06351326128045882,-0.7364279837652679,1.1744720012347074,0.7558583335773799,0
66897,20.54,0.2850347420993615,-0.11885248202077078,0.6918418040088565,-0.004723763452720521,0.06638185002570449,0.8492500865931712,0
53441,57.3,-0.5077167691497139,-1.4446412530684143,-0.019153090401341374,1.2431920191448558,-0.342027200248056,1.0583635039241885,0
3696,5.99,-0.01833806663370996,0.25159280726173744,0.794544798213313,0.8039481419725495,0.8959549177663008,0.6895511832274687,0
99608,97.06,-0.8065198324565613,2.342857008287408,0.11416908348812836,-0.5557204621493641,0.3514080659157796,-0.5180261795188524,0
73686,12.55,0.7065054635472527,-1.2077748224243965,-0.03425681910400801,0.23704122386302606,-0.5755536889079905,-1.0333232057501833,0
136554,299.47,-0.22467990162987012,-0.8857356006337547,-0.5536233141256425,1.2084360009714399,1.3454889562051204,-0.19685509039307414,0
132396,9.75,0.6297395144087381,1.3495463138337433,-0.1975286042912149,0.044948957020710126,2.382367358761519,-1.0172945976908025,0
168757,54.94,-1.1975323112651621,-0.3049812998483304,-1.2977140246150385,-0.019260756073364933,-0.3372789695314452,0.42266214347905606,0
41971,27.23,-0.5807410905564503,-0.12148710544041103,-2.5315831285012456,-0.20773574734915148,-1.4234923662063474,-0.5932088167641478,0
96443,59.46,0.8083595496657083,-0.6265002160433267,0.8802141396241769,0.17609548823084945,1.7343995268369568,0.518262409984949,0
42727,28.08,0.030140661315177376,0.9655735587931837,-0.10936906641045824,0.22926684109541284,0.1348892064273157,0.6461800485031812,0
142483,12.33,-0.47971889676613605,3.4289104780082136,-1.0907537158222465,0.31725858127898193,0.3679009793272648,0.07447497343108751,0
32954,107.6,-1.4473813334630898,-0.14522864583891965,0.15463995862634736,2.229043724523813,-1.3672498278427163,0.7383368600316264,0
113502,25.27,1.372278913446575,-1.232454390830226,0.07177782623769331,2.1567544886236876,-0.7975635293505443,0.9143461349525717,0
128563,41.4,0.25200376120192847,0.6362358284303241,-1.0674169858886888,-0.10816524653459693,0.012246940973342467,-2.1847980018276596,0
128557,8.92,-0.25177867392637926,-0.8003911042966898,-0.3615119724504693,0.4945046297524024,-0.5870609184042378,0.69588402210372,0
3890,109.64,0.08387250176093364,-0.43852450560498196,-0.37075098380764737,-1.0595884837020841,-0.3784015279620916,-0.48503207488165506,0
51663,6.32,1.4854773692725496,0.4438928390428866,-1.0264341106358852,0.6777665661808034,-1.0018147955623886,1.5580987853339394,0
20025,65.8,-2.207547565671355,-0.7102708983119079,-2.018260153329028,-0.35024333490786436,-0.19194715543278487,-0.07048732642763517,0
110627,10.45,0.6552336285137607,-0.17471103792997442,1.232918586677483,0.3601901843652216,-1.5109457673400708,0.13171682309422456,0
77834,45.54,-0.7880762539036712,-0.7447561567843887,-0.7802171481376415,1.183375805833059,0.18310139188287933,-0.27217964453772403,0
25289,96.39,1.4548261741466506,-0.9205832258364774,2.208348264339871,-0.09684566095178475,0.46002750110360247,0.06647298793083903,0
166536,21.14,-1.1283513375107777,0.5020018890665597,2.158019010857196,1.040853540063158,1.4183074699259375,-0.6241273474841808,0
20583,57.46,-0.1947896212832356,-1.1781278953500545,1.516744797533817,0.16023282755627707,-0.7412274174241421,0.1484158715382944,0
93848,201.78,-2.440704014775084,0.06614111514900174,-1.7548708515422513,-0.3908914202104039,-0.7096502051768208,-0.0074757047408683785,0
19063,80.81,-0.06541023359539401,-0.180653382045721,0.6935176642254062,0.5276965033001229,0.25333076010661776,1.785259808828847,0
33276,14.66,0.7611740390516385,1.89557477322856,0.5456106633808282,-0.8621387824536719,-0.5482024891490305,-0.9298255726647608,0
99986,74.74,-1.7011404742672418,2.0449387980310263,0.03650622238552014,-0.7637695011880145,-0.13928836222950225,1.9152644957176617,0
62623,3.95,-0.7341618661210141,1.0893798361546077,-0.5335453373840537,0.7271137633387429,0.18534310336691354,1.9754575271578758,0
171244,72.39,-0.5394297937784186,0.6642752042571255,0.4122539740346844,0.17797483418725424,-1.9734233691258802,0.25704898713049923,0
8792,15.12,-0.48915617518421617,2.1669592672469657,0.4245485997196691,-0.0806163648150821,0.024047769119065886,-0.23689915398742598,0
26616,4.19,-1.450163167036702,1.0397622896047818,-0.7991362008564648,-0.12698643427991477,1.089620398339243,0.8833758043734413,0
160237,77.57,0.6352455366039567,-0.39284389076720727,-0.10798346674527037,-0.828067193225987,1.6460188393686188,0.6630976323860995,0
133059,8.04,0.6538926102710242,1.140962932365408,-0.1456973997215546,-0.28730551355687634,1.4405053235501524,-0.7461897608208784,0
13050,17.58,-0.18080744508722618,-0.31556769253452216,0.5170276448247577,1.0439951913306855,0.22939194074997077,-0.8275710246003674,0
96462,20.81,0.8381772195994377,0.5231600334021624,0.08857812941673526,2.0261959771939675,0.4578330489222469,0.22545637737145813,0
68026,4.72,-0.9928687053786982,-0.4865812463547379,-0.9988152681895256,0.024923486154200765,-3.203345609204686,-1.3101679332433582,0
168035,7.23,0.809861984870875,-0.0060618257735948035,-0.11424391410212563,1.568146705571757,0.6161730983702236,-0.6565183267136122,0
78953,33.73,0.9256767577138694,0.5310851309759498,0.5690295372597589,-0.28261239000863825,0.7422752332070148,0.4068957572963002,0
104195,27.68,1.130526619537311,-0.8909854419534304,0.14116624938799208,-0.7246173885496873,0.10739635562395039,0.35082176702292,0
10526,55.6,-0.45699183382523145,-1.289382089103393,1.3690612998424652,0.7718030002741793,-1.4724128355850763,-1.369530489384829,0
129312,77.91,-0.6789803464631321,-1.454614748577161,-0.7253400408147569,-1.166713272731042,0.08891135796489937,-0.780913465760792,0
25351,12.05,1.9837041354787512,-0.6610218815427124,0.8741140818178601,0.3608284084017966,-1.3908705909042804,0.880730903111228,0
5901,60.35,-0.532836268779924,-0.34001979062345705,-0.5806352797527063,-0.5669879138426778,0.03662503215139047,0.5511419018528504,0
18322,33.79,-0.5102911595630633,-0.5401390394636103,0.9207545652572385,1.8433871640718587,2.150388392817886,-0.9704785435309563,0
131189,14.23,0.28203621046222055,-1.950900466789381,-1.102091955592559,0.40475085899636126,2.0248786093294457,-0.00043898865990927546,0
116891,51.02,-1.3608349783010791,0.09148000597756854,0.814322851407777,-1.5076808381562004,1.6800866493394657,1.8083008710890636,0
29300,25.53,0.9154029704849369,-1.9158690263084484,-1.2287267604455792,-1.2199308999902159,-1.0649940973212704,-0.3121020917208219,0
73770,15.89,-0.8476272124968842,-1.2630353535770662,-0.23154949394529548,-0.6038936511457048,0.07637558870256657,0.9214729285067887,0
39499,31.86,-1.0751030481167556,-0.01161011445504353,0.22658392902730803,0.12996187156911543,0.3305598930351649,-2.170916797722521,0
23061,13.56,0.40016960520049744,0.7463732418253723,-0.4948806581793196,0.5115256721178874,1.0371413599141255,-1.1282308449907394,0
131373,11.11,0.05651064846555637,0.05539691178333415,1.1647107852399101,1.9639992359884344,1.2526450073130468,-0.7565532540471878,0
138335,24.51,0.29919976608889587,1.376522659738668,0.08971056911931645,0.6907699895852868,2.0123285817551695,-0.0030704230247626924,0
22420,39.98,0.8109137726156964,-1.1239011249228845,-0.11597125276146397,-0.6905280258215071,1.093894597620588,-0.9494023626628587,0
118033,28.5,-0.49945119288521345,0.14701083361286355,-1.9327341425689386,0.4749198737938048,-1.3161199537199544,-1.1779662829643887,0
119863,115.88,0.040307699330247825,-0.7268893832047121,0.15143376016071822,-1.4638185841510416,-0.7532399901022582,-0.8396364621557652,0
70204,20.9,-0.6247725827776154,-0.9991869029616581,0.6534373706720666,-0.2489131174329344,1.1151678940260508,-0.6378255221768903,0
27128,228.92,0.6232358966388174,0.11784432614130065,-1.403499016998488,0.15683216653618998,0.7771887376728707,-0.17667828623503068,0
2384,10.65,-0.4697297964895977,-0.7343200023133737,-0.9418027323249555,0.7238796866005448,-0.2493565805562629,-0.2984957260114226,0
120674,23.4,-1.6711471647953489,-0.27111514836190936,0.8741698718964994,-1.214556642322691,1.113014661967468,-1.5266786027658155,0
52781,60.23,0.8153241668090142,-0.9370576764661336,-1.1491833674036658,-0.6462482379073551,-0.3247149947247542,-0.44819471881736234,0
116381,12.86,0.3772632593422264,1.0686422195900849,0.6232554234584727,0.3652903274589056,-1.3149457146428938,0.8464131611593031,0
13233,25.13,0.39464408335666606,0.729843035114983,2.6613186517578353,0.6404855636689628,-0.023871068746969946,-0.14593419520458695,0
54028,50.44,-0.16206210203682392,0.005085396128234085,-0.5948203104540761,0.23092676403965554,0.30094660485915925,0.9178733031451253,0
51934,28.21,0.6461296760241716,-0.36702241863162666,-1.609287086687434,1.6630313782118475,-0.4970646066281865,-1.5973253405227337,0
53268,55.88,-0.0762390173205976,0.6277023945519214,-0.029954646126529826,0.0858070999233881,1.6807856528642038,-1.610151165988709,0
44254,97.86,0.16068549812565303,1.5327838847681055,-1.3334321454495686,-1.0992812501411542,-0.544159518370992,0.2423142574513812,0
66262,7.33,-1.6188225719864404,-1.3882924314848524,2.422555574595944,-0.33003464625088946,-1.196871085509681,-1.3751591490453814,0
100494,3.6,-1.7599588821492502,0.5356402250166092,0.3279703904722328,0.6639103275668566,-0.2876143118749243,0.5000482414457211,0
133715,84.66,-1.527461356118704,0.23578706419803366,-0.06119574110790367,0.23555221128809037,-0.9132069012238125,2.2229552000609347,0
161779,67.93,-0.5918760663430924,0.8277752143719177,0.9973392257590772,0.22857208632752485,-0.7199064046807675,-0.7984181036011943,0
8312,50.04,-3.3258046308257123,1.4936178137781393,-3.5351459093827677,1.9446807935072599,1.0035479047088982,2.814446576912838,1
23321,22.58,-0.26836879913738076,0.08401019092435126,1.562668505230683,-1.3592890514201645,0.7904201697630219,-0.35817909678182586,0
121172,321.32,-0.28815026242251623,-1.2665388289449717,-0.39199362478771504,-0.488137724058426,1.2644762095470679,0.22141059728852408,0
12391,3.51,-0.22078914979205405,-1.9762160643903117,-0.007774944452975179,0.9941680463013193,-0.6111050820544977,0.2631372818131559,0
136643,13.49,0.5930540502830212,-1.7227224815653555,0.6208754159067472,-1.0899378998563545,-1.2363834595359044,-1.9999319052774602,0
12763,7.44,-0.82932037436137,-0.66843303064877,0.09256061717143475,1.6544919295549054,-0.1660561178166235,1.0438755748567496,0
49649,16.78,-1.015507438813321,0.05523043648111129,-0.07571440360775782,0.21285831522610402,-0.17696933434322135,-0.5651504523212486,0
123950,40.79,0.28191802075105005,0.4113602775697078,0.7443146423626893,-1.2644552589258438,-0.6265133315848681,1.6168947113489283,0
131994,16.8,0.04729874312872792,-1.82816492792714,-0.8561076526564303,-0.9367686006728946,-0.2335969356589826,1.4343532250718174,0
74965,2.75,-0.1439999777016611,-0.12412837481770417,0.07163127677616955,-0.1242884594829956,0.19050898228762644,-1.6516535641991223,0
31480,25.86,-0.1244566297144221,1.2403834346054217,0.708112140184589,-1.173699642777493,-0.5890308789061413,0.4904334172478775,0
45186,81.49,1.0745297902299311,-2.617113117431211,-0.6425321688062371,-0.1601024136920497,1.1228480950493616,-0.05660263936462753,0
77243,7.54,0.01742895295810179,0.029174426768095948,-0.9577833569029672,-0.2516405146847802,-0.6230104073769434,-0.6284649825014651,0
107096,13.68,2.445769569113684,-0.21556946135976882,1.7160759463985173,0.08389261934609128,0.08207327264957799,-0.7922234617203057,0
35946,718.28,0.058608917371792725,0.32683220948352026,0.34616582105478094,-1.172288152404672,0.3758203257384417,-0.4896345792469634,0
138440,51.78,-0.9683358632535589,0.06658882690292169,-0.06677081771074578,-0.07274859845178454,1.7318259267219165,-1.280149409940975,0
138262,7.89,-0.21053494035299194,0.7107740251751941,0.6176893882633404,-0.13473706324131265,1.5809464319541704,0.7258125890985261,0
35903,503.67,-2.3359306970550966,-1.9500779265243806,-1.0299320803117926,0.8155082241370877,0.5350715748258696,-1.0271145976084237,0
150679,4.36,-0.8195059075816321,-1.465744132560859,-2.622439452055568,1.3273367805385827,-2.548780288158047,-0.901034660451844,1
29984,21.57,-0.6626914834880354,0.54286372035822,-0.6880088148448377,1.3228182691504213,0.27906250868529264,1.0804483268291873,0
77984,4.68,0.4330639467413191,0.5737677611445846,0.1318177325967188,1.9509289970681247,0.028188283437192065,0.25501576596840186,0
112782,64.86,-0.48171705093552597,-0.7099191329520645,1.8418780020912402,0.09530903317565519,0.19522813294033114,-1.0644128526674308,0
39749,34.29,-0.8668845848834666,-0.8030845807190595,1.6271180521597577,-0.5493205302832531,0.9893114319002247,-0.49929067929880716,0
167316,60.07,-1.2628647537281779,0.6867754890476648,1.3602949929499102,0.404962197591166,-0.8337172785287311,-0.6569291947494694,0
71312,101.38,0.23787515634886738,0.28930463587376126,0.33689236469544814,0.9658992644935801,-0.3117533390343419,-0.12490960503918817,0
11536,66.21,-1.0263536223898961,-0.4055873567476789,-1.6840937293474054,-0.6174863110800096,-0.3774194616318355,0.4782133655155708,0
148930,14.85,0.18033869066388744,-1.0836658334280935,-0.008232364569510726,0.3562865483103014,-0.3557434547329391,1.254512745361989,0
104576,14.86,1.6235292108918062,0.3862260641045818,1.4043055051659386,0.4652382172144937,0.7314830211985989,-0.4918000113806116,0
125354,153.62,0.6568987063196474,-0.08541883283306648,-0.5249019628689985,1.3934952970475232,-0.1618227592863318,-2.5091852609728953,0
58608,128.1,-0.08187417719083905,-1.2174993262158662,0.4317057853214802,-0.6313994202708345,-0.30493955887535495,0.8722268801817192,0
78714,68.96,0.8514099367626543,1.554962727725765,0.44809821335102445,1.2871810467060911,-1.7227433246542718,-0.010919962050984229,0
148226,10.66,-0.9658267708959641,1.2672736463183818,-0.4293438504947142,1.0626274973879888,1.275119748297601,-0.7150477977968192,0
20618,8.73,2.2409265562057925,-0.7845669926025229,0.8392478453905953,-1.1220331706229165,0.001651717132436041,-0.7217160452723304,0
46922,20.2,0.1936700183481687,-1.3364024233582634,0.806774035712389,-0.40616226348356327,0.7384451661811908,0.3355054412351294,0
35046,35.72,1.3345061333378379,0.2245994767082595,0.9127268131198087,0.930085804791365,-0.6458880544340128,0.3798996569304171,0
3154,18.66,-0.5614568648763558,0.5418293936162867,-1.2120219901434053,1.3778808468074828,-0.2016680861124993,2.7184446742690067,1
24335,12.21,-0.8312878954818901,0.8762059916716602,0.2075282778634226,-1.298069751257129,-1.262842522164318,0.7110265465820134,0
91387,71.89,-0.08269774501839869,0.40113826126422947,-0.8039383767271636,-1.4093568568365213,-1.7049484227556417,-0.9759437437451787,0
64484,8.03,-0.23955585893709952,0.5018520493598908,2.561297776771106,-0.5256603172438536,1.0362281268530658,-0.16106808577359089,0
156075,44.3,1.3576196330501393,0.047672894622295944,1.1891727831050025,0.7837794503089633,1.4426567688517786,-0.6200614940199197,0
36035,23.64,1.0304387856367914,-0.083332200624347,1.2445489907630587,-0.08322157940302932,1.0679291018800763,0.8419066256011948,0
46099,12.14,-0.4596052987574804,1.0270044117876564,-0.2574305241108466,-0.6057754148985527,-0.11246328998415221,1.0061618987324858,0
66960,11.4,0.26264198787169046,-0.9656496396073002,-1.4002452287511766,-0.9802092620721439,-2.55053622892236,0.5001986209124233,0
63095,78.11,-0.1513974919414092,0.6292381802952409,0.5992628254007983,-0.3092842933129496,-0.8435228108598902,0.5342657703813887,0
131026,23.5,-0.4581369898417196,-0.4883077867114918,1.0557982384665718,0.9839061553329236,0.2819780015644652,-1.6920165580686355,0
167031,273.5,0.2582027347011369,0.6934958206046,2.022866118366792,1.2202997830050863,-2.0307962694660584,0.2548178757244813,0
91865,36.51,0.685619374218483,-0.2671915656552882,-0.41205226978492193,-1.274197480440803,0.647003972360589,-0.3756446210613079,0
91683,353.33,-1.3859266659702465,-0.8343763117547379,0.8752814266351764,0.3842374362713564,1.2031772432515964,0.783558079083946,0
36408,40.12,0.07758538948639096,1.1847438987066807,-1.3126082671526902,0.2826338562598923,-0.6113800209736948,-0.8167814782605534,0
106532,13.49,-0.4046958568633263,0.9386110786254933,0.053514274313560234,-1.7038313351662184,-0.3844915494916545,2.3237286636299346,0
45106,332.92,0.1464756116533182,0.8209085211691072,-1.2035668962288326,-1.4247459093461803,0.8683043154274397,-0.8830872550109937,0
153322,19.9,-0.12296894663436952,-0.21469454738683721,0.4400506606935736,-0.8050109913147171,-0.12511660997129617,1.3239236741615308,0
7813,140.04,-0.4992476144946552,0.9980841726036552,0.08303819981330346,0.7693867580375736,-0.7533763395775249,-0.955592103639267,0
93344,46.42,1.6785739643487574,-1.5179511318432517,-0.21150200685020693,0.743824460633133,-1.24142282750771,-1.2235292186497402,0
70305,17.62,0.3090544381042879,0.6770304698008064,0.6619395840707996,-1.1939711830259199,-0.03205826148594767,1.7259579717603675,0
160211,23.2,-0.30746090001514215,-0.12855103438512974,-2.8087245923576636,-3.0553179463195104,-2.3651432935054135,-1.1159351683896994,0
64772,15.83,0.42232479744987467,0.2862733367774424,-0.8523336784531098,1.4578705679514758,0.24467203434693838,-1.7084413658844426,0
46218,8.68,0.05650767442926739,-0.8456284879894043,-0.24708649670328767,0.6091429242105775,1.018455956545013,-2.0322766096512854,0
64286,42.55,-0.010556434880853316,-1.0280386590928636,-0.7942818471350348,-0.055023547918349014,-0.7496751119743646,0.2827669683819988,0
51047,15.02,0.4185145591570548,0.4300891561717522,2.3608821718129667,-1.1701870754423553,1.2133791325991092,0.31016128644227375,0
79148,12.49,0.2837880278380801,0.8583512330053901,-0.5809171771941184,0.05197172671550086,0.860363099303359,-1.508424703225168,0
23386,33.17,-1.4345808609043489,-0.9906975095362324,0.5764464926030052,-0.970350091392317,-0.923470574074319,0.6715745645136891,0
122049,13.48,-1.525185436662198,-0.2638282304006328,1.8724486608087239,0.46976268963410817,1.3174011696573185,1.4449064408682524,0
36914,15.88,0.6040974263555673,0.1345832848122468,0.20498914730890982,-0.9463112457248688,0.7431973449249332,1.1525532686594717,0
113000,52.31,-0.3306586623763318,0.2780795955735272,-0.7703135378908958,0.7065864452922617,-0.6844622012492365,0.7658357137480409,0
51356,15.16,-0.43651486326554356,-0.342994225602232,0.16872257734587723,0.16810146126159542,-0.24354225037065066,0.10754190416009651,0
98452,12.24,0.35641258353437605,0.08038503876365498,1.0045978671244824,-0.4605555731546149,0.4789272411691076,-1.003969506996826,0
84291,40.24,-0.33516697322638483,-0.9390531437019707,0.514640239981159,0.5096672754635975,-0.06268234294842537,0.39680628159123654,0
34051,16.98,-0.18643641582155404,0.07807771389598944,1.5511470813980186,-0.47639139613554427,-2.3855541430658236,0.4722395776438684,0
10728,21.01,-0.8612881023859011,1.3534350629077507,0.15916526032138825,-0.799071056833888,2.624626679162744,-0.7355932450563072,0
40631,552.61,-0.06084952000292773,-0.0461619439699719,0.9961047893171002,0.48693655739992736,0.12845911573981503,-2.691199756059211,0
78768,15.93,-0.044566899425482,1.486159237018532,-0.20861723663787313,-0.654027609344866,-0.3769935058228938,-1.8431257853817717,0
84080,86.83,-0.04020473453637896,0.4209727825314667,0.8348357375846623,0.9062158692056012,2.6618594440746413,-0.7425224425970892,0
38128,98.02,-1.4285992143718744,0.22996297738513993,-2.010513450232109,2.309611115856166,-2.5194064353816534,0.5204965919307681,1
9256,75.17,0.06820678260283634,-0.6298248042464099,0.19542991602651863,-0.4637576947995197,0.27145279427660823,2.047308950921435,0
19541,19.58,-0.32307574267702455,-0.6132538146500716,1.22638994392192,-1.605325281353718,1.6943254502691631,0.7611413126527503,0
85981,84.6,-0.9648933001863843,0.2559443770783465,-0.3794792560117442,1.6391321279295334,1.0828767945519953,-1.4386904148121904,0
113132,97.72,-1.2738373251342043,-0.9780742626635524,1.2124909440819793,-0.3157055522269598,0.43832542947664377,-0.12884448941784346,0
124206,87.87,1.983373599422574,-0.6970314693648616,-1.5735432233902318,-2.7414170608291726,0.15818350084720675,0.668478533794523,0
5520,12.22,-0.39280101688114194,1.7897907703084006,-1.0962955896862512,-1.5779330695682783,-0.42847008834661526,0.24520340004469413,0
21447,52.34,-0.6160712153363237,0.1072858660965787,1.9373842411793845,-1.2338365862541953,0.6254635400456616,1.355668658227289,0
110169,22.52,-0.19807363014936016,0.7540858050384984,0.46496164550609703,1.7631749293726693,0.9159352471487495,0.76136618951205,0
16964,30.65,0.9437155057560443,0.2594199912631591,-0.14282663859515055,1.509701819187646,0.19866625270397884,1.4840164904288837,0
164134,18.24,-0.37598357935186616,-0.22056253440898946,0.03701437749614225,1.1900045731143436,2.5107434705476726,1.6131575009588837,0
36593,39.88,-0.336544921209111,-0.532793213080447,0.667394438057835,0.7787397853595502,-0.0381131419300436,-0.14870890021863972,0
151151,45.81,-0.9001602278736629,0.7664559598497087,0.7843671357705463,0.01248070548593954,-1.4340458606531021,0.2932068710788303,0
21644,1128.96,2.031158713073231,0.5903622081149456,-0.2541258231901035,1.2655034894002992,-2.04382751632623,2.2149859005998684,0
144866,140.69,0.7917452740087223,-0.43921776482181274,-0.9956424072441601,0.4799328107989457,-0.5669991676770471,0.21443495432848378,0
7561,8.25,1.0579607138387925,-0.9277142922843684,1.0958734549768259,0.6595739574066574,0.4166211860707552,0.47723886185136805,0
59735,104.99,-0.9506906934152551,2.344053778832626,0.19477400562806724,0.25054462832336355,0.7711758053341299,1.6459985580186836,0
152999,2.4,-0.6391935337501581,-1.8162665001339957,0.5520083103157789,-0.5371064154133834,0.7306027791124243,-1.052986106374446,0
141028,159.77,-0.9985703864824396,-0.7299966715800764,-0.9543797233026288,-1.0023876446164846,0.6560749654854954,-1.6533174780814952,0
19975,83.39,0.52252076644239,1.1012195807277088,-0.11545731718918943,0.9946931513214714,0.24332069141922807,0.5838458300825154,0
133498,38.02,0.7903910765354696,-0.058422310519861353,-0.7780089123665535,-0.8228192655243886,0.14073572642696686,3.280299589689118,0
52224,257.19,2.585975175683896,1.8167932366623727,-0.4700451851548686,0.8431503725964913,2.5189502068882135,2.542033979715604,0
84416,18.33,-0.0178621548877335,0.7946412035736589,-1.8766903313378756,0.6884945499820935,0.744648949116316,1.0913075295376,0
124591,33.19,0.35303924841500095,0.9120236709883057,1.1727211798231125,-0.16122346584612657,-1.217792708795263,-1.529390756777434,0
33848,29.67,0.03080713499795014,0.6568058285094803,-1.6476935347695922,0.18088362456584986,-0.31676647561620186,-0.0970736769623405,0
144565,24.04,-0.421130234801084,0.8016051597263709,-0.2899988843469592,1.1160986657725531,0.7972624384188448,0.5123495670539698,0
118154,345.04,0.591668049693131,0.11423264450235611,0.40030609315481963,-0.06657344933036004,0.6662585402503062,0.15745093707917324,0
81029,134.56,-1.116064176071895,-1.0966250441473178,0.05797469661566357,-0.2356062433638822,-1.193627213107529,0.9847208482486919,0
55609,12.62,-0.9282658386559959,-0.48658566970065326,-0.4989787430558854,1.3409696134093454,-0.0004192039456929153,0.35297857475144384,0
57124,139.15,0.5463989516672716,-0.6141904181254927,-0.8369560396988299,1.1619176712128934,0.2849143968152833,0.17700564117512363,0
116506,46.66,1.2588862057428216,1.1090994654767188,-0.24318094807710125,-0.23799132730600636,2.366972660059023,1.3604183878015916,0
105616,38.88,0.06832212993981754,0.16968509085775127,0.5042572444841515,0.7692063474975481,1.098382329397317,0.9432203814756326,0
80219,72.39,0.6132655446611438,0.9087634781243586,-1.8206594931993039,1.846603072081053,-0.3790796494872758,-0.8516907263409009,0
100497,39.59,-1.6872790796411685,-0.6962935790523948,-0.3677355832759664,-1.4885446390319514,-0.04292198836098835,-0.806277037978164,0
96601,27.86,-0.7051105201659605,-0.002915151414794514,-0.701063530979187,-1.2714536994278176,0.09455095522257738,0.1680925754107817,0
94715,16.99,-0.13850102193995345,-0.5234524298344567,0.20149232313327434,-0.37978659467667686,0.6574566266891637,0.2660766614288725,0
146389,97.52,-0.5329937194259537,0.2616252635807709,-1.374173452371543,-0.6882282616389296,-0.9452670794732824,0.39400216213168804,0
108177,362.99,-0.4952150980047351,1.2221941801067953,-0.14215117360181917,-1.405728144418045,-0.09553290707553755,0.3792717404439695,0
140256,13.96,0.7654021560133495,-0.2242409555481863,0.2651070945122431,-0.671373519459885,0.5947981962610709,2.170254862976325,0
24262,8.73,0.05237276872756848,0.9878344213079936,0.4290068480163878,-0.3618139880845252,-0.6069622239974672,-0.04382681674573605,0
82798,38.11,1.1381503309676184,-0.3710640289008525,-1.8107995783196809,1.5028270852495802,0.430442703809069,1.875910722591231,0
61916,23.32,0.10776005545254295,0.9706336726114432,0.4053541693291353,-0.5686423109401264,0.3169169869883981,-0.34665119153553686,0
17073,14.79,1.4545384608877576,0.048668043162752445,-1.611698441937195,-0.06810057434217907,0.38839886855045264,-0.20981169645357511,0
18990,47.72,-0.1664855842815459,1.330803915639862,0.9333423042072527,0.03726760958934886,-0.04085233955940816,-0.5400180771324748,0
76021,18.73,1.2833545772882056,0.011208153195899085,0.6765487604029504,-0.8825370591471574,0.6658243740903074,0.8946950613476399,0
122226,8.03,0.5336264248164758,-0.7482746547776955,1.12952342945363,0.27890360733901187,0.08698077033775754,0.8615301965088477,0
115725,56.44,1.3339981858769252,1.090979027619465,0.7254915722630145,1.7363238088498891,1.3558284705866055,0.0902751438037228,0
22574,22.25,0.48459137883927483,0.4419089221642027,-0.337749032701935,-0.1722021645792605,-0.18047423123801723,-1.548831280392782,0
163038,26.53,-0.8455521763546138,0.1825878042143362,0.426367818973557,-0.26434941886376495,-1.392370782310297,0.3706382986453923,0
38402,19.23,0.6623068966479679,0.6559191396588365,1.805354459125924,-2.2307676531473977,-0.021342950672923657,0.6088606597921735,0
75418,74.36,-0.4894142344944204,0.20431988398831977,0.3430485306940432,-0.1072939434338799,-0.026956367357403806,0.9419721325922739,0
86124,31.25,-0.9764255397315984,-1.1738179970984242,-0.15344236731551375,0.11484945808191692,0.44872288939255933,-0.2490197436628734,0
29063,11.59,-0.5025865139056851,0.9016194489247448,2.2068049320544696,-0.2874090098257076,0.8193380303955696,0.2421642119817752,0
90827,38.04,-0.11798109460737784,0.6969306349627576,-0.8767522314712319,-0.5852733898711462,0.655717221071599,-0.13160363825591959,0
12666,172.34,-0.4805744132024745,0.11083637869222239,1.3449596661741487,1.236848707354141,-2.404518384606314,-0.9037967800843458,0
124997,51.67,1.2752470129219724,1.34648059555603,0.21553197979408253,-0.08203006727640945,-0.655582391307999,-1.9040927924156628,0
132661,55.78,0.380067440573832,0.988526104647442,-0.6324441920639787,0.07846389344841469,-0.1322327291701942,-0.10490142291976648,0
21563,24.16,0.6069426083866378,0.21453291888641599,-0.6353065343682036,-0.11321729762476908,0.49883432827829455,0.03869150164279715,0
38413,71.1,0.9609321786082614,1.406232359262553,0.9751071432888088,0.19100763429546735,-0.9983321365724712,-0.8259763641081578,0
27216,92.68,0.8643914974066649,0.1903101253970567,-0.06517676692225227,0.8763711898340235,0.14642572672080395,-0.4458782152061138,0
45095,154.34,-1.8662459348495894,-1.4084233842060085,-0.45876682966619275,-0.06039792499073846,0.5908917258760729,0.671507073057702,0
39081,45.64,0.410383276786892,0.07920292868964361,-0.8371063267469117,-0.7237887891138806,-0.3379333156022741,-0.1778111086311147,0
70744,20.09,-2.4604358220962053,-0.5688285875565908,0.6949148109113903,-2.0524627075762223,-1.4436936087006345,0.6986048486913036,0
39310,255.23,0.4583179391254417,-0.19860215535348436,-1.5168584165083185,-1.485739465722507,0.6868381332651379,-1.1049740156971692,0
55393,16.57,-0.6560972360056414,-0.037008094073233626,0.6984327820629752,-0.9565002896740199,0.869104188207008,-0.18236180215957754,0
16061,69.73,-0.6712110751338888,-0.20791231006611424,-0.5344696758417209,-1.4322855919331132,-0.4509639480337017,2.32784124294786,0
120174,40.63,-0.28815603051111766,-1.0851415431623328,-1.2618774433584852,-1.1922574089937898,-0.07256206525627357,1.2923946385344747,0
100546,41.94,0.16994471105148284,0.30274379250504235,-0.1682422035305197,1.5510997991969353,-0.9571506007003348,2.3061640025806343,0
57716,120.07,-1.7046219581771158,-0.21450256682421923,-0.08283837842460157,-0.043273188961116336,0.09848509701946212,1.239834359294089,0
122732,23.95,0.7475461257864594,0.3019316851187039,-0.4372359421583744,-0.632000604604313,0.7855486691364012,-0.376466527081863,0
96122,11.49,0.5586952829218191,-0.858475891172642,-0.5429757067720121,-0.7554607202010528,1.810526087567177,-1.824483322907456,0
163379,46.1,-0.3207838618519991,-3.0825621751432375,-0.037741796208600506,0.4098087996495947,0.07393235017590676,-0.8955024521213395,0
10278,31.07,-0.6018971609326136,0.24972548705359698,-0.029478115021937257,0.13690999075339472,1.396907532065686,-0.23691956417606294,0
135189,6.52,0.5286348153345591,0.0492974252171587,0.9965812952746222,0.2728167322778412,-0.034173479655463426,-0.24423163189471098,0
167231,40.11,-0.9134585796322228,-0.330810519522272,-0.6945031613848099,1.1617832013557894,-1.5472239932781757,-2.0291856194400273,0
9823,21.9,0.3323723332239848,-0.8131240938463865,-0.7456204671721736,1.1380970941104478,-1.115434253528776,0.9404000660077916,0
170738,86.66,-1.4822314236773086,2.150310793331211,2.354711397744092,0.27202689662882695,-0.7695025565184669,0.2699637940215828,0
109751,50.68,1.2368324661272665,1.460680332129137,0.012390076194007553,-0.12692920007147204,1.153033415512948,-0.14998747135274504,0
37548,13.46,-0.6567103997764666,0.8488054577314491,0.16463853144973825,-2.496798117119087,0.4040077867516252,-0.5789615915604289,0
27175,22.07,-0.4883099595277036,2.532666943249665,-0.7876779488365685,1.840179039671316,1.5190984102051706,1.233267806315967,1
115945,31.54,0.3100688238751504,0.22481673669147476,1.0349381631639325,0.787161518018172,-0.7756436481886212,-0.21324381453170124,0
135233,63.37,-2.321229822041385,0.9365481060495828,0.07123676976007376,2.8205336691120477,-0.6221304103648396,0.6552307745604026,1
128379,59.78,1.1851630314393404,1.3427769644230034,0.8476378150694273,-0.08362968483892229,0.6337653673765664,0.18805894937134307,0
52756,26.29,0.5080122910545997,0.03474123353902422,2.1284677685016002,-0.4261719075656856,-0.057243601034954156,-0.30464321402114414,0
60058,13.53,0.6785496546210517,1.1189122717071738,1.9251131239369192,0.18483288835909284,-1.5406697256914184,0.12068103645792679,0
22207,148.45,-0.7449787674850553,-0.5327010875549777,1.7924508231385923,0.1228323195963367,1.5833899534269977,-0.47426882026173545,0
140090,9.04,-0.26904109188808245,-0.055393525482335705,-1.6641829545710272,1.9425575890353923,-0.04987369846857698,-1.221046531147736,0
76240,48.97,1.451926632314722,1.4773725606308605,0.6586908139056186,-1.508342061880697,-0.17008360433451275,0.7200136557275078,0
105787,49.8,-1.0886934104763422,0.3777117601138336,2.93818806715577,0.8894709464517491,-0.5760116862383812,0.005470578005373759,0
144539,116.09,0.9456334275676297,-1.663689978196383,1.1859082554298621,-1.1185509595418555,0.7138202083458839,-0.42039442455863074,0
128389,19.11,-0.957927839495268,0.005143140541849398,1.2773740385132224,1.1429597369182798,-0.8574579097060389,1.1642509935649792,0
2050,18.89,-0.6368764742064333,0.2439861879976468,-0.3457039056270759,0.5066221699517468,0.18967154398933594,0.9623794069097557,0
9221,9.91,0.7184116977766297,-2.021993522748063,0.21057075233394207,-1.1496815265579239,0.48196498844575936,-1.0760928460135875,0
110989,4.91,0.8790141545570074,1.0531214525238028,-0.3711919512615264,0.6695876908981782,0.3528080003331323,0.30940532483967215,0
47118,15.48,0.9772633703031223,0.6882851084882323,0.35700442529956194,0.4830535716514451,0.6859003580842945,-0.5717150453217523,0
65681,46.27,0.3589175837406595,-1.7962765667775356,-0.24967296780826237,1.0213632348996715,-0.4968174654860444,-0.31132861208426255,0
2573,54.22,1.3297943652050759,0.48731316305331607,-0.9724037396106213,1.4509763229499846,0.20189521606425118,0.0033033568882679405,0
117192,82.11,-2.3048571725962885,0.31537289612739006,0.5444413336690117,-0.8164937557141936,-1.3055466279884562,-0.31270429194281313,0
42092,7.76,-1.5145735090585566,-1.0593406872748266,-0.0570799031958977,-0.3227902013153876,-0.7007245777190404,2.257656890388458,0
127734,176.77,-0.6734142395598725,0.7370228555563136,0.35706537446038417,0.9844850024346564,-0.36028660580933214,-0.11940957871632733,0
164899,77.23,-0.6300484313483411,0.033567648069006084,1.4103123065906453,1.221834906005519,0.7666069111642105,0.8537459575651616,0
99134,66.13,0.6564065654899721,1.4653794274985183,0.015353451755977077,0.36842980843476897,-1.3711939961665902,-1.0615009876346724,0
162969,17.66,-0.26867787752495675,0.47781415292065516,0.9302917092896185,1.655152260389907,-0.4412362450725351,0.11409411909379795,0
102476,40.26,-0.4055033665540877,-0.20110779528942632,-1.6123681180904839,-0.969557343316222,-1.3016907276335221,1.351511717504909,0
109787,33.89,-0.1353342339231097,0.8760457766719285,-0.45490066810513335,-0.9435321166459417,1.0998686247253329,0.04535196082984762,0
112181,21.98,0.6040516449216232,-0.8652090538522469,-0.275182437386346,1.2431035778482933,-1.0857423209669304,-1.76247267075866,0
57505,54.13,-0.35166018383421516,0.02080402377254423,0.6010827381077641,1.9648269416599147,0.7865706433899993,1.1497819126384554,0
58653,61.5,0.6756644532569765,-0.19048569780510585,-1.2688725926057791,-0.020814089327941376,1.3522711382297627,-0.45967578328567216,0
61476,50.62,1.2884336225033886,-0.49819192070143903,0.07268946303543318,0.8458438446846879,0.8206642269566928,-0.09426634125386558,0
9752,43.32,-0.06420379495271358,0.7872736948162223,0.06672645623483983,1.9251288835335925,-0.837749952403941,0.061972573965947145,0
52995,41.48,0.03433338856883548,-0.9926590154515813,0.13152273007815657,-0.05162542410916941,-0.6926402251008827,-0.14228916505956268,0
156379,11.97,0.8500363951895699,-0.30699635716260354,1.670718296177581,1.8300162861151488,-1.4510913607849394,-0.0014040381443431215,0
110130,15.86,-1.1201988014411794,0.46078884826140104,0.4997262729846501,0.6747004152022378,1.1020829352359323,0.7564688367602417,0
38712,5.68,-0.15389777398563528,-0.4864926155454853,-1.4633936285052291,0.5376703398384046,0.11269821989453443,0.9683437640849304,0
88861,10.77,0.8264223241917663,-0.07046034046599581,-0.7244397601032758,-0.19545965738642843,-1.2216714837837672,-0.30910801645309155,0
82838,165.47,0.43521152828960236,1.7820241127014727,0.5664654841095343,-0.5678631472514148,0.6448028191965103,-0.10580964402086422,0
15151,16.24,0.2290948316463794,0.37822628543151016,0.33521834621737173,-0.9535247258366385,0.9396243162021677,-0.2965163176453249,0
150159,17.56,-0.2885329006817962,-1.7849385328721046,-0.6442029983199388,-0.20995278364111966,-0.9291166048016984,0.40892734089817995,0
34998,20.78,-0.9770721461414011,-0.023843768136116463,-0.5755854538452915,0.19520524435250644,0.7464576218021075,-0.774682187050541,0
34042,17.53,-1.897476321395454,2.295598570307826,1.0386072175775372,3.941026710948734,1.524026118925068,0.6760227833150306,1
120234,51.86,1.1127981956129065,-0.7740256503626058,0.6905324621511849,2.4737591571125623,1.5177727839378523,0.8357828159328066,0
145360,186.09,-0.5098939528656328,2.2323460331857383,1.9874008825271634,0.3161044531063998,-0.7962808003854571,1.298006810000217,0
121626,35.61,-0.1821605838579241,-1.3317474843981763,0.14462763378954377,-0.4049186907034995,-1.4579110681693277,0.35244165399968097,0
135720,15.51,1.1685803642733814,-0.43629019099415695,1.4940052477075458,-1.3081215769724863,1.494195951449163,0.5143641995467549,0
116185,35.32,0.9758368916238178,-0.19681112309762697,-0.31083914827499803,-0.47009827334372145,-0.8831624100244786,-1.5661210835533308,0
125426,11.06,0.3306132610904059,0.17103949263714724,1.5826190437340513,-0.4322833291299641,1.4993826224975288,0.3997967407687113,0
84246,3.58,0.32005819149324455,-0.5668034520958176,0.3204616215115825,-0.17660951016305085,0.7827480712298537,0.027957661115363623,0
73786,32.41,-0.09904678640266851,2.129517427937377,-2.12156631507293,1.7485536391827887,-2.7955613120991663,1.6521083311451483,1
93105,40.21,1.2146667801329025,-0.9511080467424646,0.28347660401898234,-0.7405815402049029,1.6899198345068216,-1.3970989328304888,0
115700,41.21,-1.4193843557960406,-0.3993300229002119,-1.465340383444967,0.10512109653044063,-0.6681123996330307,1.5069843673050773,0
145283,73.33,-0.32368275404118774,1.751409073748911,-1.3088438420029984,-1.37794017655884,-0.7435291618987475,0.22180473920770608,0
404,26.5,-1.1804604852320821,0.4345400972542903,-1.051163606350194,0.6017806032986677,-0.36797163948588146,0.3877868268899114,0
89080,48.7,-0.09759389015441426,0.08547725034829733,-0.07458023010351422,0.10087906461359576,-1.7697108331252864,-0.3649543042166179,0
122258,13.43,-0.8343381865826627,0.42458509604714495,-1.019170621301904,-0.9187074761481279,1.6740882465549136,2.5362855590394355,0
122721,3.05,0.5692893232700639,0.42776894435061114,1.1984823523838992,0.3842581368216289,1.132068339047842,-1.5092385936412787,0
134855,15.18,-0.9379534088448924,-1.217671377606484,-0.27232460999476205,0.7921384263621614,-0.5917974648158657,-0.008250969400476564,0
27306,62.41,-0.10737861841004537,-0.7185427067790403,-0.4311797203495725,-0.4143797657075555,0.20367884105181633,-0.6551482687470855,0
119771,21.48,0.9389694687047921,-1.0427750567564191,-2.227799557336582,-1.0076730647877605,2.208059077509089,0.7864301081167289,0
111822,28.5,-0.5908183480914292,0.6673552844546782,-0.16306127972697482,-0.3113366534471879,1.650735309999851,-0.14594335001238623,0
138311,54.43,3.157771283044298,0.5620922620826175,-0.9159675813651517,-0.7054237140024512,-1.7272951786664925,0.731689887296413,0
131717,29.38,0.28456679047452627,1.4320786039045634,-1.4031384080889997,1.5127960688147262,-2.528715764293775,0.6703041192930385,0
95985,21.88,-1.5207215296341199,1.2100659331755932,-0.0545932661127137,-0.02128038015727883,-1.3222868197933644,0.45932259905221073,0
85774,15.9,-0.30530915351856486,-0.8843802153622045,0.657912631592761,-0.13435957724395306,1.5968082795036493,1.9723934626280817,0
90610,21.16,-1.167209485614359,-0.397740284245532,0.5591964340783401,1.2330510044854137,-0.7553786667449006,1.3987773250498419,0
116923,21.49,-0.2731522465199018,0.0016558556219512324,-0.3090602585769696,-0.16405332308881104,0.44391679585482646,1.8047306133960543,0
23960,8.59,-2.5089571784950757,-0.45662878572190524,1.2855004964844134,-0.3050755391022553,0.6847283586362458,-1.0657463125955868,0
116981,70.73,1.5745863577623422,0.09643037952850442,2.071255454154862,0.26402244899635335,1.2818902479401424,1.4261846921856318,0
131265,17.62,0.432850402519974,0.039309198743465314,-0.019931561657245033,-1.182520022227632,0.9159628086021071,-0.16058190326942479,0
92324,41.8,1.3908335481766434,0.9845698459571985,-0.12536698599750856,-0.2326414366821449,1.0964815571992859,1.1850762665583683,0
170404,7.56,-1.277371133550618,-0.5793053085790432,1.5325330906092762,-1.1146434693531446,2.1190167281423116,1.4866715800162802,0
126311,297.87,-0.9172616421772875,0.15983535190809744,0.5708915863683052,1.1201894604068467,-0.2915200537064307,0.749842223524697,0
33828,99.87,0.06578864864896251,0.56524712397473,-0.10858416178038999,-1.1574449523659558,2.5043168021168087,-0.6031140544108547,0
102112,30.11,1.323340922489938,-0.8166130298209866,0.33760622247297195,-1.2217710884730737,-0.27557078359166426,1.2291305876053937,0
84381,16.26,-0.604029885474771,-0.5144258182617432,-0.8566126435500113,-1.1081871079384624,0.6010135264946271,0.0946198977847677,0
94179,13.99,-0.31667954593424946,-0.4291822902276543,-2.3214853420775783,-2.244889293958427,-1.0915851531772012,2.301517677070418,0
63449,362.17,-0.7708136306140894,-0.31722838822147553,-0.4127440942215489,2.076796585329547,1.6029643469216657,-0.816481306964039,0
152617,32.06,0.18125394834505026,-0.4177551249208164,0.3005869246391313,-0.5507008819672566,-1.541409971997032,0.5020456154663447,0
113816,78.82,1.4744820073782556,-1.768263509501486,0.3782589823179224,1.093222897070873,-2.2322817104157613,-0.10673920855531842,0
124661,55.15,0.04371039699198385,-0.7527192419030679,-0.6641127146297134,-0.21201289233454176,-0.7006111586610962,-1.7837586761873825,0
83639,14.37,-0.5273633377201086,0.7852553595715474,0.8306556912954083,0.6425498446805906,-0.5857557127672052,1.1013278116336973,0
166892,58.94,-0.6975419424751146,-0.940977261282717,-0.981609264444058,-0.7010895013761145,1.5430008652573897,1.1293948852632025,0
114821,37.02,0.5817233649705059,-0.817581586777691,-1.3206416595298065,-1.0524259602426724,0.1108757988819519,0.6652556949544319,0
32265,32.39,0.7740227740710525,0.8454065567820555,0.05860393952571911,0.007463839125033536,-1.1029144697652733,1.1573203874312674,0
79459,9.59,1.3831945153293432,1.2098939600191043,-1.204814340937455,0.7713944348903161,0.5406948278953948,-0.49528094883943424,0
18395,30.79,-0.9042951866515898,0.2805749659586189,-0.8652106003537336,0.4052905451344006,0.5810681834486101,-0.12896922641411837,0
6304,34.74,0.7791306255883522,2.3803877461644896,1.2867697563752534,2.5345325686061364,0.41077033919289613,0.8012400360243159,0
168123,53.34,1.352759030614763,0.029562286872101294,-0.8673145087543316,0.6073125806682945,1.0976942609423341,-0.06065908179918997,0
67661,22.25,-0.019122179853707483,1.6348628511603471,-0.0823305500172053,0.7881800091451439,-1.217522832410118,-1.6862737058408779,0
147907,5.51,2.017775813175065,1.0755949081983303,-0.8205852958539446,-0.3848004198303633,-0.01573838216868779,-1.1881336398286189,0
165884,60.84,-0.7194723843379374,-1.1536593514265687,-0.453157893685935,1.0062346752704898,0.5164439904755908,-0.8151666709601995,0
71045,33.53,-0.05171279056027103,-1.918589423559303,-1.3621645719212216,-0.40156696358559274,0.3416850998888327,-1.094801205411699,0
25372,24.16,-0.9906540774992385,0.3933783444697123,-1.9097976696589267,-0.02229512125372992,0.7464972032643885,-0.6206273392687238,0
49377,99.57,0.8314988669316621,-1.862863586451236,-0.5242284481045876,-0.7784915651183486,0.5483030008957587,-1.7964452799096144,0
11534,15.91,-2.072355181695998,0.006984916255938689,-0.6592990368504504,-2.4587419232715506,0.6344981507279047,0.24706432513350154,0
33872,8.59,0.40848533814647026,-2.0824719767026716,-0.8507239905465955,-1.0490703595907331,-0.6037583687311271,-0.5739667311244007,0
170883,368.55,-2.490254782538618,1.077514518657773,-0.09562007113569382,2.354630133600918,-1.7468194136639346,-0.3632607174796114,1
97033,6.51,-0.4357108323847371,-1.1467830986265493,1.429774859514874,0.8421578363798933,-2.2398270305779686,0.13165926095919087,0
42291,16.32,-0.3874886632696904,1.211265496493013,-1.6051704424415325,0.692499714304585,-0.09598509598021387,-0.47533711125843153,0
135203,22.54,-1.366211590902226,1.0478490568897503,-0.718598402347532,-2.2115675771145638,0.8511083722929216,-0.5061410917717176,0
79083,78.37,0.2839110587363809,1.1706787887065002,0.031214589669564773,-0.20191360028107427,-1.5726790685815655,-0.3003153673739155,0
80073,17.96,-0.08616210409949455,1.0974226874227069,-1.3371522108411915,0.3085902189498734,-2.1146103624960215,-0.6066949152173058,0
75766,9.61,0.18209824581586204,-1.2652120359981966,0.05042676413944306,0.44521087891406186,0.9727898140920265,-1.2644924064722456,0
42318,14.69,-1.18755316677504,-0.35990553718324825,-1.1806260452951107,-0.567588354984749,-0.05842975344279702,0.08504604782858526,0
110944,8.33,2.5031717909057107,-1.0300950764894898,-0.8277313896965831,-1.3630961535803188,1.0668702466081963,-2.7690288815513657,0
161326,221.47,-1.0886348430590387,-0.04662476521466915,-0.1431663336355322,-0.5117639567336494,-0.42197686409230856,1.8539646860498356,0
158018,122.87,0.9243573680260055,1.8672312871808086,-0.7401819246062783,-0.9908276498598773,-0.38715096360568413,0.8105220889230482,0
168017,136.93,-1.3555418611641263,-0.06442219957718869,0.47404195656165815,-1.1751330760859704,-0.1255575207095274,0.09425583737168268,0
78797,50.67,2.040133885996919,1.538265640912035,0.2813565375383702,-0.38553909741226045,-1.5778866230263016,0.7988248085632804,0
137348,30.7,0.115596738679908,0.9221734565070863,1.2594018029921237,0.6043042797015853,0.03778059979749919,1.0813706668059602,0
2642,87.16,1.075390554416414,-0.5868127156030817,1.252275477530615,0.012341950638256983,-1.1717453016462986,-1.0154626260364303,0
146410,40.96,0.09262758794892355,0.5259441806248001,0.5795812479848041,0.8100513967250161,0.7424020678441962,0.9821126297311122,0
137612,71.65,0.8918776345702746,-0.8087941184164312,0.8584588426390306,0.3814415253190378,-0.49100397512432625,1.5658745475923639,0
107227,170.54,1.3001765268131393,-0.42967612707459496,-0.4867682329547862,0.1876831350346359,0.018463336303177483,-1.1623002592070144,0
104592,15.98,1.2718995454239435,1.5163474657991973,0.2727933862859796,0.5864285016590159,0.849942886148695,0.8865805647397281,0
5774,18.65,-0.9844130461752121,1.5731360220429027,1.1048699546987093,0.08300105205284822,-0.0897648872738478,1.5550127404404641,0
27606,24.83,-0.1305754572951713,0.062446976663129296,-0.5468372457604648,1.1113561841730932,-1.1259149070880428,-0.40794363522454796,0
150580,100.07,0.12342918170364875,-1.5793451620702603,0.1394151593464063,1.1058073034127964,0.6105642983892529,-0.6333480705013974,0
125355,97.82,0.043908301877156795,0.3142893154787071,-1.7869890098107923,2.4432025238474013,0.7882799691310772,-1.4348628083647066,0
81816,32.53,-1.894581150472303,0.9895993295904707,-0.2336732917249238,0.8628175552303327,-0.8174096116063831,-0.23533263872448668,0
57021,60.78,0.07673285939295683,1.4926099474640355,1.9743731550892953,-0.6382147727792733,2.115004883565822,-0.24943827309476763,0
26990,19.46,-1.1741423724811146,0.39454403431667434,1.5995701220705898,1.3669006900172929,0.6991852515350768,-1.08223913695185,0
105373,14.23,-0.6124228909008682,-0.8082638250669247,0.09743628697865848,0.5091394756715406,1.9961697209412297,-0.3915067346986043,0
136355,126.75,0.898726774013644,-2.1767797009718484,-0.0013300780263234102,-0.9385878730831845,-0.14764517993708198,0.46426399156397974,0
16082,68.78,0.1929896417729295,0.21112477684466674,1.2284664904235425,-1.1038641902121418,-0.8845884860174777,-0.09132844977269115,0
138731,6.04,-1.0777439349303435,-0.4168996361193892,0.5503036740090902,-0.5455681502938481,-1.9173550088067448,1.251379902407576,0
148040,45.65,0.7906862100258404,0.13015106198558457,0.5823128855244826,-1.0531725944877557,0.6509356773865096,-0.7767979226016508,0
54061,59.58,-0.5674472812283516,-0.2799661328065292,-0.691930840617639,1.1172299977339137,-0.25704302607853813,-2.5841279189392345,0
64027,30.94,-0.5653499525010943,0.13367883823762333,0.08479763391309508,0.05515455734158626,-0.7759043861160467,-1.004024613444427,0
120721,23.26,-1.7782027275658474,-0.6161001532392837,-1.861819259521721,-0.29478750324807973,-0.5826431185221749,0.7515388279762827,0
57108,8.26,-0.815909535148553,0.11106747319563266,-0.28329295941771204,-0.19678183338273603,-1.2079888228111733,-1.293996879250124,0
117666,36.35,-0.68015236575182,0.42783786053604395,-0.47933304396488147,0.07745581479613853,-0.40241820770202047,0.41398215154040124,0
67067,20.84,0.12146106419954589,1.4634356542609945,0.3097295030870087,-0.8225196441816829,1.2274040173479215,-0.14744245158719196,0
61550,26.16,-1.0756504835748875,0.030948088267830184,0.05237283972499601,0.1222844623622011,-0.969679661217808,0.755473767866845,0
7606,30.6,-0.4829014620731099,1.272963244346541,0.7239503159477707,2.029995013865289,-2.2323117265353067,-0.02197275471710336,1
51005,55.82,0.2971600238082216,-1.1219681199494154,1.2498210970536792,0.12159153957401245,-1.5206942733167177,1.3783229292325774,0
56264,128.58,0.44807834101289173,0.4675749124821571,0.7025030190633578,0.790529563425356,-0.0030424874328074253,0.38863606406226525,0
32602,5.51,-0.32832094269055984,-2.0092153440255616,-0.726992992618417,-0.5501448983483982,1.210226724912163,-0.0818380112638594,0
153504,39.65,1.2710300994311405,1.091027909191477,0.08037940020917021,-1.9438048468928464,0.12973574103081262,0.569745102057063,0
87313,16.29,-1.1774165052492886,1.5798069574015499,-0.0694660516125747,-1.1238827721322047,0.9503156578186444,0.6523126099391396,0
162246,38.79,0.45303965657205897,0.46326956914752015,-1.1069170530152554,0.15984741958868665,-0.48853106209698816,-0.24563709780022788,0
164005,15.25,-0.44321869242769574,-0.3946797086605034,-0.2903032687351907,-0.7934730690986012,-1.331176797385621,-0.21131693307716393,0
99530,415.84,-2.5344379304821727,1.5049944409846205,-1.976338484434697,3.02048760413523,-1.241995555896348,0.42158569824883807,1
23567,21.21,0.34961533102838527,0.9118135935708017,-0.6994895050506996,0.5305956648893245,1.594783796486747,1.9653971848327059,0
144118,175.75,-0.976620315863556,-0.04674945390270229,0.5529431891981056,0.8502455193688858,-0.05407784930049372,-1.4536032698532093,0
11745,1.94,-1.1718313004725252,1.5355307733718824,-1.0694023872354967,-0.2781685735538712,-1.151519356874433,-0.9289820588202949,0
156755,99.88,-0.48462856460008136,1.1629025725441393,0.7975103068781241,0.9700859861773148,1.6465514206230427,0.22686831951132666,0
2187,195.49,-0.8483778038821382,0.7954327068074329,-0.9679628394617962,0.4230962439934246,-0.3124173375111791,-1.6826891384009004,0
154571,40.08,0.32158454037275613,1.0237023365900986,-0.11718903406453861,-0.4164627354608322,-1.740226581200323,-0.7600879277439868,0
63936,19.31,0.6943263811492989,0.7200135318362517,-0.041679778129414556,-0.0822500866533239,-0.6127020104946451,0.7165772397413153,0
56549,68.64,-1.8331704516987275,0.7746256352751506,1.5627487850530115,-0.032838350655947084,1.4640893506688015,1.152473483927079,0
67293,200.03,0.7177387066589793,0.8935422058891094,0.3589099814126859,-0.9369858735084841,-1.0873414349244748,0.9085554822019126,0
39758,98.49,-0.9593549606481229,-0.5596541808251622,-0.08155079508977878,0.2922526095762693,1.2713885569586938,0.2155303419444229,0
146451,15.66,-0.526482354794923,1.0634357218674595,-0.3868409579865057,1.1034975012723258,1.542296978044621,-0.9074998605387576,0
86416,24.83,-1.9062366200893806,0.3990047592438523,1.7459036321856196,1.0803558012736438,0.9714859982681016,1.1016746785499627,0
168722,322.82,0.7654374943750158,0.5002383506982397,-0.9344853483095023,-0.1344626555203447,1.0972327856643567,-0.22830139936169067,0
103892,29.64,-1.5231724641738478,0.16056211829741926,-0.9766776953073547,1.4886019419519942,-1.2811563427986976,0.4387350400574757,0
16309,29.53,0.18030505133750305,0.01920342096554723,1.021658728197938,-0.8704095350531359,1.013171297647458,-0.5345485150959229,0
163985,54.61,-0.104009227724695,-1.1354323090305687,-1.6515397134301908,-0.01254894461614478,0.7410816654902409,0.07683277500661805,0
159380,23.15,-0.1035878946470647,-2.2832804575272303,-0.5808791381772977,-0.36159738167651845,-0.5100311553390688,0.46752867401813303,0
125995,6.29,1.3914579669559421,-0.14753818810015182,-1.3456279183281468,0.36100194617710163,0.9392861602110463,-1.1680002841696138,0
19692,106.23,0.48161384568809446,0.6881080244042689,-0.01155267897655717,-0.4728173955540838,-0.11494188559527853,1.103042215191317,0
102842,180.11,-2.3254201541396804,0.6673831031405686,1.2977738137911687,0.5651972058375297,-0.8799699395302623,-0.07278008158880336,0
43764,13.77,0.7091143896332839,-0.045642853333795405,1.614729303006885,-3.0557089491442007,0.023579832834283734,-0.4858761213856593,0
50200,110.23,-0.18487675624526564,0.16070455127846184,1.9801543515313924,1.6223581587633655,-0.52824629497982,0.16498713977418292,0
152711,84.07,-0.07728523746629531,3.071336701606002,0.17599725212739498,0.3348002911394412,-0.04509444918789724,0.4178229935558582,0
146430,50.39,-0.6270486146977409,-0.2338796033133684,-1.0937684002255086,-1.5887503497280266,-1.6402155886257797,-1.5789115654465822,0
133611,7.88,-0.007674063684503472,0.900791174028302,1.4413991103217594,0.24330822528875026,-0.3509941415994386,0.15630934874723482,0
153837,24.78,-0.17239269980923128,0.5673056252922603,-1.0678762269316586,-0.6362803497252039,-1.4762779164322268,-1.526106221803749,0
1283,14.27,0.2149259647767057,-0.4027572899064173,-0.07530442074083482,-0.13684317485809858,0.14837527728709607,1.8103776151382756,0
48008,4.91,-0.9528610405863005,0.8572915041230154,0.49444092349360613,-0.8216016726404797,-0.4957995313842904,-0.12680157166322228,0
110659,35.71,-1.130390785706052,1.3561602291698767,-0.5603384575799419,1.3089730906344852,0.24135819932228708,-0.29999031309564805,1
19256,7.39,-0.3410929321416082,-2.161055997349271,0.8176863130545542,-0.23816954237597165,-0.718547035149893,0.09236656144518392,0
99214,36.89,0.3997799176168511,-1.387753081001437,1.138638949687134,0.7246562796932211,0.23206516781555983,-0.23689485262799195,0
149335,70.79,0.47321706581198303,-0.5669763910042788,0.27308885852988896,1.9423796771486677,2.7577259242255914,-1.1155007873793663,0
162962,15.99,1.8311771355658875,-1.276618200244661,0.2997961715729297,0.43397208034635437,0.656811023975756,-0.08848365209126866,0
54575,4.36,0.3363229693212808,0.3104792770059333,-0.44648358559442713,-1.0088312824506263,-0.5795210911996718,-0.416372517336249,0
153087,14.82,1.1206857064225952,-0.9029100070479273,0.06842531120790343,-0.008076536478369603,-0.2961451208038582,1.4022393556133481,0
26854,47.53,-1.980836470922634,-2.1286491245185197,1.2553231895309385,-0.9135998256030627,0.49863932551669454,-1.325635909572814,0
17543,13.59,0.9905668274427895,1.2556775257411008,-1.264187595991705,0.12606571784049764,0.18096463733980891,-0.8283445699442776,0
123629,32.32,0.3999965529436064,1.2116396256491668,1.0217252687600726,0.4549055288446821,-1.4710072455376098,0.3930227833047259,0
166205,127.85,-0.9988208693340495,0.3147099423907597,0.5408282103844916,-0.7537774585576116,0.8162597193826533,-0.46288113153134913,0
162331,9.8,1.1792631585792293,-0.28279321010932484,1.161908619628045,0.956417206592696,-0.10329559336349221,0.3573372369661163,0
29592,3.94,-0.8904357529426616,-0.7471027536670662,-0.8753235675910453,0.9256669479078613,-1.056338866578845,-0.23220202336910778,0
36683,160.11,-0.6215940451706842,0.3326127589499748,-1.21028911423038,0.8305710134214074,0.6668260346806401,0.7303178001295367,0
39224,41.76,0.4205367059040693,-2.2259354179580777,-1.2444360477486953,1.1166828327422471,-1.8276641289158875,-0.22951418709363672,0
37265,38.75,-0.0022381164741810933,-0.10552493877095412,1.0499435995250135,1.2313005382906828,0.1131674594287368,-0.4820946778974768,0
170987,16.47,1.6056779580824545,1.8321196075773012,-0.4684776507319124,-1.7097678073296625,0.4589389549645806,0.05061084717221441,0
92193,17.78,-0.1383352820163779,-0.7036364441092297,0.5981746029905671,1.3283318063843528,0.960593150270853,-0.6985895415388619,0
64729,10.88,0.5055388769032081,0.10643541643128884,0.1697564295368713,-0.8253038158221657,-0.8878914702845856,1.316863389509753,0
69615,3.96,0.5915710184530977,4.479084251025757,1.352774175754248,1.5019385487984669,1.1898542038281024,0.6974091483949131,0
25235,126.09,0.5711026285913683,0.06382122503363889,0.18661482607356927,0.5381325493534344,-1.754952237335574,0.6768225798558585,0
125200,19.62,0.1779083914116544,0.7670502184927098,-0.2986653905796983,0.5034142435493226,0.9717380125217053,-0.5908055511008885,0
109616,23.07,0.8639235499624459,0.6824892092606365,0.5929508094251296,0.2289274027027541,0.7867171047089636,0.8754094254177619,0
132206,26.58,-1.6352902700715526,0.49325417619303186,-0.8712089790330124,-0.4691712569993284,2.23813192042712,0.5922446040804317,0
4621,24.28,0.5921139002849184,0.48061121524859435,-0.952398385130473,-1.0103297875965338,0.6035096361564014,0.9354547012346209,0
118834,141.31,0.2496094582097118,0.21743908072584237,0.7582447761547977,0.6619295647340078,-0.6319317183544417,0.13486021817791943,0
158588,18.79,-0.05008059885646664,-0.21796838496072934,-0.7471162610326202,0.16392595343337207,-0.32951734867031085,1.243558559582438,0
81159,44.5,-0.13419768928545298,-0.8667326706603131,0.684269955660775,-0.2307657051166103,-0.2468591716726229,1.0055729303756735,0
16279,40.18,-0.3688032651888687,-0.3854009764969582,1.552282909376714,0.8871026620463528,0.48634099766556027,-0.8530113086096413,0
113903,79.76,-0.3759282454713564,-0.4269803715067624,0.6506108961061356,2.5518400945723556,-0.6999829059921012,0.9823260632987384,0
138918,9.45,0.6427171526314838,-0.8452301054368538,1.896582922486307,-0.0799110976714992,-1.5310070653763155,0.47274722275690567,0
150288,17.97,1.0507742904721133,0.25318369569929894,-0.4284217300000358,0.3112075941727721,0.9233369417024859,1.011752650499045,0
164202,47.95,1.4086194934459193,1.1828949388779253,0.748120032251875,-0.38567259712186935,0.4307741761975961,0.39051132447577164,0
75769,31.63,1.4706619906522893,-0.05323366756343213,0.3707055671155837,1.6964519799007398,-0.4686076211690107,1.308024666102327,0
5311,22.45,-0.13698957769394238,1.0617847669583211,0.28029129196590696,-1.3222714785911764,-0.1382726665143016,-1.4080892472263937,0
113175,9.59,-1.560170825129944,0.6957457924726428,-1.0348051634453777,-0.13750874443077665,-1.439122489408388,-0.07841952809067326,0
55633,24.58,-1.1811935394294981,0.13886398920054824,1.100391824055466,0.7376592548635927,1.6979655193513756,0.08121213732536764,0
129473,31.04,-0.34230484344914897,-0.2145209503359089,-1.7985004951846741,0.3386251576366002,1.2690457113538767,0.20706572414105803,0
34754,43.98,0.9210258397309934,1.044386051876579,0.4159226590575908,-0.7936164996533775,0.03099576965590695,-1.1320231885512633,0
114682,50.49,0.569758919704179,-1.6176214586261501,0.8321102172211272,0.678377199644627,-0.8323962083332622,0.21022959850421466,0
126131,66.38,0.18807335699177305,3.186574911811055,-0.8964694377502004,2.1270045388929955,-0.22928138205741125,-0.7617911829559539,0
136690,16.38,1.027070300644139,-0.7614555567638507,0.1936282509182633,1.5808149062932333,1.519665439205211,0.22122524080794348,0
65458,25.58,0.10451403607582113,-0.8168615002149581,1.0917634909166438,0.0062511735838089956,-1.4284811266467767,0.4160823712415787,0
43056,6.46,-0.6032968487781549,0.6330665474972272,0.14796888063276262,-0.3894185332824212,1.8233829527602974,0.40476243343132756,0
172699,4.95,-0.019530389467102203,-2.933770647229477,-0.6274774843811537,-0.17028712574180055,-0.6669183301927487,-0.5128098456173313,0
4765,122.81,-1.1355972655255242,-1.865839755203436,-1.1759798037671092,2.886548061715323,-0.12430481128872417,0.32270163607566404,0
161770,139.26,1.041732852654597,1.2796141191777477,-1.4061424419829012,-1.1682087362052165,0.3933106935524428,0.8116248595640048,0
63293,74.44,-1.1815665791024124,1.8907298485940296,-0.19646922455152543,-0.12878952385358067,-0.268943188407163,-1.564466004443077,0
25901,147.74,-2.0182341114311964,1.0477015688776097,-0.28063747931345684,1.2102520199134048,0.7670903921065838,-0.3085915214863439,0
53798,23.32,0.6467439354186445,1.671354084093128,0.7860963201043751,-1.3542929263269372,-0.01190096979289329,0.123378762453304,0
104680,63.75,0.48721819463042715,1.585679173100759,0.21179242018578426,-2.2212335007751243,-0.20288441701003918,1.5712547358520095,0
82279,86.13,-0.1829015674239269,-0.304065258065758,-0.5836255854546498,-0.652014123856577,0.2130043158716886,-0.513012208933418,0
141650,10.69,0.30124248009139015,-0.391178163635721,-0.8294677345802876,-0.8109408053447048,-0.28504756501661865,0.5311508203085539,0
18919,428.59,0.8410412769616195,0.14240486662813231,-0.3308235227242045,0.6183519298079181,0.12748158779368524,0.6616537667157233,0
1481,86.9,0.7906723186907282,-0.1486203834314553,1.231694300434006,-0.47105357038489465,-2.106043857594188,-0.8457594084935853,0
26790,114.39,-0.6996008087023639,-0.7043603242208816,-1.1795174566405118,-0.43445019964844644,0.5831082674131879,1.2326359719167155,0
34698,52.0,0.3431585541974166,1.2568780316749217,1.473737578076169,-1.7222285607131944,0.2894478146973825,-1.4803291198232909,0
106133,31.27,0.7051486589381767,1.9686541003845839,1.2474967235682737,-0.664853987102495,0.0058240579232769615,0.9458520366171795,0
137227,8.84,-0.25308684101411083,0.5206777670800737,0.8963101857786598,1.9278307729671322,-0.17225589477488634,-0.27394032012020164,0
5287,55.44,0.23764265629995912,-0.6298862375727151,-0.5493833839499502,-1.8722450622452576,-0.6407438657156224,0.08870358310773845,0
156503,61.18,0.14111449670559295,-0.39126771490754075,-0.7658840683206206,0.14944115261371754,0.056243745622817504,-1.6233169223424844,0
23312,72.48,0.5709409939421983,-2.936200943778115,-1.3491721041435163,-0.5163974846607704,-0.2058321335650172,-1.8372639073682737,0
69613,333.6,0.6438202371380408,0.91823712948694,-0.932545134813512,1.4333354367327564,-1.955110172811689,-0.3147788587092517,1
104211,33.56,-0.19856918688096045,1.285759036510566,-0.2395494568848382,0.8899500960760867,1.013286498231345,-0.21079131758480815,0
101834,22.26,-0.3910246668655764,-0.254374417026562,1.5301720552205211,0.6160443970128167,0.8012615460358158,-0.5667084820857454,0
129572,163.6,-0.18707426992272058,0.11562079042143356,0.20552699821646023,-1.2851864298557496,-2.6195050832457616,-0.387136358016779,0
55805,39.12,0.9820109861215902,-2.204482050880324,1.0549007175973635,0.12729788372593367,0.6235203553783256,0.14803075484998662,0
148922,39.5,-1.0674339329604994,-0.2680325873276106,0.049661355708217385,0.7059574073074546,2.1140533253519385,-0.23964662965459338,0
150201,54.64,-1.525662409286842,0.8995987379794065,1.4960031695555258,0.14292212568995877,0.6803783769852189,-0.04856011481956304,0
121015,154.82,-1.577229636132122,-1.510924561816994,0.07451238509633384,-0.06086917221623043,1.5290948665169897,0.8574490293349125,0
68450,168.88,-1.015995431168029,-0.3727757944647531,-0.41145650976648185,-0.4150138017965702,1.9609626234217143,0.21989662625103087,0
81994,24.86,1.4937097590055342,-0.08127954801358575,-0.1952945797961987,1.0959361476075746,-0.5037721465760562,-1.46965631304862,0
79698,78.58,0.5672179054338725,-1.563929264900654,-0.6047018550970825,-0.01595862986449861,-0.20092780194905385,0.5949466602489537,0
17772,24.67,0.06338339263771817,0.3116342988074249,1.303874145931379,-0.20979816035453064,0.6726451120470253,-0.5316105926286702,0
25559,10.1,-2.3910785652839595,-0.7906239912729525,-0.6993188732566719,1.0656152597083106,0.21625583567359702,0.4526576388032423,0
134828,40.71,-0.6902762332372047,0.9437016343998412,2.0503966511115097,-0.9191977673777834,2.2662282864197185,-0.9463281691702932,0
96393,3.07,0.8884469303585544,0.6373330412721927,-0.30368818967683764,0.7176951701866363,0.9063067376616446,0.9010301758605995,0
43937,30.96,0.26816694982197375,-1.313272287252248,1.2426964792733683,0.7999035915011512,-0.7697238435808309,0.28277987674718724,0
87969,17.16,0.17769804579023982,0.20650562514583037,0.34183032184610596,0.1977074407087954,-0.5498536065274171,0.6091953628513523,0
57022,92.47,1.0421905769830173,0.6741440051199892,0.25846017431906904,0.420798888827516,0.7987305121611646,-2.0007144611913033,0
16014,16.22,1.5061472407749465,-2.1570367252233504,0.9955185771629596,0.9715517109684616,0.6641932702735924,-1.4978260296618657,0
103196,33.7,-0.4551717839537639,-1.1427906949964008,-0.5891435454843897,0.17790625950620062,-0.3918830296209511,1.0148972539380186,0
89087,6.52,-0.25876441187237875,1.192606204977316,-0.2959275402087635,0.5991016330776804,-1.3647353139697909,-0.9891311469355826,0
11871,18.18,-1.332449780998205,0.36752904756141197,-1.2758532046813285,-0.9654921909980355,-1.0474080504160517,-0.06869456968669671,0
133883,11.59,-1.6522426773534897,1.056730430775678,0.6394280421925499,1.0617953384536465,-0.3271161562906168,-0.10937616975330473,0
111249,10.27,0.08504586020018182,1.508336098057729,0.37181681099472264,-0.3162075352628274,2.9359665924934357,-0.99419135018988,0
18074,26.55,-1.4679181776388008,0.7293697951297508,-1.1329780946912673,1.6624987657836672,-0.8854656261311179,0.9872396569704832,0
133251,110.16,-0.07984915348779596,1.0445264298181407,1.0068835786822459,0.9854018169069398,1.042293473702551,-0.6379317470088856,0
81835,75.23,-0.25083367181123084,-1.1784367129306756,1.327500245455421,-0.6862784056181018,-0.3835655644061074,-1.4202132730195294,0
118906,41.36,-0.5403763389870544,-0.6107626557317373,0.21087235851051478,0.38818229272415156,-1.912748205851388,-0.21664932130436512,0
141467,96.58,0.24409844350238658,1.3592914243365102,0.6708721945019316,-0.16473022875896323,0.7616284641463872,-2.8876138501461193,0
164912,98.45,-0.3494249506357074,0.2759858494205397,0.4845771927942285,-1.4048966975421424,0.690073159980992,-0.9204993423159111,0
38890,5.78,-0.9530404633648498,-0.6213317235219793,-0.780260725478798,0.5322377368515171,-0.07318170254100276,0.19994851812504208,0
158357,4.91,-1.0758938287242596,-0.08107074100802476,2.163474853700142,-0.45450829930227044,0.6336370719826828,-0.9919355025031202,0
33320,164.74,0.5724714117797358,0.47304527283800113,-0.12111939812264694,0.24400606314279952,0.0722714776196856,-0.8733360538143778,0
93808,19.05,-0.2793502470569215,-0.843596612531713,-1.1145072680940693,0.03931935677783195,-0.7790908587377849,-0.26596112633294205,0
19065,9.3,-0.14486675514609437,0.1045422455492162,0.8483172197046055,0.02464156663794665,1.917886325593504,-0.5166138579847797,0
24826,22.05,0.33658304545903495,-1.5050718742538034,1.1634949996973813,0.05430390332633274,0.6736795964459418,0.09339640045504466,0
150949,5.77,1.0654247235975804,0.7834681062089172,-1.1830306653178504,-1.0541990277827717,-0.4951576480879254,-1.12633203408798,0
153371,52.99,-0.02518868352947947,0.4307399339818508,0.14468613052503645,-1.5472415974532183,-0.20913110473164398,-0.9267393394792822,0
139401,17.39,0.8261456160405156,-0.3069940458834018,-2.0919602950264222,1.620111605006437,2.0055930636183965,-0.5301573530521742,0
156314,11.65,-0.5001526812147293,0.10878490586079616,0.9858517790015056,-0.31633419323983175,0.2742837157058423,0.3749015427999338,0
143697,14.29,-0.7591835461675044,0.4546727409425804,0.04883112480840971,-1.978940173796826,0.09665391668743983,-0.04131106310784013,0
38304,26.61,-0.5659371308924055,0.4524964561026824,0.15552503758365635,0.5507426915325475,0.9186176053897422,0.41278511696902886,0
33455,57.0,-0.14017792982534394,-0.9244085682299981,-0.5007544186907036,1.2608398165346555,0.10806923456106025,0.2650291161330222,0
156542,14.53,-0.38418166570697554,-0.8906960852622773,-0.044686401440189545,-0.8126057604756063,0.19023153425669853,0.9381576073898973,0
70843,64.1,-1.124165984761934,1.9396914427283842,0.8982968712060478,-0.3409391805567655,-0.6011610571726861,0.28808737531309103,0
104182,98.37,1.0073043574732625,-0.8590773163652565,2.09924951925509,0.2310591210829541,0.3538500015883804,-0.6132969571807217,0
50861,33.76,0.38767987903284645,0.4153796225059898,0.4707532415477864,1.1051135432740902,-0.08655548235096343,-0.43988831974909565,0
16351,99.86,1.3593852232307442,-0.5444010195789126,1.2577384675036598,-0.6603104056611854,-0.4627206874110779,-1.1256261575784021,0
44724,30.84,-1.7695102363524722,0.13161537327274178,0.6877667300112269,-0.6992632073839163,-0.6395314891636623,-1.3474249674586936,0
62875,26.21,-0.04166002338133474,-0.04470875675958535,0.06865145707428366,-0.02127284963109477,-1.3680479592177142,-0.4705827047089276,0
15810,17.71,1.12643371674603,0.45170020097593927,-1.460150262066399,1.0943947849462095,-0.5993889642065982,1.0803366482547827,0
33997,11.42,-0.13642215027761603,-0.7502588076917368,1.1871272524080254,1.0346573698682087,-0.25987176442276755,-0.455012464705742,0
77694,14.3,0.6163942905303591,0.954164514190924,-1.3351466116608586,-2.3847446171689857,0.6809410432337976,-0.7801167816301259,0
162049,22.73,0.023385214658507663,0.027487633360812797,-0.7062233540680766,0.2812105299558777,-0.17938480631704773,-0.8418556659923051,0
34397,65.84,-0.8212863840728593,0.5513983427782422,-0.9334212667102668,-0.7008996212080673,0.9916136605408773,-0.15997102573488056,0
169302,0.9,0.49353729420376685,0.32667092154216776,0.0935454593861461,0.6908223146873695,0.7152615337004048,-0.6438487710736684,0
55754,34.68,-0.10744488179424941,-0.2563556428531463,0.5141409907607227,-1.1958164369040705,-0.14288297278797174,-0.02256011627592551,0
113936,448.93,-0.6807664465790269,1.138698946694648,-2.670167933371547,0.5081480926158634,2.24440673789221,0.28441841139848745,0
149453,59.89,-1.1557075749169152,-0.4969631329205013,1.4639007861743227,-0.6689944324397042,0.815922285832554,-0.7726451901303082,0
41830,56.9,-0.46056602975955757,-0.8041376881606885,0.24582232667529963,-0.33558254393822484,-1.2834034883112222,-1.034002844258467,0
49437,51.51,-1.0703205486518375,1.100799805422717,0.1417765607994892,1.352042368665138,-0.6021841287797184,0.9716748215178921,0
157381,22.82,2.206468979884672,0.7859740988654604,-0.654984488608719,-0.10187635503705197,-0.7310928325950681,1.1312991452024375,0
73155,16.67,-0.1349902279770614,-1.3805710174469963,1.1787240865856219,-1.1180117080355982,-0.3708395252458204,0.7557618502313861,0
8640,26.42,-1.188384670740071,0.5837293615218192,-0.20650805869988326,2.2809993380748588,-1.0763639665871654,-0.23524223696743682,0
109458,124.97,0.7125044420921607,-0.2202095296340774,-0.9117978816606773,0.5128195636582255,0.03564679076343017,-1.2655879888548527,0
11676,53.23,0.9497003842778697,1.4147438193598127,0.1961092921318354,0.2930501888184419,-0.08533970853594725,0.4309961356971796,0
71196,39.51,-0.9499957035196952,-0.8585862256299859,1.4546642913850458,-0.7930133267901562,0.24247402563440668,-1.1548506773209521,0
76329,8.13,0.08919819661257138,-0.5402855278956832,-1.3006337047484473,-1.7665645075202492,0.2616325646189695,0.35588335867675736,0
151716,5.87,0.06578468947474944,1.1941481480131266,-1.3770401894370583,-1.1824579472453334,-1.227162998703048,0.48030462154151127,0
127834,44.22,-0.35254624273661994,-0.4803596724913551,-0.8799134047231368,1.6179596843809054,0.9605315728124378,1.0726395492012073,0
124447,5.62,-1.2502160258948012,1.188474966503524,-0.20906398167250848,0.7628326416744843,0.0683204130081365,-0.034682259045993494,0
142105,48.11,-0.7387387253049276,-1.4437183695950546,1.0814065443924832,-0.5778818370028561,1.2715559134708565,-0.2684898596883967,0
119639,97.05,0.24581922181638913,-0.6352613845586089,-0.7399237285155085,1.0827097735429156,-1.3823189752667306,-0.4949271205663885,0
95286,179.32,-1.3938176478742055,-0.7621584630262199,0.44088101139447555,-0.9243634400641593,-0.08633643459975261,2.0540552751177317,0
86516,22.47,-1.7052076077760168,-0.8072777700103707,-0.653690686996257,-1.447606692275138,-0.6676987601488863,-0.8439647906271928,0
137103,16.01,-1.3395179235650372,0.019259309031212417,0.5210286893314037,1.2396945300642426,-0.20412158481360743,-0.1650158106337345,0
83310,16.75,-1.1094555554462198,-0.10613200761231605,-0.19861572287846402,-0.36634332058951224,-0.5034990708579596,-0.07138178185512896,0
136285,32.19,-0.09665390961814083,0.13054229242835844,0.9502792834882797,-1.4903110221541578,-0.5614401067555266,0.4361661656994833,0
43856,51.67,-1.3864894206912433,-0.6649665113199965,0.9673343646781669,-0.7225560884604968,0.5205667802110826,0.3096366151104175,0
117610,48.93,-0.20889944126606297,-0.1786210374541779,-0.7324822150746018,1.5957496286428878,-1.056554678357012,0.6117501519299022,1
125657,5.04,2.0773434395699533,0.6184623923882185,-0.22239415107965607,-0.5979454646241336,1.2996403743094707,0.4076527082236649,0
138141,28.16,-0.10798368601261019,1.6888221923026767,1.180317839177625,0.15746924233453652,1.387710635805243,-0.12617600146371527,0
72099,21.77,-0.20493247424160788,-0.40841985013131704,0.29060469726179183,-0.21710574702177146,-0.46403576074681513,-0.12655384335933345,0
10451,5.95,0.22818728896095541,-2.531430045778005,1.6181067830476878,-0.3411035279167056,-0.7973448497355118,0.5013327244143649,0
154455,49.7,0.5501284812178794,-0.5655527624024238,0.07759838974533693,0.30203932308916087,1.8150636689731425,0.8873095440225507,0
128575,39.87,0.3918287077161016,0.2618572072457253,0.8893179073293531,-1.9780641418688398,0.9148105363496998,0.4330666864799703,0
17069,5.59,0.4479307327729469,-0.7453933320377297,1.932963175468534,-0.5489550412811088,-0.6975136126792172,-1.0846903647884312,0
6368,90.66,-0.32461967439794126,0.8762125793216632,0.5497512216450848,-1.5969560756991719,0.14486262885052328,-0.6162527942266246,0
39082,17.1,0.22706305314414962,-1.7871385875844514,-1.55835644472052,0.7608292115225166,0.28242052056637684,0.4949678233914439,0
37044,7.9,-1.2512279153776757,1.2090863980140045,-0.3741045275639198,-1.4527209025324075,0.04141028914247959,0.5197537274490656,0
139251,15.84,-0.8378230611677818,1.9757051012300741,0.16685938989267557,2.1519825670043002,0.004005301267938927,0.7544004293190443,0
62120,72.02,0.1804960560780812,-1.6196898655166265,-0.5921141213350033,-0.00839801733434336,-1.3233443321242262,-0.5922806960357578,0
43484,101.68,-0.8252919608308644,-0.14124182106853178,-0.7914676425128536,0.4944664883523733,0.5055193658997233,-0.5238185636690267,0
76996,35.87,1.1464718774879026,-0.14855541490058238,1.4072110214783964,2.206012461671015,1.7568547399621408,-1.077438419030535,0
3748,8.87,0.2625028908518338,-0.5859507687138121,-0.8607379884731032,0.5503804701530215,0.4921250509796739,-0.7104728301209923,0
111022,17.06,0.1227289077054837,0.25287665751566707,-0.9895804037291447,0.7448423352044837,-1.3758556019171673,0.28212652595460835,0
130830,49.81,-2.4301223757273562,-0.2873588741496345,-1.4320196312208788,1.0458034513679912,1.401132236402733,1.6706391583258917,0
44028,78.43,-0.012024028913188147,1.1176324416039574,2.191770332050811,-1.7719597042340383,1.1837769864841015,-1.697296149187732,0
17727,15.38,-0.40011966130113097,0.6838611139319919,-1.743694507057237,-0.8723402853002961,-0.1672866771511124,-1.172287570150787,0
35262,12.61,-0.5581332596574506,0.35747018584872403,-0.00541133465270806,1.0571845385510912,-1.5323803989699238,0.4755667937267445,0
51399,3.66,1.3984839930693214,0.924098128840789,-0.8862384333634628,0.03004136452128492,2.6084654482798135,-0.24411377534822737,0
112020,44.3,0.896499670200166,-0.8842760363604175,0.9278194561160589,0.6514480508711067,2.1319836495006173,-1.0529246194624655,0
172693,32.56,-0.9684836469618956,-2.2295755741118772,-1.066653368918774,-0.29744475464423265,-0.8421637639514868,0.2864962908089394,0
51925,42.31,-0.860523867981239,-1.1178943387202076,-0.3570044894510149,1.0093271050337091,-0.1300588525263863,0.45654466677858146,0
25963,62.51,0.6227691252275501,-0.28803073943922103,-1.773354034607472,-1.3803483209774585,0.5595469343023752,-0.0036568029911966345,0
128126,32.13,0.6193492954346985,-0.7214407498302056,-1.2562860414069255,1.6434361512918918,-0.274040249496892,1.56156758506569,0
54336,46.5,-0.28368622092717277,1.823358962036466,-0.7675465012301531,-1.6970198133235157,-1.1501539793008795,-0.7251253544177355,0
153048,125.04,0.43594762971547235,-1.5445997269056233,0.9258046415960592,0.6675360947941315,1.1500852617375261,-0.6533908347533266,0
127927,51.35,0.5918011911450157,-0.6956454501201963,0.2897671443565355,-2.171124377556448,0.3671283190533627,-0.7357455536280098,0
77485,37.11,0.4489427181929976,-0.5886925246919921,1.5876929682261434,2.764448997785387,0.061016026348572075,-0.6592768441234605,0
65108,54.69,0.20073854075838948,-1.4203017800706945,-0.7903313816984677,-0.2560537903952518,0.463641629535848,-0.8987494245569098,0
10775,3.16,-0.5129742439678118,0.04884839320948488,-1.0389734837147642,0.7328898110299136,1.1268019242896752,0.5081195484670548,0
148746,20.93,0.3924560184705202,0.6520802373549079,0.16014416491537442,-1.8086805686085732,-1.7164841605989973,-0.9623156927902224,0
62768,86.3,-0.1435815887121344,-1.6465113866019412,-1.4122586274178004,0.6296480134298948,0.9559665262067465,-0.7167262390639785,0
28803,78.53,-1.3124886903363124,-0.2913320061249465,-0.7532324766646197,-0.7522096843169965,-0.8895409182894928,-2.2290281873998135,0
94457,34.21,1.3355704555367565,-0.33890854567583373,0.2076273980159083,0.6071510407793064,-0.8353619466176428,0.6333385376116621,0
71088,13.38,1.346673001401146,-0.06068543320192063,0.7597708591258453,-0.19427080463596552,0.6709369388102214,-0.026380711875300805,0
101971,10.7,0.4288111804330056,1.0681610348759842,-0.9519288476762531,0.5645919012080699,0.12333075761887453,1.4542222190538747,0
106239,8.11,-1.1013266287697099,-0.09779499708420289,-0.16783543238043075,-0.43547404803817114,-0.3054412138436379,1.3822390636226343,0
65725,39.27,-1.4035586295636626,-0.6293742112064558,0.5792986450796365,-0.16417161895364407,0.6418034518425058,1.5581663550129459,0
65545,3.03,0.347397486434762,-0.5231043068844964,-0.8777773064358103,-0.45183672820352067,-2.0119999681061094,-1.7285837757809521,0
129350,27.99,-0.5054472096535272,-0.5133130890056609,0.9231533505050442,-0.016226208704295298,-1.5489752115779287,0.4630768465622484,0
75745,43.7,0.16333468067753845,0.7183315431942462,-0.30737031969723144,-0.06928112032913199,-0.5664636491821228,2.4213421166717644,0
16032,212.01,1.2065357234543024,0.03395688516516826,2.0850296762606915,0.5991321013748925,-0.7414712032425614,0.25470260364609987,0
105983,50.22,0.7691357793100331,0.2897844786582218,-0.7522345365274425,-1.4636872101675165,1.6728626370124957,1.3422715921519406,0
57775,32.26,0.6116015615496833,-0.11820844557094608,-0.7093589096424198,-0.7726846233740311,-1.1922248489561023,0.3414676498338867,0
78249,63.78,-0.33577861774042206,-0.32551341299493647,-0.6664799269634811,0.23609729421507558,-1.272082354303842,-0.7285838897547995,0
66418,45.07,-1.3673264612849558,-0.08318066010440868,-1.1349741648992573,1.087791711437109,0.06503261047984459,-0.11959917496180072,0
150871,13.68,0.894458843105129,-1.097643363578611,0.49979173049695996,0.16069560865691823,1.1752144703007017,-1.1107891836563013,0
164568,17.68,-0.4516410891769469,0.23654219361486306,-0.9170280287407904,-1.0687269542063265,-0.2719037003155916,0.7034231795672604,0
80623,10.2,0.641541644936012,0.03807801939645913,1.120056637899783,-0.20542932949320494,-0.48545362138569287,1.132069596638471,0
96731,170.44,-0.1771681151147619,-0.5666705929614403,-0.9311578501566012,0.7776404379759422,0.18132367123690882,0.22092666211416412,0
17071,38.07,0.4414197598929505,0.6228614849614956,0.4833206786258894,-0.928763000450845,-1.5026119641246127,-0.020912349557911533,0
122118,80.02,0.09406984119152385,-1.2426201449449152,-0.03753880137224185,0.9491650626903592,-1.5826596719743449,2.693248986743286,0
156989,67.19,0.01590865839963108,-0.8861126513476503,0.9390889436311305,0.14433733724970335,0.18930106084759718,1.05629850798837,0
171836,51.91,2.6983288359370876,0.9079797578051338,0.017641808735019672,0.7892224990604728,-1.6066257187128132,-0.6407560649927644,0
150653,18.57,0.0778857269806748,-0.3488519971912,-0.1738135128917204,1.8561337994051366,-0.8990809356577203,0.7868053635702738,0
1969,127.88,-0.18705751647366262,-0.060280749027981445,0.0612527103403872,-0.45041888656765466,-1.5875567476782748,0.340444176783171,0
144071,44.58,0.5734474933553989,-0.9439850153478883,0.8405676977916716,-2.191982864740198,-0.5882474013167657,0.5240873339314602,0
105977,7.9,0.669085210267524,1.1370588600455223,-0.24991848483952864,1.5813759691714335,0.07431289044895895,0.474926669064909,0
70533,8.83,0.07388693612455402,-0.15864102604310112,-0.9564671437396102,-1.2624506050086648,-0.6086728021524077,0.5265764384642192,0
96722,39.16,-0.13377937252123967,-0.5167091094298853,0.30369259392119685,-1.0445997893784182,0.8291162842568113,-0.4958797237393189,0
15708,19.6,-2.0474371857707503,1.221165750004087,-0.5076919783833868,0.26500635906830405,-0.9005308532934306,-0.13118278586532287,0
63731,168.96,0.014287211883989065,-2.5500262915163465,-0.39099944152363864,1.596106515312923,-0.837488906941947,-2.301763856031177,0
164006,39.66,0.04052294231700992,0.17289168478769248,0.9239743341675953,0.14056955015082576,1.4581924771811208,-0.35675252915266065,0
128778,14.15,0.32717055287779023,1.471400348166522,0.9354943958784453,2.140308779836561,-0.194438127235645,0.788823601045174,0
21677,122.98,0.41135763115143903,-1.0878375477136197,1.6904526695858395,-0.37098070946534056,0.9339743220186218,0.36645180477525385,0
86925,25.63,-1.4512262989011584,-0.14798874752285357,0.17541364182641137,-0.8370749874113654,1.2478207731502375,-2.020493170524548,0
153407,44.98,-0.49620587574150743,-2.217283710253568,1.6628710985640576,0.8064772299231251,-0.6725122630100434,-0.75948503499512,0
62292,397.5,-1.1211340127579221,0.9075323007926969,-0.18859185110631663,1.6656790805138957,-0.39729841154320267,-0.043899105963785386,0
67172,10.01,0.5574085568511856,-0.8386236735995307,0.8221564326571629,1.245725077602997,0.7673721612264757,-0.4640312162552939,0
148934,104.86,0.32525167585434406,1.1903614197520662,1.4605566355835455,0.548978464203705,-0.5973774587934136,-0.4573457228779558,0
121534,16.77,-0.6422324784439893,-0.7985203921840281,-0.9056955910043086,0.30118695807776713,0.747038926743637,-0.4740782029223237,0
92949,10.18,0.009395354575849457,-0.3539513876737683,-0.0004091858982701808,-1.5819876447035377,0.023865018224493963,1.1455327999159646,0
159973,225.56,0.5339807974186639,0.4122805981435,0.14342318753458425,0.3978444155207086,0.11362736123754591,0.031163399367781428,0
91412,6.95,-1.0040796329550274,-0.3987017824831894,1.7553110706333046,1.529330653691702,1.072727030099361,-0.2647167682272618,0
64929,1.64,-2.4874567587061294,0.10076282290159877,0.4820397972196492,-1.5777532278001976,-0.5761897071061968,-0.4977660870338409,0
51571,255.21,1.2218046849767015,1.9473284869042828,-0.01602499041361854,-0.9026197913712333,-0.34780516463983596,-0.7542179562565453,0
26646,9.13,-0.024129110454973405,0.9343117376707711,0.2397968337419887,1.887166061671248,0.10069301599400954,0.22912134351804278,0
148501,11.3,1.0274793433526916,1.07562679401766,-1.3264348273079964,-1.4628778368074293,-0.9349478374679772,-0.01681184682324336,0
2336,1.94,-1.1797767493745086,-1.716497577143866,-2.318242980352499,-2.1595666776426587,0.48950260404066837,-0.38321462870234524,0
54098,141.32,-1.3620433708547575,0.40142965936746206,0.38595673625863275,-0.1714457434567751,-1.4750892214692963,1.286307121608803,0
151396,20.95,-0.19559323684922542,-0.03816958696642825,-0.48328339429758677,0.4478218764980041,-0.9569361793091676,0.1345257396949132,0
7392,7.13,0.10769944910661848,-1.0034654257992905,0.3898476493774196,-0.7767120908594111,1.1053383380101165,-1.253975614178523,0
12192,15.88,0.759012970582189,0.9483392793291884,-1.2745102093049272,-0.4319329693410244,-1.7489381565543463,0.9947577615072151,0
4017,65.05,0.6617366120969479,0.14782209030324492,1.2981939116966108,0.8484396464540668,0.06767148955845191,0.3595683002534298,0
171024,4.5,-1.9259778184451013,0.8600850677428203,-1.1341276624784327,0.12977573232761952,-0.6931154268296172,0.5896379087761363,0
77505,106.72,2.45987198502938,-0.30924390763272963,-0.5495445908100448,-0.38676278873165104,-0.3812509496737023,1.5124982675088734,0
149888,58.59,-0.8866650346843747,-0.27411147538072145,-2.5188309549181844,1.3767180946022886,-0.8289407408028481,0.04312676211368586,0
35842,47.45,-0.3297982570458398,1.6545132808650334,-0.356455786555902,-0.9512987964965197,-0.3439030610443093,0.003806834228125691,0
71128,109.24,0.02447966985191076,-1.8454238848045357,1.9222389753134637,1.163853902342624,0.3143214458150536,-0.7476847829277882,0
68368,42.81,1.6371217900017057,-1.0399681516170514,-1.092701863247086,-0.8561901045921188,1.0626974013331458,-0.342218186072822,0
123684,15.55,0.3389758936682615,-0.061366040099912866,0.44337598210237517,-0.023803708095732967,-1.0993892277293233,-0.5013980206357275,0
48770,32.81,1.257613112576651,1.4919430591616407,0.6488018161515753,1.6512339717068583,0.5481655589512324,0.27373937750748817,0
7684,3.65,0.6205008990991628,-0.254154530874387,-0.28124290633667054,0.5777866306318398,0.6930110164251835,0.5004640573593597,0
133983,14.2,-0.43263751633352826,0.11515231444047566,-0.7510268068190222,-1.749162801858082,0.3584701300934629,0.19278400358849523,0
141888,3.56,-0.8300704951292369,-0.7626229164355202,7.186705886302617e-05,-1.117757948316312,1.7930526852166078,0.5794788332239186,0
155576,69.7,1.1464871587330383,-0.02473542080240107,-0.20272002943667036,-0.0956041465655053,0.6883339338410507,0.9542352819851656,0
20789,42.24,0.5705847001198596,-2.259386257904186,-1.194339164619275,-0.8529070671409017,1.1105803175087354,-1.8800849902474868,0
90887,156.22,1.0084159699429913,-1.1259508961353941,-1.1550756209601392,0.2126699561701546,1.7073811047544476,-0.16556274105008104,0
92197,101.36,-0.5630810770523736,-0.10312806235137562,2.331486092556837,1.3675257539154317,0.18023638545931456,0.5365353013263925,0
28732,28.1,-0.5140888043678978,-0.4020493002747899,-0.8373820843495747,0.5518475806425102,-0.7652741332862671,-0.39602726286791157,0
112418,35.45,-0.5831657172559563,-1.2864694935694123,0.7096010214014796,-0.5559134963140018,-0.1728964351408084,-0.4145049424663194,0
93610,37.79,1.401500346552158,0.057754146667227856,-0.4267864709234251,2.0916654352700794,-0.29811565762846065,-0.9961033363896793,0
2775,211.04,0.02394638244926125,-0.20315636633378117,0.7202615235526089,-0.07325411375234141,0.45320291727956896,-0.5840441472982576,0
11174,37.45,2.148296863786959,-0.7036563773150829,-0.189751557259683,-0.006959882912358075,-0.09194895767303232,-0.34978133190732386,0
167450,9.62,0.8234231845623113,-0.9597323348329341,-0.42023907486497714,-1.574729373342093,-0.02578850748676315,-0.5120263994141184,0
40953,27.39,1.133688498098509,0.4855939200440023,-1.172411607833743,-0.4067070153662121,-1.8448964382246889,0.11183886506958167,0
25342,12.78,-0.3984452749893668,0.7470588278241231,-0.47740623159781603,0.01691979916675013,1.0508170608367033,-1.3426410837987417,0
13140,23.5,0.5881572644358652,-0.9096321727447022,0.2932713754434303,-1.3596790876860898,0.6346790841860889,1.1114259568440468,0
79561,25.39,0.8226824265741438,0.24959247607438337,0.8934728944259902,0.9537502593951385,-0.2430715512150047,0.5344874865145707,0
116352,26.51,-0.627092824772296,2.0540955829236434,-1.5677723475897751,-0.2196218407316043,-0.22666220299611137,0.6928725545100075,0
27716,23.14,-0.04233189566021276,0.17823974390505556,-0.0795670489861375,-2.364515369855838,-0.7307838340448287,-1.4484453023830397,0
31055,201.87,0.955388571179851,0.02884889479318494,-0.0952011155410625,1.1326224577717492,-0.45394154722152685,-0.24199421242193814,0
35944,74.46,0.15464854323662508,-0.20013455422813764,0.2066596984944911,-0.17282795567641546,0.2927600209148427,-0.9536984332384353,0
54624,65.97,-0.2796127199046768,-0.058607075782472,1.0771925042677897,1.3149370453402958,1.40151631323036,-0.831666596053687,0
161099,9.36,1.2450410082232566,0.18111228888942987,0.7561151761751815,-0.004348486627184031,-0.5482150686954597,-2.381191535774456,0
154455,35.51,-1.17038359810434,-0.750038177643121,0.11543590740131227,0.6389244667485607,1.0509034928830834,1.0364809414232734,0
20159,33.35,-0.3559349170869707,2.0548098186386485,-1.086410953355618,-0.4959992553353133,-0.943380685295771,-0.5069845089258538,0
121288,91.16,1.1077210959824486,-0.3159639513526983,0.11804946668977437,-2.0556997739562166,-0.9527465959689307,-0.627615991220787,0
125926,32.65,-2.722454140991939,0.2665216499782007,0.041589067558433994,1.5353277333766129,-1.5186330490030757,-0.694668187760602,0
148447,366.81,0.11751761915809661,1.8223928325513976,2.9336057061712726,0.7773128872858522,1.1163614518342975,-1.3860012567511546,0
111785,31.27,0.7460239529828163,-0.011589784318821215,0.5669802632671008,0.19860295018044843,1.0372643892756863,-1.6075809236168876,0
172166,34.42,0.0803195726252119,0.30261352594625407,-1.0608842556995841,-0.12786703681621076,-1.2460537751704222,-1.070380547503318,0
167708,36.36,0.32982306086851004,0.7897321246320076,-0.7254717093581022,-0.26149246457602043,-0.9213655751373316,1.2267854255586774,0
16999,326.62,1.512067949141453,-0.548853859632253,1.8121405873077656,0.7549819441107466,3.0092065764966502,0.2579473328101976,0
36212,40.29,-2.010216654566063,-0.7442433669555713,0.17554224383514822,1.2981631514439038,-0.6525529039526069,3.7278333447631873,0
22042,48.73,-0.2981525261999003,-0.20850643095375032,0.9166276887228414,1.161742300505766,-1.1709308154216498,-1.8810370478674856,0
135601,146.02,-1.658774625086031,-1.1127640783210544,0.28668481987434286,0.23423541081056018,-0.716764652715561,1.7587545394107384,0
24538,173.37,0.0105457117410256,0.4828487457481086,-3.0105225163135167,0.28221775497064283,-1.6027689780752763,1.1334063991156698,0
42929,45.2,-0.36331200838854505,0.995954928226406,0.7841701737244763,-0.8498759251174026,0.9858992329492445,1.0833692963605164,0
70448,21.84,0.8594142547594531,0.6626783576861647,0.6779632895993344,-0.09687672718933386,1.1604725053473395,0.675483868137844,0
131430,33.52,1.1044777038374665,-1.4089039044254048,1.4416461833422005,-0.45359008542181545,0.7819040520106344,-1.3560692429916057,0
102215,11.18,-1.156996455664364,-2.4187754670694206,0.9188046467023571,-0.9875043982163164,0.0936710323402001,2.0308815549228307,0
5842,61.31,1.4238989372468513,-0.16508266237098573,1.008752071684044,-0.9013519426236237,0.6554853247141043,-2.3554231876355862,0
41649,87.54,-1.7120450321741265,0.4084362245545997,-2.26887694162908,3.0263039947042634,0.25122920562292217,1.988560723917341,1
6968,11.72,0.30955564676715147,1.0310427387826613,-0.7017273465958871,0.48964766217499645,1.2294856818066993,-1.3920938025032232,0
8068,35.72,-0.45669914469351297,0.7587561926560389,-1.3178109369901527,-0.6418442618734426,-0.08348174807542144,-1.6660674850284407,0
159841,14.99,-1.0630362728537182,2.411640191788569,-0.6709143776847711,-0.4458294809755354,0.7355365558078887,-0.1008651097054136,0
61240,120.16,-0.6760543665488049,1.6881570529027907,-1.688901668563729,-0.9222245213338853,1.12089542499487,0.23403965853332037,0
87954,54.16,-0.3362037366667643,2.8906429903991375,-0.9293245882416272,-1.3191586017121992,2.659440258054182,-0.5987316890020711,0
103409,115.95,0.2274050789916206,-0.003912509295078522,0.31251516619556136,-0.27741743142964365,-0.4576511855575566,0.2589055940969569,0
23782,117.68,-0.16065328636607445,-2.123378538398228,0.5075128720823281,-1.988131814191667,0.712036459360953,0.4582436216800502,0
11120,6.93,1.805668878116265,-0.6860615265436788,-0.2070239606860313,-0.014198069764662404,1.5646802578384538,-0.4076766133753464,0
141564,162.36,0.1501356539562031,0.4888458898129879,-0.8561008274372305,0.10242866407800864,-1.266692736583172,-0.571552160192608,0
103333,34.26,-0.45903167317890037,0.06900350073706138,-0.6029578088814181,-0.48633387724302024,-0.29041557684264424,-0.2485944077180711,0
93500,31.84,0.7692152772290496,-1.4089842999517348,-0.8082454929880238,-1.3004796210339782,0.36205499056930357,-0.3236804254807696,0
50719,13.59,-0.05321243627298323,2.979854516737147,1.2329093740618797,0.6705599911926691,-1.7735734422131775,0.021458174227438107,0
97852,183.28,0.6847148540498922,-0.287584147592097,-0.6400996517169069,-0.6478484525505558,-0.27838878653379634,-1.3425632570442838,0
148159,72.96,-0.8898447709411417,0.7004970631581634,-0.3741735848034373,1.056258453447951,1.125289774298553,0.8070828933138953,0
102665,47.01,-0.9779388355526387,-0.44032568467619043,0.6080926239670689,-1.7964587211700052,-0.552780717467808,0.8976971119425649,0
96019,12.2,-0.5946729871621688,0.4644876055772338,0.37671684786935855,0.15085343680683233,-0.10677975865396522,-0.9308282094389763,0
42828,322.41,0.034204684538075444,0.5902703110753222,-0.4449702029871274,0.7008290998250021,-0.012008236636839758,-1.843051026465278,0
128467,127.3,-0.3680582821436807,-0.6459081732622967,0.36926553465618983,0.8625047333686432,-2.209079052487446,-0.33913086014818533,0
54935,28.58,-1.5069222991380136,1.5291010066732473,-1.0535226203160315,1.5103291698137273,0.6819136630424327,0.060754655714501685,0
96059,17.22,-1.2223646149872391,0.8058977770010688,-2.352786469885359,1.553279187692493,0.39821287842648395,-0.7375618941693329,0
144701,25.63,0.14341763068147614,-0.1471553052168605,-0.21855833833841642,-0.9011373907316163,-1.7299977913169318,-0.10039876994784135,0
75697,23.91,-1.8156489758788175,0.4562033191517433,-0.30266104367554975,0.4450972578421455,-0.880908984196598,1.1379669890013364,0
144355,49.1,1.5018791337963189,-0.021362372441476974,0.02462598855679703,0.08684851905539678,0.24155798328814093,-0.5161014389718014,0
31367,30.89,-1.6076413105231968,0.6301079955837326,0.7848253685484937,-0.532487096099794,1.4264972727185825,-1.0558556403476926,0
87266,23.45,-2.8019115694878916,-0.5754902130961214,-0.897930893380057,1.7524240039160388,-1.7409782579765491,-0.24440828626188846,0
12910,42.22,-1.2244022070472718,0.020590177234679142,-1.133006565781397,-0.049604511158779736,-0.8830345872273673,0.30185332403260934,0
126503,31.1,-0.17613419771077837,1.356728490712121,-0.8956885116957725,0.9939871569053297,-1.0731793873729665,-2.4362293206111074,0
78518,54.27,1.2364895121841768,-0.9971435467856863,0.9741184682336981,-0.4021691573943628,-0.30086244470927503,1.8478250031315486,0
47153,203.72,-0.6900125998145852,0.5559874336901389,-1.0257935849257411,-1.799976570419055,0.1849566199111648,1.6849151796680646,0
23247,25.83,1.3342291941726905,0.534703949636198,0.09922962338107293,0.002823199533097012,0.4973284303652215,-0.4842807298384692,0
91155,62.33,0.5444598695274623,0.5996436407250353,-0.29476407422553264,-0.40843760127265955,0.394314143770797,-0.6992666558699421,0
86988,103.99,-0.8193868304987907,1.3349467283836431,1.970678391466491,0.2027676016233806,0.19089274350946914,-2.648791613688187,0
135566,65.38,0.07957954655656065,1.2129839285493706,0.8559972903065459,-0.3919479071942671,-0.013703386202794618,2.332049604264109,0
117961,13.68,-0.4093202145866852,1.153327763396889,1.3383799037639572,-0.8796956794701541,-1.0944333513488027,-0.4589767802484813,0
164231,29.09,0.435546318992364,0.09912579247616002,-0.6004469655886746,0.3363385616655311,-0.11357174210163236,-0.17918524651344148,0
154978,14.32,-1.5852460107298574,1.688311811452882,-0.6166249422619968,-0.4890834937955469,-0.45631683001923196,0.034752086794251145,0
77789,25.11,-2.52345736251247,-2.5282451003137143,-0.5099145018382725,-0.1687954115899974,-0.8126947248165548,-0.7665912734450884,0
21281,283.11,0.053384272479021756,-0.8281401376128967,0.3974040328868454,1.207446043962938,-0.434371613715728,0.3749168343513272,0
155072,86.83,1.3079641925493437,0.9944102812176302,1.070882292171469,0.5166118585767997,-1.0773403363065117,1.0632013200515105,0
26035,41.17,0.4981119956445415,-1.501836924629838,1.1184694114433438,1.499287758475687,-0.1435575086815076,0.14099987497696337,0
105891,107.84,2.505448905356894,0.4308460051697467,-0.05435127440020237,0.020708683685403476,-0.4744761707438094,-0.5255713514535266,0
104946,37.09,2.1353211239759577,-1.2373536900391682,0.4334636741935265,1.080621208954168,-1.3556334850128828,-1.6339520916417691,0
155024,3.43,1.315821840016223,1.1120606800331574,0.39726633562149777,1.4544569567083374,0.8107801442882526,-1.6642320566135629,0
110350,27.5,1.3610067047697736,1.3114808189602951,0.1489427962412884,0.7758439470699247,-0.3089614708346406,-0.06463554635386828,0
119614,7.08,-1.098679373434385,-1.2949318853402603,-0.3226764649999652,-1.492751175906025,-1.0027775566374793,-0.023717762536903313,0
31852,494.24,-0.6401465050936997,0.8873089624597463,0.6623463197532866,-0.1719949854318929,-0.39903500315560303,-1.7408596894949795,0
81182,18.2,-0.4245981660221425,0.6067300025201064,1.5353337166385135,-0.8544665062670321,-1.391885421227521,-1.4151250996575062,0
18658,11.68,-0.0034808485732018284,-0.8600024751223019,0.5661209469499078,-1.4730064587095468,-1.0437630982675843,0.8324661422588284,0
147973,5.6,-1.8789809447538273,0.18213487101117645,-0.1267892516659413,1.164034397248306,-1.6115656223375108,0.4105197247070703,0
54823,21.98,-0.7606006644251391,0.4086847622754085,-0.3846301320712339,0.13348449541451154,0.3119850711831046,1.8588559982040431,0
106609,189.59,-0.7804046059286275,0.45504509424222184,-0.07692575577915453,0.2620834147001496,0.24610641578230244,-0.17806952730481684,0
71726,220.91,1.0219627766781416,-0.5913493797982777,-0.19845643954403597,-2.0053123968160627,-1.8682538313455035,-1.1483618256478771,0
3712,152.74,-0.9125881981776266,0.438023605328097,1.0851889161343613,-0.5215431781275682,0.6622722476908082,-1.9287965526766615,0
111715,48.49,-0.05750296879491637,-0.632439038076175,-0.7647077295879625,2.2022151446821727,0.427851671102578,-1.3681648144569423,0
108737,20.32,-1.3750852331670849,0.3678195684438652,0.496701612242392,-0.26765577000555346,-0.4714542131582016,1.2207215224441101,0
92876,11.95,1.268807656316957,-0.17091005347474328,0.26483599651798184,-0.5091445494369005,-0.661283338564009,0.5056643028193335,0
68344,35.05,-0.9803882514834749,1.261761160395,0.05553874089166623,-0.13208215153889175,0.1388657981988194,1.2426888722708918,0
67260,98.51,-0.6866045318482008,0.5878351218657896,0.43917042443232585,-0.3245767397846441,0.085230451735566,-1.8232966664027699,0
40992,67.17,-0.004142584944154457,0.04042893983346719,-0.19227831281144533,0.016461622438046965,-1.2135898903361118,0.35793227812345724,0
137443,109.06,-0.33304762097552243,-0.24251644952602194,1.2609516854809275,2.0129558494339825,-2.3022136795552446,0.6144905511305414,0
46305,18.33,-0.5944977224267224,-0.6448089363934834,-0.19518167291457722,-0.5890130393147649,1.6585920158136227,0.2644692571326487,0
129038,29.83,-0.19334094967962276,-0.7828665102974913,1.722709710720728,-0.8132593207385084,0.676047378169482,0.4379633459741576,0
64754,76.95,-0.09621226204057896,0.14147895293467364,0.44564350449009926,0.20143654391728583,-2.02955219120047,-1.0146707842916458,0
2368,5.51,-1.323649570842179,-0.8264913757102347,0.8143398145678733,0.6154392512912192,-0.08215585949035527,-0.7939410426254988,0
38565,88.8,0.2726335143194143,-0.4507844930934654,0.2749307810700873,0.6320083228598582,0.09597916323643149,-0.04818292697839048,0
111072,21.89,-0.10140782972186395,0.17124404768499576,0.810334628457446,-0.4908839576607589,-1.014610826803366,0.9547296883383157,0
71229,60.31,0.233285041087872,0.7162624964685291,-0.32648262377955634,-0.07653593926840017,0.5450042594676882,-0.7698397060158332,0
15088,10.8,0.4685312569051241,1.733441339384263,0.08688513987781159,0.7650271951545173,-1.4665115847458894,0.6405818559353188,0
157817,33.76,-0.21245170271305602,-0.8660067089826261,-0.21506203606086322,-0.8027776748685957,0.011927715647822608,-1.1452416764385691,0
172307,10.8,-0.27027036767460905,-0.6517041482182336,-0.12812841441978132,0.9386107696939839,1.564496773940547,-0.8725247934775272,0
4992,13.44,0.07234521731918178,1.589446936104708,0.0925313917410772,0.22121252991724555,1.3208065337656982,-0.05132549384914269,0
94876,49.38,0.49127402072628285,0.2991834608137983,-0.35210499414442864,-0.13039355220383636,-0.3310979899070392,-0.8381915404378485,0
158128,13.33,-1.422058497167931,2.1648925891014574,0.81788196670747,1.1064063163911557,-0.23052941168065752,-1.0322736333158675,0
67957,34.73,0.47993974114827864,0.8817464007600121,-0.24682333047655725,1.5363175738180468,-0.3032657105770086,0.8162745882328386,0
62433,12.82,-0.0004787180685054915,2.140970296330354,-0.4903284443426062,-1.3774366498828958,-0.1863535461024663,-0.7604628871654935,0
163817,54.75,0.1487806348073052,-0.7808049515789934,2.1719932094942913,-1.066859841662305,-0.2681486839431865,-1.5360796770382268,0
13780,45.32,-1.4786735963102973,2.096161276050951,-0.5392295367895669,-1.2414830859405093,-1.624633070119911,-0.18882984322602964,0
171790,23.69,-0.012365938242364536,-0.4507065591772589,-0.8345148555721418,1.09223944190075,-1.8417597051832237,1.0626546454737857,0
112755,24.45,0.023980019015592963,-1.800770701922636,1.3986246105594142,0.7490878583000953,0.08726833879680854,0.9320025038449464,0
169315,31.19,-0.9331190886861417,0.3339450479990393,-0.5388103588971175,0.5397907333710997,1.614772635562226,-1.2053583152030143,0
144228,10.21,0.019290880373942807,0.2167912776044933,-0.822002520114908,-1.4055840830774398,0.03980750314788466,-1.0418552149661804,0
59353,25.6,0.23873792529135657,0.5627198600820792,0.39546944004558404,-1.4051638599397827,-0.9824839033361819,0.37244071281082763,0
41914,86.3,0.681634223668389,0.9011117810621716,-1.2372549828746278,-0.9019681383783537,0.07280612886260611,0.8481628732304343,0
54312,18.71,-1.1819955218978246,-0.18013560440985132,-1.2972115391662733,0.13684600798785523,-0.028974244550251695,-1.226150963231532,0
63227,4.65,0.5855215328568677,-0.8791531990935461,-0.5399419147193418,-1.2296400897708561,0.18001913941464184,0.2308899226704679,0
84607,11.51,0.6067950250596347,0.30315382837627336,0.5992276306643892,-0.8207966522775152,1.9679694467992683,-0.31206045639121544,0
133012,141.32,-1.2084379117324886,2.2301972232108844,0.042242502205721344,1.4025136228382344,-0.7473854326974395,1.4966861490824708,1
71126,144.88,-0.5112594578695273,-0.20177437629915856,1.5414683957782052,-1.2003642056425943,0.02019123823233079,-0.012713547711493566,0
165465,14.29,-1.902626236431442,1.132842211712895,-0.711058356600492,2.2203517941264916,-0.7462326377000116,-0.5772540557943725,0
9540,9.44,0.4539052294413472,0.14046697573485675,0.7524362008174793,2.475064639169303,0.13078211019153604,0.29248747958499677,0
47893,16.9,-0.9023171545945426,-0.9977562791069342,0.8428026912605329,-0.7753790041365545,0.09172302362698188,1.2309218023330422,0
154268,51.8,0.046637366565965746,-0.035757644373514225,1.0112954479729197,-0.06751400752828958,-0.504663374164808,-0.06305764839160378,0
94704,33.74,-0.8644267053357196,0.7504698619350948,0.06876175084478278,0.0671876754939992,0.02802090072679107,0.11269850904696596,0
27798,5.27,0.5772623672009194,-1.1111652988999856,0.7789321805205109,-0.11621337715559991,0.5231727649891493,0.20888811631055626,0
164490,36.16,0.27008441134776406,-0.32883082658724,-1.1030592641310144,0.21430023205374768,-0.13604263037147946,-1.0478586248809458,0
86694,8.09,-0.13339032211162255,-0.10712721717067626,-0.5864172784885583,-0.6255383602646701,0.9620829327412961,-0.13263291091448354,0
67221,109.98,-2.3851136986930364,-0.1592017115866396,-0.034171881534327396,-0.5379551750240974,-0.5697918621330511,1.0879728674590994,0
93079,25.33,-0.6390653328320162,1.5443334869712346,0.5013366271808629,0.8382239563899374,0.9667333203445074,0.9076087563075925,0
165459,14.38,-1.2107426266291645,0.3479160781208834,-0.7395105712940526,0.09546046755882846,-1.5470529217226574,1.8869092859122965,0
117796,95.4,-1.025219085737433,-0.4222006848047443,0.19392194648153552,-0.022813694047922984,0.4408848014416472,1.2611062789445118,0
10234,12.17,-1.1689809102124997,1.601118685639269,0.7944266892508483,-0.6546930737457451,-0.1958358636053409,-1.0713047309688788,0
87922,19.57,0.5686446160127705,-0.34798954959558315,0.1724198520913992,0.126596945470189,1.128446660369111,1.2512291104641673,0
95408,8.11,0.586801850735655,-1.5198680373755091,-1.0835461924485188,0.4443729644177974,1.4947455139552206,-1.629992686639561,0
115672,42.35,1.3048347633193296,0.4526240299801209,-2.3850087979709786,0.8673995414892665,-1.7782781012550672,-2.324390639711623,0
164559,20.7,0.0217130184848427,-0.6276626960266963,0.2577297412110527,1.391434325150649,-0.7975578928734657,-1.3251970816011804,0
112990,33.32,1.045056145231206,0.4664559729694125,-1.1341944231152694,1.5697195874208587,0.9652257088666634,0.005087358115233961,0
128133,6.88,-0.2619450064243539,0.2425959371534602,0.2195713561410768,-0.22228667368990282,0.7999524297161409,0.451173288486409,0
77949,29.78,-0.7974854973437886,1.4990120682335486,-0.4397183593776238,0.8246903502108671,-0.5801174628460125,-1.1824008349027357,0
131691,89.46,0.04596093604893383,0.16601884787457225,0.0011609867208726128,1.2614608039888047,1.4297898200054153,-0.8188874874106598,0
167248,10.74,0.27924010122099974,1.2640501705071647,-0.507345195984036,-0.4380673661304643,-0.24007846117890985,-0.7470593429388073,0
112573,8.53,-1.7582088766554351,1.2559370400156968,1.9737334427358522,-0.6720310766470772,1.0448787426539725,-0.026915880789292378,0
95676,59.18,0.45517566986882435,0.19136225411161115,-0.7129184102428672,-0.6140843151225307,-2.997073439243503,0.013103258278297057,0
110155,49.05,0.537179814541736,-0.35654242864278574,-0.8284081072387681,1.5570271522103123,1.3095189064672372,0.2347973104655174,0
157164,74.85,0.5354587474096335,-1.4293264709740647,0.871705131061377,-1.5057096623793076,-1.6538143773217335,0.19898543013936879,0
137240,38.09,0.04455216557115131,0.6665425319826307,0.8105949731485923,-0.9367674325830104,-0.11188009906918123,-1.663559227913183,0
14955,66.62,1.5622651106550693,0.35855445988982093,0.568964384836334,1.0654180391517576,0.3588793304465783,0.8651614867964222,0
141706,113.72,-0.5224147283775092,-0.19629361774576656,-1.1769198921315842,0.49826470719588245,-0.34095334286853607,0.010008346808538916,0
100318,101.98,-0.589423411486891,-0.5750581961873702,-0.5466878217372169,0.7146539804802873,-0.21321837282983316,-0.09688592853831544,0
55506,62.72,-1.4621104551954147,-0.28949008043361957,0.1802847729902364,0.4535798521453311,1.3359605561206054,0.27185737922293396,0
64881,24.9,0.6509656787794414,0.10132717686046831,-0.7376183625734388,-0.5117960136519804,0.5322623999156977,0.3423848998712967,0
162728,22.67,-1.0878930121092583,-0.1642137840414943,-2.3021180510690513,-0.29011536499940843,0.5454569028494952,-0.7373871027633306,0
37841,183.47,0.23782954075833587,-1.7367268177644393,0.40239116902820543,0.08685977581361101,-0.011316583385804865,1.590487761287778,0
83555,65.58,1.3461034238624805,-0.2707864969790631,0.22775392125883576,1.005731653060738,-0.04410943312889722,0.03328575021686556,0
84478,17.15,1.5019529651885957,-0.5725860481265272,-1.7414916566140959,-0.3475876229448206,0.5475302274932272,1.0538579686517502,0
90265,18.98,0.5465897256886387,0.4802292619057029,-1.6061208808681247,1.0867689645371947,-0.5605590566866114,1.5291409496859902,0
94914,43.67,-1.7680567191743972,-0.3706979152161819,0.7171699746132896,0.08450580575678937,-0.9114341385878826,-0.34138077704952186,0
57761,11.71,1.3773350295283417,-0.8701631577799022,-0.06602198594602875,0.7079133390535047,0.6797067966320869,0.5420378698608734,0
12149,47.05,0.6368701583954032,0.9280720066606888,-0.36159230006934645,0.3168523387332896,0.03174527441196894,1.5879154325390914,0
28927,98.02,-0.07589878507966075,2.097127212373027,0.027999545194562925,-0.22118302784676622,-0.04921975018821472,0.021317308413626567,0
19738,10.75,-0.10002785894133592,-0.3926746535260844,0.7583887130111439,0.0075386304576006745,-0.03713844494438515,-0.615910983381063,0
2985,74.87,-0.1538087778810355,-1.2137121989732502,0.2894549488591364,0.16400349363955755,-1.0869960871517366,-0.12445652284259297,0
161445,14.0,-0.5432015003763371,0.7848886874941853,-1.223669272060771,1.0773368872783697,-1.925643024558334,0.7604916235056935,0
104185,44.38,0.5106006904103135,-0.43240118727796156,1.103626910444787,-1.1769632050593244,0.3815124510010799,-1.0461106001075013,0
68619,10.7,1.2120907193227362,0.3908699078019598,-0.10464662425820322,-1.7717547790318953,-0.2079620078932045,-0.7108901786657875,0
121668,88.1,-0.5492386533125753,-0.10059310537820755,-1.2421533507916103,0.8199007767588492,1.2426743804669471,-0.8359334011037601,0
23569,121.41,0.15939319777622218,-0.32641762614809505,-0.21071048057617164,-1.4480832081439898,-0.3030367639869885,-0.36641415772085745,0
160472,10.14,-1.2642950283561913,0.6390202128124041,-0.4876267894921694,-0.009613187627359077,0.7565613457638076,0.3018674055897961,1
8125,51.14,1.3006254010559588,-0.15831961259537855,0.22794726206260926,0.477527911111184,-1.7494631683311064,1.52433024100268,0
136917,60.82,-1.308684130989139,0.09782649185226754,-0.6916284254233128,-0.28163051597274696,1.0071968560019282,-0.08650890768996963,0
27048,5.42,-0.24530748618780235,-1.9921855663492136,-0.26064884989492215,0.5338376997480403,0.07379216989812779,0.18969099524243158,0
105595,95.37,-1.0198013336945937,-0.28231204192492954,-1.1978537453259108,-1.168720911568326,-0.7680650374313074,1.6191445538188523,0
111541,45.72,0.949263174282309,0.4710804040968864,-0.1220596953690234,-0.05354565229242677,-0.7359259896700556,-1.9874353047706477,0
57545,27.1,1.5323803825876219,1.1389106114800476,1.9546625434624896,-0.41340289829011123,1.907264424339979,-0.27866794488257657,0
162005,27.37,-0.5382371300747891,0.030283636552963802,2.0290898599490657,-0.1822867064294734,1.5055071485491969,0.025342879468851085,0
151094,72.43,1.587400602415537,-0.4033147673217075,-0.003671088480515556,-1.005107500838015,0.6066594577131273,0.2691215249597905,0
114099,25.61,-1.1040256334723855,-0.40359333698691013,-3.1992646452121782,0.28385728982886005,-2.464674484669272,-0.15344855244114008,0
32088,31.97,0.6184072157441348,-1.1424818981184228,0.29459262094337224,0.76920464888916,-1.7917385924612461,0.16414366454732138,0
161152,20.92,0.7907593122325293,0.1853966564677613,-1.9178326617980233,1.6748016779357304,1.4793044444184598,-0.646493116437508,0
74964,57.51,1.0929591108966683,-0.6118288167399027,-1.0152542733462815,-2.3647281730951435,0.01976919103722762,-0.38426816929256485,0
93471,30.23,-0.013283088959019524,-0.8184750861301682,-1.1721730470264382,-1.0704829008734056,-1.092528161811434,0.5589828302245257,0
161426,47.06,0.6928152103009226,0.3342754660765211,-0.03694118646749832,0.34788253120223395,0.9854318058692866,1.0081109620075246,0
84665,21.52,-1.1251978277377233,0.6098125198747528,-0.018166881405454506,-0.5305383182926822,0.09954158189574805,-0.2756310996678916,0
163865,39.96,0.2257880340855212,0.5834335691559652,0.34819882846444833,0.4771231706295671,1.100927921666182,0.3733900671074874,0
98818,64.64,-0.8574424295472166,0.4348929626773385,0.818908306347284,0.7519209996279153,-0.44757717888955345,1.859244147838669,0
73319,21.2,2.05451488940476,2.262568808335318,-1.2590027269681512,-0.5316381701269749,-1.1356864918090044,0.18077901813447167,0
161980,24.97,1.7293008660447564,0.7110461025453031,0.7875534068050477,-1.711204029011989,-1.1867714176520807,1.276289573744115,0
71947,8.13,1.6009079918889153,-0.355546671190706,0.2964675660492255,0.17967401846044603,-0.06380455772744412,-0.16605438254886842,0
34872,133.68,0.6706871707262329,0.2438269266167647,0.0057212810991223995,1.1901096456197409,1.2353666004596373,-0.6226149919058904,0
131461,42.41,-0.39925664594596205,-1.1603368561001515,1.1066253091372844,-0.43706648669361503,-0.10231258554697635,1.4812176960243855,0
26641,8.45,-0.9702713259082388,-0.19200127026141986,-0.8033419752904754,-0.896084697880049,0.49928294084604374,0.9534512982258619,0
166132,19.32,-0.24717161224439949,0.7985049046156689,-0.9119399468116645,0.10280328501992952,0.6362026594027826,-2.0194482750677385,0
61001,36.86,1.5564160355717669,1.5095468626126316,0.6891895986981486,0.7556334826820653,-0.1973137533860654,-0.2653735811288406,0
151638,23.62,-0.2785847237567147,-0.6700905738180335,0.644451157913382,-0.492053012010198,0.6674625719890295,-0.3607029268088617,0
52638,7.08,0.6469045232565658,0.44230215613534063,-0.73238274559508,-0.7349101506329294,0.8211222596085062,-2.0364109516977886,0
172502,33.41,0.2315284802175192,0.28483969535544995,1.2395377452342413,2.1510243728524974,0.38161823909981796,0.8163569837244667,0
30841,15.31,1.1064617708120716,-0.15506204469847845,-0.3165457032097422,-0.15908666436861338,-0.2702653843413827,0.7800059609916365,0
152035,38.81,-0.5911468299256105,-1.4882582128230326,0.8452710294458669,-0.7190047772250318,-1.7099084443537065,-1.4627395648477357,0
2708,415.68,-2.2832386346150395,0.4709670697851621,0.23779736313905933,-0.8085121927496709,0.9721870698180928,-0.05360949106868325,0
81929,8.66,1.7816847864668515,-0.48879979835093157,0.5604146322087054,-0.23862971487182286,0.6200135746549539,0.6300845249015015,0
66197,10.8,1.3351126678040974,0.8463514262060201,0.24560281705791556,0.14882672903163416,-0.03139033582737019,0.029018734725870104,0
129048,15.55,0.44103583485076286,2.259602027742478,0.5130633430135693,0.3687963079582999,2.0628329189248054,0.47383794556642633,0
97239,32.75,-1.2952586206671208,0.3408645992482214,0.33952994826365984,-0.06739425319379243,-1.265959823800332,-0.2728467963400065,0
152424,18.51,-1.7447603876053015,-0.7249141537654967,0.611106095446024,0.4133487785502528,0.15079889063409982,0.5022035512080119,0
85024,45.65,0.20348200345228765,1.1230803993406389,-0.3615132271068674,1.3060987127657413,-0.534584267655453,0.9360643915869674,0
129981,12.65,-0.08378309988906465,0.7018822520592939,0.9287675350757748,-0.8972931814242199,-0.03025137031157171,-1.6587980969520195,0
11400,583.03,-1.5537936995679513,-0.30675030743803755,-2.6428687366826145,3.1782969551018114,-0.698510933288655,-0.1479126639582169,1
137717,5.28,1.067997778058972,1.6350476706194583,-0.6792903196276054,0.9712184131925081,-0.20597627863004633,-0.5690618332871065,0
81317,18.43,0.8810621873806654,-0.20292395653422776,-0.7172639058443472,0.8643070588515412,-0.8313481403013134,-0.015194776796849207,0
127015,48.4,0.9907108466240852,-0.3220119706174046,-0.41800912863341977,1.3318803042753538,0.351252629622269,1.3712713963032201,0
3744,13.53,-1.0581464312944115,-0.42093356458376585,0.3259636053279932,1.789088982933061,-0.5461208297493778,1.534145570051164,0
152360,64.84,0.19821732772082012,-2.160912602766722,1.5535948104498276,0.07332992825063586,0.6903606245779114,-0.5210688772410091,0
83457,87.68,0.032264810771252796,-1.138782936976213,0.359521062140472,-1.2956283394719723,-0.4983927119536229,-1.0729397230783215,0
108215,121.91,-0.7101366068373821,-0.29409430838863376,-0.8871625883628546,0.09206229554656235,-1.470033586810926,-0.769568714404685,0
11138,45.05,-1.4902475232990466,0.8566651198694065,-0.4944926018821485,0.15300537317866494,0.012983828902915837,0.45007717316738993,0
2839,2.58,0.2944189776840481,0.64837277770979,-0.47904997353716,-0.34617644959420923,-1.2063007031518125,1.3621872268435276,0
39384,40.02,0.7882916566360036,0.864584791751771,1.6841704063406324,-1.5330015786034301,-0.7691649970287228,-0.28297246036819323,0
47915,26.69,-1.6571435851323046,0.11126851916748945,0.6633830488473854,0.357821062519898,-1.3364209270040848,-1.6031633657174116,0
109089,20.69,0.6927757697082377,-1.479089288097522,-0.2903718440159333,-1.1981609507468876,0.07861262596654432,0.28258929888958556,0
27723,37.18,-0.9009211185541528,0.36539620823619295,-1.0330288450349439,0.6506049536314097,-1.341046514585189,-0.6091335023449491,0
8894,32.42,-0.7087782027214982,1.5329782475310847,-0.9791804362775993,-0.9689620553135486,1.0182318332034739,0.09373257977307926,0
20056,19.1,-0.578212098219754,-0.12715602945673044,-0.4140052351384046,0.03345412020148505,-0.09181338373759046,0.8118501934549863,0
73530,7.64,1.6000978468204783,-0.20025382681277568,2.111613218417973,0.2523659241830736,0.2887323467136946,-1.5351374184243913,0
102795,65.83,0.08127716759106869,-1.0835965446725377,-0.38698409915769044,-0.6989028820243047,-1.2459023501092221,0.7109694066107327,0
163,12.44,0.7138774440901375,-0.4472243596775238,1.01013071434825,-1.3869704479307934,0.9489039560620852,1.8500446785425875,0
95989,127.63,-0.2665473042807473,-0.0846708974996642,-0.05091773033921787,-1.3011841325285654,0.33549365214939025,2.190104779124827,0
42891,20.11,0.8048559381800797,-0.011006321628407697,0.6943993421472372,0.756540787187405,-0.4434141473921472,-0.1806103390342934,0
21732,81.02,1.5844943751570586,-0.8190526431188059,0.09888721585518365,1.2635130428331494,-1.341405768133854,1.8724201048337652,0
168639,84.56,1.2687138945765704,1.8878589879586387,-0.5438015954613664,0.5959633088310913,1.2127758617035702,-0.7008636538282025,0
158056,8.72,-0.6140381615494112,-0.33159377893154535,0.23140635127741563,-0.25172434060751725,0.4647909391090366,-1.2848482634126392,0
28482,61.25,-0.7728337308889638,0.4105067914863815,0.7803955945851848,-0.29734154511552263,1.1507415009103594,-0.7424155074884994,0
11485,25.88,-0.9989363762455913,0.5200043808008099,-1.1162901703011392,0.45228716578347633,0.26768740232728816,-0.9729967645226961,0
36304,83.09,-0.30821592816082993,0.850004267969593,-1.5189951632572025,0.43850615570885465,-1.3716260698570923,0.6277706757271868,0
81942,23.89,1.2237936225131651,-0.5891790496976468,0.5196374682685905,-0.6876247190613484,-2.086339906592822,2.4730175966187034,0
10749,26.56,-1.66871386234613,-0.2462901426088,1.1951854024030977,-0.5056562781784717,1.8734151236121512,1.233551713168691,0
68577,11.63,1.2696132625998429,-0.03789283179468944,-0.13170025385990994,-0.9492134807566824,-1.0649197529339594,1.6287302412863396,0
61246,27.43,1.1494873640103684,-0.9834497634779713,2.7859119139940556,0.24729405348683148,0.5059780150403742,-0.8744078870912738,0
132212,18.09,1.2972975339255457,-0.44736294916121566,-0.5691697776807892,0.2626834579468364,1.7461053201173238,-0.7303215339771693,0
1542,24.59,-0.7204550706750589,-0.2941231803761696,-0.5351642671676378,-0.7997401481499686,0.13408868558333098,-2.609899364183232,0
41520,31.78,-1.7101751013917943,0.4176751006519598,1.5622442106382912,0.6093508955780412,-0.9624303723154463,0.08801138215993357,0
55480,77.6,-0.7283292684217407,-0.6903370624483454,0.783040907286443,-1.2153609826070058,0.693013719684713,-0.7857751523064146,0
112169,17.12,1.6772395929744568,-0.8706427909666666,-1.7599519260721297,0.5979486139927381,0.7467647387602364,-0.45069617981918997,0
66788,39.07,-0.9614718135105067,-0.8791360931076848,0.8654032700022395,-0.18015896664656378,0.9832516066606422,0.11707437506133987,0
159903,57.59,0.2750022982918108,0.3520386129581204,-0.5855215618957392,-0.4110558072784743,-1.2080303881184848,-1.3401220019276856,0
134461,36.52,1.1523486389619257,-1.0449250346222516,0.47787893609605137,-0.8556789665258027,0.22589802074870438,0.24869147751808612,0
80173,86.27,0.3328164974324357,0.23648236599476458,-1.2442608010534286,1.7896434807759447,-0.932882199594559,1.6598174028159918,1
49147,147.03,-1.1898605537302682,0.1658029379447068,0.9746077169802854,1.5913904995493393,0.719926452733727,0.953406727318666,1
63059,89.23,0.7998872897059834,-0.6854728526884201,-0.5308364057146827,-1.4435884494127649,-0.5431732164768234,0.4968901533612756,0
12100,11.87,-0.5867447607300117,0.7259236116484019,-0.772517475684394,0.868723256173968,2.045439802897123,0.6185239710746582,0
166597,15.58,-0.08119318413546972,-0.6651402992844123,-0.5484036812635643,1.07015853441254,0.47522958150662986,-1.8554509012233178,0
110317,22.41,-0.3829992144834577,0.01690619559011259,0.6385846660585501,-0.8333390725422531,1.3353758419158992,-1.3062178008891838,0
103177,203.04,-1.026625482884179,-1.6064589010404138,1.5857745680463387,-1.6334374113986085,0.4014086259845622,-0.9286626771249666,0
95071,87.11,1.0945624546137955,-0.2966687366744715,1.3058610861868123,0.9066790317028058,-1.3446021996987705,-1.6824688961006844,0
65726,7.06,1.1433981071495527,-0.7551243984485184,0.8293439252262819,-0.3702140306079106,-0.6796913292586281,-1.3571274196708971,0
147550,51.86,-0.1149509314918426,-0.7259180859937786,0.3847505337668032,0.036152527925827134,-0.7091465899615225,-0.41836502398950526,0
99239,112.31,0.5399509007551029,0.3904842938743351,1.5246767428475672,-0.37478379381323196,0.771517940987039,-0.38148250142278806,0
64575,87.57,-0.4172653653223936,0.047104697759313356,0.29330623601702466,-0.26741280588854754,0.6277260531400652,-1.5235954481592393,0
111032,42.5,0.5546387081318072,0.017855301482174405,-0.7841627421933196,0.6960424110964861,-1.0512963721967525,0.5524368099775481,0
118490,44.32,-0.6115158020383546,-0.42177686438763046,-0.800840916162789,-0.26305633788955163,-1.2576295233777415,-0.40306778339484917,0
72567,7.2,0.5237277654138535,-0.4926548532134034,0.7873751382239931,-0.3044430708393211,0.02539465250022721,-0.41950667937065866,0
162893,12.36,-0.49061223402665266,-1.3283517915128675,-0.3798912086875837,-1.325884076953689,-0.6666113122075713,0.7469069027962387,0
52528,14.38,-0.33953015666598657,-0.6328075992221822,-1.6792080900537842,0.25725604702933647,-1.5055651850946052,0.011581115378658139,0
116859,171.32,-0.4871671830291446,0.11054911955213079,-0.6840434450400951,1.6927134330812508,0.45139595241603503,0.13705561276816447,0
112082,292.53,-0.17444393428528215,-1.1488401196158635,-0.25880086360891674,1.5763575462909234,-1.1639894641274782,0.005665584415509767,0
155232,20.17,-1.5297489550040915,-0.2253481337130077,0.8439892521191966,-1.4672723981921136,0.10641932274471189,-0.3650694658676888,0
6102,134.24,1.031380525277331,1.0033133128149014,-0.2665722849289853,-0.012195566593894366,-0.6307448667635317,-1.2367948904960246,0
127016,38.45,0.780201721186075,0.472953564713271,-0.5951689990751792,0.02715490922249759,0.9218262915072898,-1.3315122991122168,0
155890,12.9,0.1602688574175767,-0.7997428881105317,-0.6432484312125671,-0.4711130235913006,0.3384878021042733,1.2723207049110359,0
56408,121.51,0.787276293122914,-0.7814760658012543,-0.4217690877659065,1.316545772622688,1.5002569910125267,0.7005091135757333,0
94270,173.51,0.9944145282075845,-1.9793197948526953,0.153427380385389,0.56902814598146,-1.5271610333780812,-0.5405956160627782,0
19710,24.77,-0.09860839900467729,0.8713536757310174,-0.69622838037218,1.3404391359650913,1.1137375141386876,-0.5691120403904832,0
6901,14.73,-0.014944079421074246,-1.0374416964083255,0.023432127147405314,-1.0877686222975695,-0.53344027016372,0.07434575564982325,0
8210,68.2,-0.6226138999593189,1.41484013645926,-0.9076577082414645,-0.20762913652587592,-0.8143183987396746,1.599091209031255,0
74637,10.56,-1.3070983443991324,0.030848667053507126,-0.6378040674775352,0.12090591508605468,0.5554887750628047,2.082845263569113,0
118028,36.5,-0.7201539770215667,-1.2209505709988706,0.07590102288436813,0.4294050800903108,0.818068192958736,0.9060041545055426,0
97624,59.4,-0.12574629749577262,-1.5444549090835542,0.013655663837457525,0.41758838164278955,-0.7982964083451088,2.045830806014821,0
15372,9.9,3.287761187388739,-0.8097605415999324,-0.1465182790115405,1.984976882495215,0.5820807445552683,-0.32859045439370943,0
40108,70.17,-0.4785542667177183,0.5921029832024916,-0.4866628073236956,-0.11327475327815528,-0.43163643408593794,-1.2219074599865367,0
39062,38.78,0.7958638123412264,-0.14958531531737618,-1.2998744073684523,0.2535929416908065,0.5160827786355244,0.7391499604013816,0
97768,47.29,-1.2270140772885358,-1.8642698372564723,0.25094319323665915,1.2411183724953738,-0.14345719491970216,-0.34779112905266063,0
66656,73.86,-0.6794449849177494,1.4852165841471172,0.3446093205941101,0.49467151944802507,-0.8745485241490512,-1.1949698952605172,0
39850,7.5,0.7520463836188297,0.36384043429261276,0.802624760078478,1.155994453672315,0.1469036729158661,0.3885218732514541,0
119006,29.53,0.4133720291303957,0.9491660702381609,1.1104972790915768,-0.8240676674105768,1.8463965054124993,-0.7839853232605749,0
56985,30.54,-0.7506268219767557,-0.3411997326932956,-0.250854661227695,-0.14874071479913828,-0.3979230108074238,0.02997712153848553,0
94439,24.44,0.5382116054922572,-0.9396095170978495,1.5676503597875036,-0.7574086559794119,-0.9264938428760218,-0.5433937298246726,0
76240,31.48,-0.09216581082147648,0.24362002148982426,-2.4237473182779774,1.6394205485064035,1.9157446518204777,0.744529923983464,0
23624,5.51,0.06573766004728737,-1.0418869324773683,2.672156742628014,2.3819449834156243,-0.06810362457713282,0.06248998568788651,0
95432,58.97,1.4295196585259922,0.8530604560516108,0.9908028561228497,-1.2493744844749142,0.8251163597626673,0.28461595346505564,0
86740,42.22,-0.22535148504419977,0.42698368386209967,0.28945107285065863,-1.362600279749463,0.7903860961551117,-0.08203249954543008,0
63185,225.26,-1.5908458568586958,-1.0594214070820567,-0.6999809002033711,-0.398538752990072,0.757751315277474,0.6217604421231091,0
115357,99.8,-0.7131923043661328,-1.7971436676291046,-2.6005359274290236,1.1672470934456998,-2.0819540395515617,0.9931008206116275,0
78513,114.83,0.09468138947073004,-0.10477201168153431,0.6220649049902,-0.12960994528368533,-1.1032587225641184,1.7337990341370537,0
121724,110.97,-0.2422880981783883,0.9422300175678358,0.4360510747759399,0.5196797005159772,0.8942490069679787,-0.37112799059578944,0
110986,32.77,-1.5407578083153624,-0.3285665162529581,0.5303943059247528,-0.03926844859695634,-0.19151364993265155,-0.4931356588162148,0
81121,30.89,0.829149035059542,-1.168490892099267,-0.4089155349199863,0.18225844358204224,-0.14787314777976282,-0.06867285406832548,0
78707,92.1,-0.5181340566668573,0.6252895125420684,-0.36019790848493516,-0.16279168174956857,0.15396226626563522,-0.0607013174805547,0
11116,52.32,-0.7411626686348293,-0.4042782442120789,-0.4333554411706377,-1.2082514507975155,0.6641054995099086,0.419081012564048,0
22601,10.35,0.749698021444869,0.25158791799884483,-0.5972653732735059,-0.7281768467966099,0.12621846762010605,-0.45574330933421564,0
126945,22.38,0.9346547073366236,-0.5483967878111827,0.1212437318203795,0.5356375884651636,-0.05359609895290359,1.6420340209859967,0
118451,88.1,-3.2415138253291205,0.24527693221760752,-0.6504739994592169,-0.43213811356877607,-0.9054192511734379,-0.8172636531584174,0
5698,6.33,0.011651707685245566,0.6647630897243626,-0.7736509118677243,-0.9175529183419349,-0.6340449517885848,-1.0409760092942055,0
162026,7.61,-0.2662129504064916,1.0288774416789441,-0.7872096877850634,0.7728881782719921,1.046909740924715,0.524730894165268,0
62032,11.62,-0.08857106726878992,0.5558584593174067,0.2089192734777545,0.04308374220212008,-0.417538228326973,-2.6089131132522208,0
917,7.15,-0.08755354645343943,1.6563225078035575,-0.0784896243763409,0.13036405996182662,0.47088781575401856,1.7168974461534028,0
124249,66.37,0.4494335159472622,-0.1636336708574914,0.25292720421312587,-0.6001564950088275,0.936820043574258,-0.7316018661213409,0
75945,108.99,-0.31170759246721447,-0.6375798578775357,1.553247186688754,1.035946140314855,0.086953290111869,-0.3901352775636263,0
66216,30.06,-0.7146641168409925,0.9465485277167823,0.8585514701033784,0.9287905983168195,0.23201646640365564,-0.07889307955282317,0
168645,20.19,-0.1735444175613875,-0.1681396460491672,0.5185128336026553,1.2162938850972826,0.7233175788890196,1.301808877454733,0
105570,18.69,2.3456241618964406,0.7159104161288095,-0.3527007950036071,-1.2650855980982336,0.06364199271316777,-1.7967832458768926,0
2336,46.14,1.0685495584552998,-0.24439983553751055,0.06916979303598314,-0.5950527062908985,-0.9256671432872929,-1.1191617669735479,0
35554,77.74,-0.7227802554444938,-2.553631015648598,0.21975295512754914,0.8123211911459796,-0.17448416937187447,0.9352125215054032,0
149329,59.72,1.0733401768635453,0.7324765292380994,1.4556748574583571,-1.950170784524399,-1.115929614872567,-0.11160030732949783,0
40738,157.4,1.0621674475886602,-0.2359800988669462,0.031417473466550466,0.21209304417609687,-0.6423213996119603,-0.010277063916677357,0
145051,29.63,0.5224452109266943,-1.5110935484525234,-0.016073886162074582,-1.068507632151937,0.6945956590694305,-0.47143887390655664,0
63646,27.93,-0.2592218130040925,-1.694039281225405,-2.672207384471349,0.6388666960288489,-0.8175391281758652,-1.3081741099619286,0
141368,24.04,-4.4958034232285335,-0.4951764253722457,-1.757843997717309,2.451622411477823,-0.5860562125836829,1.7822168787020187,1
20559,24.92,0.7265116223360603,-1.222362807004254,0.34087079134628084,1.7960442082661843,0.13739870675288013,0.9332619042339272,0
60128,4.78,-0.14031622804715976,-0.34513723047659045,0.4810976654282442,-0.14037333561142493,1.5866519998435806,-0.8073787727617568,0
172388,17.02,0.007673193321506307,-0.7683234936966282,-0.30091771324534927,-0.8588602461456193,0.7531312855941531,-0.2956647866854629,0
126374,6.51,-0.6235968803326393,0.201066990031392,-0.6601640866135599,0.3788620827423358,0.38599081101934346,-1.1718764490659612,0
168152,225.96,-1.6191730565158649,-2.968368430235852,-0.6282984920177531,0.3939632237346047,-1.390095413249477,-0.7531428760730741,0
116525,14.01,-0.28865816067923,-1.1804984869976387,0.2685359302445748,-0.4223210581102033,0.49986161047286753,0.9569017644237401,0
111585,19.51,-0.7031564622558137,-1.0844706235787835,-0.48933237546220554,1.7113005153104637,0.8189577560280582,0.36940006634770517,0
109575,346.91,-1.709226399202596,0.4412398221702712,-0.3321777939307386,0.9276494887096202,2.3993772067064114,0.3835978811834191,0
116421,22.35,-1.1231950508753776,0.46426374323579306,-0.5412944891384287,-0.26015677962667516,-1.8418395745742793,1.4407298253599683,0
103061,5.89,0.23946698878043493,1.939463549570124,-1.7625271113450138,-0.8021844392180603,-0.2055359116625379,0.9255233109024362,0
50138,88.47,-1.2629629368673227,-0.7480718043216674,-0.17732278789003864,1.0364323557451673,-0.05967482488355891,-1.6148367715444396,0
93326,129.05,-0.008870932289573393,0.017414248998230967,-0.6037410931662635,-0.06476645695970673,-0.373455201417417,0.7893347729815176,0
135504,39.75,-0.6489985204731576,0.7567270028534282,1.8062822963825986,-0.5102497897285304,-0.9438467555786535,-1.289025227630941,0
89081,20.77,0.563673654270156,-1.291807453667116,-0.23140800165325723,-0.40369311946563347,1.7020209505019264,0.3127231467873003,0
139282,30.78,-0.7721489637119425,-2.0471668851634712,-0.29688598269229904,-0.8711899537846677,-0.4404834825608441,-0.4920167310804446,0
93384,69.1,-0.5066348337879193,-0.5564657778499762,-3.3359015494690962,0.8653749705965644,-0.09191682206947607,-0.3735596807976833,0
134508,103.27,1.0326575166220122,-1.502265252340281,0.9023257611303859,1.3266216394999415,-0.25277165965789977,0.0033719922098608456,0
19956,11.07,0.06440752243194205,-0.2565948357895235,-1.3383418253219395,-0.25017662924691386,-0.35036584441580504,1.527185144183875,0
14031,15.46,0.5106761378588074,1.2199431992328313,1.3424598894067097,-0.43419761794383066,-0.006275072464621584,0.801425275547332,0
587,10.01,-1.124200096946978,-0.8532181181418795,0.9481500118021107,-1.49414979514256,0.19797212515287052,-1.087602821767552,0
128377,29.02,1.4955717364824264,-0.18140603471718997,-1.336269636551354,-0.1091385848457553,-0.7930840915432718,0.13045342520921724,0
143026,4.15,1.167217733304373,0.41665906054859364,0.27046350873055675,0.6687974658652647,-0.3113031075103353,-0.1427716489464101,0
92601,69.39,0.5753567245201257,0.35874138810830297,0.06617883186510318,0.2307685386646072,0.7491988165286851,0.7639281324111726,0
58692,1.73,-0.4617450413461271,1.7222673909870256,0.3132512598017035,0.1833680033318635,-0.19543918906152408,0.1151993446996325,0
112911,76.18,-0.8818184989854194,-1.471211744279153,-0.9869126270033162,1.7167627491843505,-0.2166960864283521,-1.1754589912628686,0
139788,12.43,-0.5927028229571065,0.9918537005078577,1.710808544114316,-1.1862222615110427,-0.8178087971443538,1.1288724926467466,0
66624,31.65,0.515719619170136,-0.9073809527633206,1.6956125332780865,-1.2772576684399324,0.29131045628579044,-0.3231434786224676,0
67889,122.76,-0.32417686104064125,0.4497126074965085,0.5469684731271998,-1.2344221720663362,-0.8762890345609291,1.2733784899006386,0
18689,33.52,0.6550780176305259,0.47373166076865714,-0.6614541099507707,-1.564183402338887,1.0518590322005363,-1.3870028269138248,0
154946,177.22,-1.2094353289590587,-2.2082780198800926,-0.8017891079510504,0.6731698148202521,-1.7357889304385166,1.664646536433969,0
122808,29.18,-0.5621623419347272,-1.158001806522232,-1.1399312719358956,-0.22077660360113002,-2.112888358164718,-0.11673553103181841,0
67990,98.67,-0.3743900332069141,-1.0439209802489835,-1.362029682001001,2.368045592155442,-0.8773425286979435,1.3643013268920965,0
41243,41.94,0.6734288127536935,-1.3212337376636916,1.3097571658740361,-1.6455544528933372,1.2494188497398657,0.3918506029578167,0
111496,6.94,1.1770006367903372,0.5514365381755453,0.15319314055807765,-0.6980315046409635,-0.3608171821336399,-0.19343888045586385,0
160371,230.72,-0.19543484652276386,1.1262381884363837,-0.6458489882940185,1.9381904707770388,0.9896045427573453,0.3833579367775718,0
33756,1.8,-1.406719432559558,-0.05139492719252362,1.6760214587599298,-1.557717116529638,-0.9649072554094067,0.322142467578984,0
160595,60.38,-0.03826128246415587,-0.1858056100997783,-0.8691292424979301,-0.5011285102993281,0.5870760678472422,-0.7582625940182287,0
104135,22.3,-0.18186006579016192,1.3382496307620757,0.8136899670407284,-1.3855642638993695,-0.6951599887201965,0.853884157420803,0
61212,22.8,-0.041491104577379236,-0.24421504017566917,0.24708565568740534,0.3033923751977811,-0.07682770101146585,-0.29690258067065695,0
146964,102.33,-1.6653846382409996,0.38582148643222297,0.23763640301074465,-0.40742119820453704,-2.058526088833248,1.7884593771337591,0
154555,9.95,0.18301292831148205,-0.15308373300965544,1.2069703246322492,-0.4121565551918167,-1.3974893403607938,0.7593045713369206,0
70017,13.22,-0.17426703446692562,-0.7675070366738105,0.34463050463451084,1.7264563718786883,-0.3119019735192496,-0.7611134689080887,0
158015,86.25,-0.069851868183643,-0.9496002440650042,-0.1008609230790248,-0.3499078304742111,-0.31350668522774333,1.8157419248412825,0
32299,36.07,-0.06431045011924605,0.4915865075904735,2.111057978634891,-1.2203736530762201,-0.16874333829171168,0.01702027062294713,0
123364,14.1,0.6490933843875007,-0.36924389161575705,-1.603997614754958,-0.34864509091713247,-1.6935002946143993,0.11789559186044887,0
72827,54.54,-1.202671507771992,-1.71374357412924,-0.0012250383082545331,-1.458192484316987,-2.1862783467740807,-2.204236304857036,0
23387,194.06,-1.0509411661889605,-1.9890341961712958,-2.0017254812342866,2.491248330007266,-0.9041313739919301,-0.5311230227989046,0
61413,6.72,1.295207072669644,-0.6840460303790417,0.44726655825106904,0.2290329605981383,0.7018220302806755,-1.5973939442063654,0
69669,12.99,-0.24965553821891934,-0.5050172707451764,-1.6131300189146887,-1.529015024414789,-0.20629862925865855,2.033782511765904,0
102916,16.63,-0.007480796740746615,0.5358569424886379,1.1289065958772229,-1.1912941058850146,0.3680649377469412,0.5138927177604261,0
170354,80.33,1.378142680497613,-0.42343658317927757,1.1021953187712001,0.5805590584064954,-1.00297265696322,1.4240890967804762,0
149369,55.37,0.03162197391024777,0.4918144010879626,-0.04052238352693171,0.6597747586417776,-2.2543576731044745,0.43860874433613145,0
118324,31.95,-0.31167588576523414,0.7641582999318943,0.21554563500995175,0.5142655924148591,0.5521785550573632,1.2586184290625015,0
14382,52.47,-0.0709053625273688,-0.8106575556986726,-0.07535224125955695,0.001734935873873215,-1.3937595359168644,-0.7937059803596388,0
139839,38.22,1.3250046549456387,-0.3521804481195873,-1.8929710769218067,-1.0848245709655016,1.101345039542963,1.1959472006561938,0
103892,70.35,-1.89203357248567,-2.2816620724205774,0.819999135917259,-0.9559819161112457,-0.6212343649322007,0.7099639320067097,0
123855,23.51,-1.5530352778398206,1.8627596863802822,-1.2318686881330803,1.403619668528335,0.33723891250097726,0.3973467265388707,0
94074,14.47,-0.13080059372695568,-0.05191835877606092,-0.9043951229546204,-0.6768107355463147,-1.2998849149720821,0.5469280111103744,0
154297,85.84,1.868527188073091,0.36309843266103875,-0.5357146329995497,0.45855085878510643,0.13790211610976857,-0.030471507424159133,0
42359,51.34,-0.11298112310661049,-0.5854450209199682,-1.2480105888936601,-0.8809525834765903,1.8538161755900895,-0.3375032976131062,0
150946,15.19,-0.8072156774844398,-0.5134883637740536,0.9182428214350015,0.5004271790888933,0.903802445950609,1.740451821415559,0
32733,41.54,-0.2818448493970999,1.446822840111534,0.9502416517170968,0.9617159605132203,-1.1415490674244095,-2.089799188711629,0
68323,20.1,1.43388446819627,0.6559605521413735,1.1465790613153706,1.0654156302032325,-0.7099138971419392,-0.3508052114564566,0
93027,153.86,-0.577004439727203,0.8816964269577422,-0.6045800876541457,-0.5961257790468361,-1.8788519511582686,0.2399966717186017,0
97379,38.13,-0.2365373833685352,0.06243170332744294,-0.4601870488978789,0.9353498192747322,-0.8858716143905012,-0.6283759759092804,0
147271,41.77,0.03756685870725232,0.4520053685824477,-0.35245270353785757,-0.9558141825915508,-0.6063122569782615,-1.9614555620403007,0
846,85.59,-1.7151799707034205,0.7749361071084743,-1.8960018949178892,-1.3929816176751906,1.363834880203104,0.043469775472613235,0
121948,154.35,0.753213446416157,0.30193063500302136,-0.07240514731789721,0.5069555354034934,-0.2562739365599819,-2.2467509439556443,0
110107,30.48,0.8160810441139388,-0.8860393883859076,-0.6147406161178844,-0.6415669035495328,-1.7325688023980281,-0.023789314599339306,0
52446,0.83,1.6688080813007051,-0.8124698322923339,0.33987898131490846,0.6566445245371783,-1.407960210103901,-0.10701049307857649,0
156671,23.75,-0.48016958420723416,0.3299587878404347,0.46371387927544694,0.7658138139203924,1.4874809385613124,1.0487245414867004,0
123099,48.49,-1.3275074905374307,-1.027994073217439,-0.445083285623264,-1.1947317337576915,-1.2998092406153348,0.29034531520977963,0
30087,29.12,-0.8089638929258004,1.651914336867378,-0.6086282874660651,-0.39328413661381123,-1.2963449841367263,-0.3368490973137053,0
168671,33.96,-0.2996934959328892,0.6884365198746686,0.3064563206495689,-0.6004366764672047,-0.6895973461199002,-0.6386331648454624,0
122177,15.85,0.6844861335529961,1.3225484628316608,0.9385958031751119,-0.3730037252610738,0.13122812312953253,0.06317286110261618,0
41424,25.22,0.09901444948725731,-0.02264413013637428,-1.5838955910878494,-0.9874504687235515,-0.8535981542598204,0.06812645609590111,0
100167,10.07,-1.771422551443844,-1.4468829667607033,0.22286399621029307,-0.10420691361502854,0.3977449654468618,-0.8110217605589711,0
123395,21.04,0.3624498815945265,1.828974756254353,1.6968540737122817,-1.046666058631689,-0.31539441347505376,-0.4700138660676501,0
70640,5.77,0.47962531955157295,0.33847310531211144,-0.12051837437919372,0.11641422789067367,0.10026196086219899,2.4243999906643796,0
35098,38.08,0.3308635310669119,0.26978392939993606,-0.2508841795823693,1.1093839807607901,-1.9383811390819239,-1.232520250191225,0
112859,206.36,0.9465770035733866,-0.013862134504271355,0.6745050331548218,2.9987341055024648,-0.9175783854093308,-1.5370501547228934,0
170591,14.39,1.5947619890438636,1.1687689170111202,0.007431802439666953,0.7324135476142503,1.9072635092042913,-0.23231252196182997,0
29192,50.05,-1.0247507500763902,0.7180620438372025,0.74761024527205,-0.7562817510624437,-0.5046001216487757,-1.2746037729916941,0
156498,101.42,-0.01020560039093268,2.6980404568174263,0.15839195575246848,0.663803578706365,-1.113123251371879,0.5027250604054202,0
96752,18.37,-0.24341030256790794,1.278873764700375,0.6072550177549216,-1.3701377427598929,-1.154497226893119,-0.028995684541341132,0
79141,124.62,0.9679319487649898,-1.894834367582211,-1.8364888385704266,-0.3600313241083667,-0.27476529233819436,1.555851780056523,0
75932,16.99,0.18496258734208662,-0.43968200891844966,-1.5974542183291225,0.4293496704920289,1.612270121633628,-0.5539483410620168,0
140272,18.74,-0.36317555873281615,0.5712830531642964,-0.7336079460866397,-0.6159813430848522,-2.0494384916485737,0.7712790969729371,0
5355,124.09,1.2075031949519206,1.817310819725607,-1.674569625673907,0.4935343113115024,0.7775357723291906,-1.1630671542720423,0
104061,40.91,0.2899111740376629,-1.2381611443354588,-0.03496069615338034,-0.7124285899365972,2.2555169829365216,-0.8834643103995206,0
100336,65.82,1.9222245602694528,-0.8527678625699305,0.7920601020793422,-0.4917234642572493,-2.0877158900571007,0.2904021374361527,0
130356,164.9,1.3055827158105235,0.031368416099708474,1.4743129392917256,-1.0786692760638916,-0.2609893343880085,-1.0560493583989872,0
49138,47.47,0.7339504783642384,1.3160994518504814,0.6690447424705321,0.34972968207636607,0.46416953439415226,1.9438884634194564,0
68798,21.51,0.7032182548567439,0.8359699242722769,-1.3686710685200578,-0.35475181962885,-1.490226175660209,0.3539410658098197,0
133789,36.09,0.9954151904494745,1.1671959833590948,-0.5385264535684786,1.220570292345089,-0.032441228879330264,-1.2383970609372494,0
165732,24.22,-0.6829351063151862,1.3691143676747508,1.8856687850553053,-0.3610767652506475,0.3308907804877336,-0.3730091834030636,0
37643,36.86,0.31552294092025324,-0.7689599126747924,-1.1384625911543043,0.5352151476096952,-0.5172167487091028,0.3562275463363117,0
41606,8.4,-1.0804073292785017,0.28194887380905115,0.1789317289381608,1.023680849162606,1.7519208102733048,-1.1617605033749558,0
6530,16.7,-1.631067625194979,-0.08173667603149418,-0.5090946505735073,1.6716116926603666,-0.922672776593468,-0.4918770034874296,0
37327,101.16,0.01783225452975753,-1.5920084571186501,-0.17522496663054554,-1.791861740272715,-0.8076692668884292,0.7682538372578852,0
36321,45.11,-0.23450753514589096,-0.037914678132769594,-0.7285288762214843,-0.14312639747134004,-0.01217849865708979,-0.3401475911688847,0
38342,13.37,0.18046814183120646,0.8601852107818442,1.3542881995844298,-0.6283005441665047,-0.6970948507626862,0.45415790519185606,0
89613,18.04,-0.723168438829393,1.4513754610703817,0.9988621603282145,0.7646791754352351,0.47968494054761335,-0.9616872400879266,0
166129,64.77,1.612868370707128,-0.1341533269924053,1.0430425268363819,-0.8930685565049704,-0.7279618647297909,1.2079534760525765,0
2011,68.35,-1.038540857035756,1.2084399891360882,0.7130732322865353,1.392864689751377,-0.1687660846202088,0.4569908857619854,0
29375,19.45,-0.5100639500960824,0.3296335328077915,-0.46760953341722744,-0.5362042805401637,-0.8786059734266831,-0.5296459154018173,0
131742,238.02,0.06173467646029673,0.31549680832349175,0.6466143019889341,-0.33144645960836133,-0.8416550666239515,0.06676745530571572,0
39974,2.72,-0.40463852004094636,-0.5153937981154209,0.29445459730197204,-2.186829371271469,1.4927226286916297,-0.966520600012575,0
105361,24.4,0.20394385751599503,0.8869526074731716,2.2584607961546443,0.06024203134370657,-0.016435358831141413,1.9181113282928612,0
130560,4.63,-0.02968879028597843,-0.9220530471774268,1.1073116693407743,0.9257624504569774,-1.77626963431885,0.389214166993086,0
57492,110.68,1.9530596955398964,0.067470025257223,-0.7543246385464069,-1.357824006633294,0.10994853833327911,0.46277104529821705,0
42534,73.1,0.47001366124666144,-1.1485833152387388,-1.273161394159899,0.07770846002500614,0.4037105734544909,-1.8268444656712335,0
59234,78.59,1.5480082208186925,0.2444544496055498,1.3191010274459878,-0.12336810537690149,-0.26839482087500266,0.6467820855611467,0
130429,18.82,-0.975532935614632,0.9983045685783835,-1.9541502403288409,-0.06210339980928747,-0.7238175276494426,1.3250431463151797,0
136727,14.07,-0.9249258157192739,-0.43782212286165223,-0.7499695279726564,0.4863532058246964,-0.16045386311376184,-1.4112557218406563,0
62424,14.72,0.9308873827918375,-1.9300868693234323,0.5913201605738434,-0.14187672638301077,0.8394432171563457,1.1888233141382298,0
126071,13.4,-0.18919018127507997,-0.3207463714788462,2.024028536379257,0.46331572038501684,1.3263182168595784,0.8653647002171212,0
48320,99.14,-0.705537947278461,2.4359851242292434,-0.6622380786656235,-0.055904033151241074,0.03756046741981141,1.308549718179179,0
70119,63.09,-0.19466369502467995,1.216528232549537,0.34752549402671107,1.6064583679786404,0.883024557866187,-0.318070305711861,0
93607,20.54,0.5737671099019008,0.7422885075783037,-0.5221301862257478,-0.03649927744616561,1.0094088240335006,0.07848974130893457,0
103302,67.16,-1.1152172279709192,0.7240750507443041,0.4163962587438965,-0.9490860282851212,2.1808201187667766,0.05304703161147295,0
158427,14.5,-0.13774106038792705,-0.23071097248482308,0.6940967468117569,-1.2492355195726326,-1.0972729301249913,-0.9562889126643591,0
98046,118.44,0.15524605205827927,-0.7419394537564759,0.4886615372604771,-0.8786680951716425,0.06867782579376211,0.4616693028013537,0
124917,60.87,-0.171810463802674,0.6683332296061608,1.552480373785073,0.9545898405103357,-0.2865585566960738,-1.1133285659133674,0
143677,85.98,-0.5060892911918885,0.18964795487489794,-0.08443678635553135,0.19086967863156787,-1.1753190489050744,0.4896939541937503,0
121673,36.13,1.1747618002330382,1.5912152908822934,-2.44152857091847,-0.9598596051532643,1.4507600210860958,-0.6558887792363542,0
4994,8.37,-0.3657807453020064,2.6646144920014345,-0.6144154802612122,0.6193173095995895,1.4843218415146842,-0.8604148829005365,0
32298,21.56,0.9845928948957969,-0.1921046806296761,0.4647952694439655,0.4788211889798271,-0.9052850220766508,-3.0668007308394327,0
131132,29.75,-0.40611035702340326,-0.47318310630711363,-0.12324193885113374,0.7230958871534814,1.4405742979076168,0.4615438379970972,0
76589,113.84,1.21644738727708,-0.09955068318496844,1.5928520643719872,-1.129975870784416,-1.129258364821194,0.723623511052824,0
91658,29.51,-0.11365684249904019,0.3444449443505802,0.5995112411642496,-0.4953244105437042,0.019071400753713184,0.4498181562319131,0
62061,22.7,-0.006334140465255962,-0.06251376817721002,-0.19291537109138282,-0.9038502460436607,-0.04734707975579085,1.3033449887867108,0
6570,43.29,1.0618166459897318,1.2904253246168622,0.33914168620787005,0.8074298502955989,0.6725496745679364,0.02012341559603166,0
90600,41.56,0.6603430545626816,0.04312543095304917,0.901998378210093,-0.4929329824466878,-0.3486325207623062,0.22038281974204063,0
26201,81.34,1.1346396998210568,0.02915191232501268,0.42323480251812673,-1.1057802860597032,0.6752148653262328,0.17598818952546053,0
10965,94.51,-0.23227350279947281,-1.654510394912746,1.7226276607045492,-0.9317667088462365,0.7845578673892027,0.9107540987715476,0
161458,91.74,-0.3467498910082427,0.6019362371032422,-1.077388963898937,0.637886057426405,-0.07390739771096427,0.4641695003443852,0
5539,63.21,0.7927110177336647,0.033870549435244236,-0.005722840904920714,0.779643852361518,0.3475987709747856,0.5358361524671608,0
115608,85.01,0.6399029571520845,0.24611770637658364,-0.0781699361357932,0.08059582402974991,-3.159088013545243,0.12337901633727054,0
156255,32.07,2.184230601754902,-0.5786510541204551,-0.6522631837437548,0.17043247688466234,0.43977805773482237,0.33817460862287224,0
162552,119.59,0.6180684939300419,-0.32252211910705675,-0.46379726964987933,-1.1953525586996343,0.1339078690449503,-0.2805234140990524,0
141871,15.26,2.0565858207075958,0.24552817205616823,0.8362309764108673,-0.5843655307929703,1.0808707780680333,0.2715143155249684,0
110510,30.16,-1.5030468593574806,0.46446746972355973,-0.6168553331035774,-1.7680812423866143,0.5442568500417417,1.2811662176111773,0
100424,90.55,-1.5365306903820384,-0.14842940106418565,-0.021418294952336624,0.2769131957997032,-0.08772811629862198,-0.10330701666649811,0
160261,141.54,-0.5877379693198984,-1.4889222560705766,1.3127240692726614,-0.7222540723962968,1.1318740238960365,1.0796183220509943,0
90932,14.52,-0.34463483700815617,1.7578268995019506,-0.7138541602930133,-1.112955250059338,-0.27358801891233037,-0.4681419325244925,0
40390,8.23,-2.4581694305490185,1.1906996175550046,-1.318409450558049,0.5757899772517827,1.0339758172966207,-1.7022240610950148,0
137469,25.69,-0.37093110360766823,-0.22256507077141327,-1.5821751114432072,0.4239440390706323,-0.6180150723722206,0.9778115414182277,0
116656,75.21,0.16392406359342962,-0.7028328129354411,-0.4961139797833766,2.6853053088358845,0.3516188365547248,-0.23786366688575908,0
71635,38.36,0.37969967741711247,0.8549446510561495,0.953594950662517,0.2339149163733896,0.6627534577542142,-1.4239138406470426,0
149783,53.26,1.6629314471898375,1.514247599980887,0.5980922727774546,0.8822575096080764,0.03081111519731319,0.26242551100230477,0
146144,23.41,-0.30056939058524895,-1.6001892867621594,2.4570044432505136,-0.4564715159505109,0.12418161597007096,0.32251899480844265,0
73609,38.79,-0.45144539032493364,-1.796991647279401,-0.9938252888572712,-0.020884149624899602,0.396533079279509,0.04667533965586018,0
135230,118.56,2.037210639718358,-0.6690967601377134,-0.37440044799890676,-0.3430759307413982,-2.4606186222227313,0.6781156972187059,0
156040,124.98,0.867394492997976,-0.5801637221245197,1.430624396998394,0.1953655756486076,-0.7043151487438896,0.6119949622310287,0
168197,51.93,-0.2786563338793094,-0.9319911252835396,-0.6673096054709586,1.8772205497665126,0.19963929230287222,-0.590692422455163,0
88668,19.78,0.7571768211020226,0.7992464575172452,0.7354432862041588,0.8193469063825453,-0.9382595036982464,-0.9291798153427165,0
73402,13.14,-0.753707644861746,0.6349628736125502,-1.251522794304531,-0.7427185622469634,-1.954922641123551,-0.5008128647598523,0
71853,162.46,0.9442148402518143,-0.6936964924644041,-0.17508515027370583,1.0351221657715732,-0.6165475460685711,-0.3382057252194016,0
107450,118.74,0.8049333907323256,0.5475265304356202,0.6871774750986485,0.44047979738721704,0.3083516207661589,-0.396956132474094,0
74910,53.14,-1.8312141938882873,2.147769617025771,0.8165068678210101,0.9415533286937752,0.8235473470712513,2.0822620818493744,1
108946,10.3,0.4670909439935746,-1.4703801346757173,0.025245629081632897,0.17895641128644235,1.0005439574691546,0.5920777214487154,0
174,34.99,-1.2428715860631347,-0.21905858802460865,0.2733196445119271,-0.7284967343664605,-0.5953072234321486,1.6986713062334942,0
143464,100.75,-1.6282540477151743,0.434376922028368,-0.8749650166801699,0.1433862632298211,2.233722037963169,0.5871186879279989,0
125818,56.32,-0.23860553171462742,-0.9580793796413607,-0.5887048335567698,-0.18821758401900646,-0.6980344086819069,0.9689571163838906,0
54110,153.88,1.0925378336083031,0.40654213826669494,0.7272793759371594,-0.4443862851055618,0.4000507572772094,1.018075148525606,0
152267,11.11,0.8571583884232884,-2.133184427628144,-0.1301955328047618,-0.09735099429059582,1.1223899422205936,-0.6669805191119142,0
52326,40.88,0.0021835908370359453,0.37421673480247836,0.8680546542277768,-1.1559097824245792,0.025881762194046202,-1.9006588141730163,0
56273,9.01,-0.07792273567851586,0.12592382048545514,-0.11915926995123403,0.2830595465089119,0.1901362449020588,0.9687025207058747,0
15254,45.68,0.13111932467514684,-0.7318592098580639,0.9916463782608022,-0.362334458274863,-0.006119004587748654,-1.9145819654840572,0
79530,6.14,-0.029766488336401747,-0.12979082920469348,0.7240022550000158,-1.3137193447931608,-0.44371920293004485,-0.811055924031409,0
72991,11.87,2.583573660166567,-0.5603531560598431,1.1074992401181563,0.9372062705816853,0.7068921731201079,0.2585585707663054,0
134678,74.69,-1.3097319743676321,-1.0259433396994282,0.48398016196619054,-0.8199810553645547,0.37904703135644024,-0.7491585255903087,0
12905,8.4,0.29401639930663104,0.9072346600576203,1.4344253164448015,-0.0483536552370048,0.8945855326686752,-0.4016703090941095,0
103850,77.73,-0.9032931107791092,0.893347262608146,0.08830901328435715,0.2793844934006062,-0.5860084483439348,-0.5261279240862319,0
25525,185.99,0.5107355496072734,1.2409655987385322,0.2613657421135737,-0.6982100823370282,0.9562491502006394,1.0895588236927098,0
17368,4.45,-1.1546343387288442,0.5596615703243687,1.1259303306340565,-0.49039925256242106,-0.5425759109258408,0.6044895601744262,0
140558,61.46,-0.6833810365201296,0.7071061601065628,0.028728692471304076,1.0196364906693178,0.1475991755843489,-0.6229437386484142,0
115142,12.08,0.8452732970420956,1.293989213291668,-0.8811413088777623,1.7041296295328423,0.94469887183947,0.5240162119156936,0
157261,38.45,-0.35928530430641653,-0.3513349354557117,0.6025353655868659,-1.4439265298750363,0.21706958064802997,-0.7349522727717606,0
30106,18.58,1.8752253884833885,0.12809888435898667,0.6819811693226466,0.6421217888674178,0.7807560023881039,-0.2843758413423561,0
163900,5.79,1.4812365916235948,-1.3348268175884932,-0.8418733509170888,0.774353695020212,-0.7767013260997346,0.7479064407234323,0
38044,112.05,-0.2671374859417547,-0.4753234176821889,-0.10931625723604081,-0.23592485108520672,-0.6597246707344391,-0.5854043384698656,0
60948,30.72,-2.9086607444805037,2.340722611525677,-0.4083366806456837,0.19108043663225058,0.7638905541384806,-0.7288362536282268,0
83560,78.0,-0.9261632634832083,0.83922514466879,-0.979565314634551,-2.0795881192924357,-0.42941133358236416,-0.21723296746987092,0
38756,20.05,-1.372409737561307,0.7178462289962667,1.1312990502497464,1.07270874076744,0.8106067760958019,-1.3116659018678896,0
114444,193.43,0.29457680054031987,0.12476386287738533,1.0346681017529358,-0.6379153384090112,0.009060053756755178,-1.1660739258462574,0
91502,18.04,0.018790511307940762,1.8898139038938433,-1.1874061548536818,-0.09073228229111252,0.16012206766274562,-0.11749493303840568,0
149817,125.7,-0.6008296390959147,1.5273082241945979,-1.1981584124750106,1.4332821727201956,0.3161049936893784,1.8764646113047316,0
145643,19.28,-0.5831228313242981,0.4370176220734189,-1.3691326623816966,-0.5643098941401705,0.6843606496072474,0.016414517053281587,0
81554,35.68,-0.8396083720406722,0.020029748824347503,0.684083978776116,-1.375940323415281,-1.984298449890609,-2.4167336501455954,0
105750,102.29,0.9753357348887596,-1.6758401645518477,0.1964533795681345,1.6598971009273822,-0.5033486193190452,-0.018266049166709257,0
124865,13.08,0.430362641506498,-1.1405784894885544,0.3638913621500538,2.061934956003614,-1.285439898508484,-0.7583519842618284,0
29241,104.17,1.0153923286752233,-0.622127480356389,0.2854861626880532,-0.0588698552423208,0.379924178291707,-0.7034667924604149,0
78213,19.33,0.9943787309920463,0.33412624733823465,1.167390678701151,0.3039701778943337,0.4376334300729764,-0.3191702171548069,0
136511,18.42,2.3491085580250326,0.31312341719299164,-1.1630991850510541,-0.5086148940886572,0.10485269044110616,0.44935281754134754,0
36378,52.12,-0.27362761039326816,0.03322323851695945,-0.4986850239363795,-0.7727388029500236,1.5177615926616166,0.7695179799574127,0
97720,163.78,0.29522475834524275,0.7397592906972692,0.0790738579626132,1.1045545249911912,-1.4758537227364112,-1.2676767769256603,0
39279,76.88,-0.3351431387781925,0.8881573217434416,-0.6189775684070953,0.6115839257817424,-1.302002661701677,1.4692902778219583,0
62901,32.32,-0.5897592406671354,1.0243517898599654,0.9390098785218387,-0.08422776241358294,0.27480546415529944,0.7302224586486861,0
31910,40.51,-0.5462640091774649,1.8619148781501726,-0.5188370428216882,-0.5979493450178113,0.6233731816446291,1.7418503043872786,0
10760,119.17,-2.214114378232072,3.088100256029482,0.9947825630240248,2.8098219079100195,-1.6652619164860125,1.8163357633533677,1
19552,31.45,-1.4500163561675328,-0.18949957639212914,-0.9596073122118406,0.4865899812466025,-0.5260759075166689,2.1143762679708056,0
56178,79.23,1.569628586939493,0.0744066719261473,0.6365420380756676,-1.3305688495201482,-0.5001081080287255,-0.07411727241210533,0
79534,71.73,0.6485467476329978,0.7043386011475956,2.2758558818768657,-0.544477091775859,0.9864685939910025,0.6688008353642385,0
21253,58.58,-0.14503369152842244,-0.08213666355404634,-0.2461598243185216,-1.8010661047179843,-0.7102213308649403,0.027161607139119158,0
717,42.31,-0.41343880237651026,1.5461085604314098,1.5548402404262571,-0.5647634388006485,0.6989449140059846,0.32894947683816733,0
22010,64.31,0.968498802624876,0.9510213361781547,-0.7081820628990119,-0.05861142160154356,0.1012861330883167,0.9784666768509728,0
79768,33.51,-0.22878434391938154,0.04364363687958753,0.2775539701598618,-1.02692237528325,1.8985554488719767,-0.09482560881430213,0
140518,72.5,0.8810588920574334,1.0278838914334096,0.5063634710620628,0.6262055616322454,-1.2032687896440464,-2.4504639832400694,0
38102,109.35,0.20849197057558072,-0.3725622805709149,0.36358427384619,-0.40209610449653027,-0.10022234937820518,-0.24057872721864754,0
19873,8.31,0.07468584263688564,1.3010966934656216,0.026428906200492753,0.9225087966048213,-0.48552997646371326,1.5247566638184626,0
47057,5.16,0.5328917202270399,-0.15308050448140273,0.4234583318303899,-1.7597025986504642,0.3434546420280766,-2.430566123844962,0
151094,30.54,-0.734975101257266,0.6437340011921098,-1.4932529310315983,0.3398853097518809,0.36220855263974167,-0.12859119835121371,0
91218,3.48,0.9610934572320833,0.03211545543232061,0.29916456718847856,-0.027885482141608037,0.5260999454946618,0.9641074571602367,0
162624,86.31,-0.8192664641893721,-0.07493757172372349,0.9013767164289195,-1.8660176735444909,1.0029101347175888,1.248342160816372,0
70831,21.81,1.847866995702103,0.9492573018529092,0.5605292848705127,1.9366797622857632,0.0762403304227286,2.2883029942286006,0
58810,30.87,-0.9265132547797481,0.5598117619307609,0.07456406206049655,-0.5035378633157992,-0.05792120316351218,2.1972580075702917,0
85708,30.49,0.48473464796892385,0.27820459602097986,0.45740074279174425,-0.3913304052288644,2.133126076520104,1.822683773226184,0
112893,44.62,-1.0561115691870866,0.09689787603431459,-0.8459336401029685,0.4378721449493555,1.793671432639444,0.46123247788874716,0
156594,16.25,0.34222557942434556,2.0862641008080813,0.20444517052317407,-0.5514739112794855,-0.14229344300967162,-1.1698611063322188,0
21525,290.64,-2.2991334181134855,0.861461698873464,-3.3202069398716416,-1.3240973368430518,-3.3093496404428295,2.5387809231461076,1
17569,19.14,0.7551849738039433,-0.4624991531999693,-0.5223599258541148,0.1479956095400277,1.014508030327775,0.35190906662870847,0
38360,79.95,-0.532143890173102,1.3413300695496801,-1.8316512287136264,-0.9537636658717974,-0.503558125412706,1.3728801950457008,0
29725,37.52,0.9492964983753157,-0.8796738134146368,-0.14113682151636595,-1.0525089108060393,0.16135518823182887,0.24691277183009736,0
36368,18.04,-2.191978656279881,-2.679984485964469,1.5685339387093264,-0.27384163031262815,-1.4892442510989088,-0.6720183790519293,0
171829,66.2,-0.36249900288206854,-0.5488050227771684,-0.17537968432098058,-0.42981192283138003,-1.20137374351479,-0.38968442783540574,0
22625,49.64,-0.5212548068561296,1.151515145933001,-0.003175856767131344,-0.38456976697432366,-0.3640012345478949,-1.2988223787337416,0
18931,93.7,-1.0851736783357446,0.5248649917251288,-0.9962990145453348,-1.2298289051540876,-1.2389221517644493,-2.1033005497426394,0
41321,32.47,1.1529132562048097,0.8839831604696676,0.6131224992291844,-1.39380444589965,-0.03237278638454491,0.07096581559454476,0
102932,7.39,0.24260281305494147,1.0920554114388017,-0.39075176990461724,0.7672254636495847,-0.8183843092411778,-1.7283099639364932,0
127992,9.16,0.8147307216216817,0.5864531303336101,0.7469960383553472,-1.1104791217562398,1.1087039970687127,0.7237607119254739,0
12360,71.26,0.3269108642391749,-0.2736065565341689,-0.21428730736333237,-0.5706986705310843,1.181996454223222,-0.615383533004121,0
48355,9.56,-0.7742699224040547,-1.348427512780981,0.12209209645108472,-0.40624287290183475,0.5533517108422115,1.4727465575112082,0
45536,22.51,1.1408959771502742,0.008274494342320363,1.9478909798017614,-1.2684591209227711,-2.4642720517314447,0.9273120345269271,0
28082,31.62,0.0873574252602637,-1.6130168135769691,-1.0819458791789647,1.1289692014020853,0.8052312729669104,0.13214375719132812,0
70194,36.14,0.18606843247054689,2.476929133723412,1.3350518667941367,0.23070615645769357,-0.1776598191298878,0.3198167587532024,0
168484,4.09,-1.5649738934417794,-0.34969874535875045,-2.3669689575063617,0.2649486011968721,-1.7990292780389183,0.34066141997914656,0
28671,18.89,-0.9681285978523266,1.511322799203203,0.22463231585607507,-0.05189738682101813,0.1484419788441095,0.7505591187074215,0
90093,66.6,-1.106732987729451,-0.18224182417853885,0.5858172974674507,0.1475975688331556,-1.0299447237206136,0.2865529440796201,0
8392,5.1,0.41478446207924113,-0.9878580736322409,-1.088627720673625,1.1025269564560145,0.591066936335061,-0.5211714263808856,0
137924,55.51,0.4334524416994807,-0.2989373970198303,0.5720776210049433,-0.3685317769708997,0.04740355061146023,-0.2543447724531083,0
50108,35.86,-0.8642852619405358,-0.8291434854434051,-1.2595627288697413,1.6759758710680044,0.23882432593704137,0.9217994115529006,0
165983,51.15,-0.4323011858095411,0.14888660395377015,-0.15722671689112,-0.13987035877271356,0.14860207254766208,-0.18480029890898544,0
165268,50.82,0.9622105785810979,2.8740826980099135,-0.7054337240572864,2.438399345170654,0.4735735373322883,-1.5770682676728154,0
137863,99.28,-0.9344514637789805,1.3355642869585826,-0.40480292013490193,2.771892486366693,-1.6466303306560635,1.9630728062257434,1
139999,58.26,-1.1929733710191368,-1.6539595596163144,0.12513299076967724,1.348870470548737,0.2798413049071018,-0.2155423209189128,0
82152,38.77,0.08184433452953882,0.1927987925062688,0.3345576345378801,1.8628955531138476,-0.663980279708462,-1.6651571520742792,0
63918,86.27,-0.6160275437179559,-0.36971668475929287,1.1658867394684167,0.5762513920221156,0.2751884167742996,1.3853601717218151,0
125808,7.4,-0.1528549918142255,0.09238145899896975,0.1437374378208569,-0.6976911440462046,-1.1544239502399065,1.1907947082587425,0
25169,19.97,-1.5075529446334208,0.45276258784806556,-1.3993730461455012,-0.8083888372292681,1.0378909147677426,0.4158413556745307,0
158302,149.17,0.07540912892466581,0.05135875880268002,-2.3020121801351987,0.726823960180868,0.6223026774078732,-1.2625977986764545,0
30981,116.11,0.4548758006638433,0.7132981766206321,0.21795817563740372,-0.3727103046197492,-1.0280318644631352,-0.5258477638676445,0
52930,76.54,-0.6920651986646917,-0.5317757009616373,0.2845119825216449,0.2519788109060436,0.08401354812172958,0.24944153005985417,0
163399,24.02,-0.4666189681756455,-0.48401962319627845,0.9506278731265124,-0.8809494099975556,1.6004017554481238,0.6001271723512185,0
140588,31.4,0.1756035498043702,1.3435465066220513,-1.074462766356002,-0.1622191490215529,0.4987918734043764,-0.4128944431601334,0
136198,16.28,0.7195994976248915,0.10160771869001077,-0.10833484736929419,0.8433834529907315,-0.2333108518822189,0.4614597040389351,0
6655,16.3,0.8775475534514207,0.04302448501512677,0.1051599818512121,1.1522333855646156,-0.7646446176627878,-1.0128156378409354,0
117845,51.02,1.0845005302909256,-0.5996495114509319,2.5893897173890488,0.44952508816021125,-0.045560756575410574,1.2863190129738034,0
54045,95.71,0.7980910486615617,-0.5347722560578038,0.3363218096216861,1.079277692746526,-0.33193319023006784,1.963392581342088,0
153962,13.51,0.5712242102362395,1.4922645094750588,-1.8564315499362027,1.5708864739950257,-0.3957297737110001,-1.4589264545175509,0
135090,62.39,1.1480908663974327,1.901913148662501,0.1812711595140552,0.8966012948530571,-0.2665684363037206,-1.0826695479646564,0
163165,78.39,-0.5892537307950677,0.9276455318033,-0.8042679214494173,0.6743677856483871,-0.81498688431011,-0.27871551704941894,0
133291,50.81,0.184827033621654,0.6951660176182558,-0.037217858663773945,-0.11146608277941604,-0.9991599434519759,-0.4920674900349718,0
88204,28.83,0.47803781519228344,1.9121780476629535,1.2411343200148017,0.7995188490735968,-0.5519570147842944,0.3482742690941216,0
4173,190.74,0.574386351133876,-0.5021078248296975,0.8930043681997122,0.9769289028134742,0.02690518329032648,-0.887314365439144,0
55479,121.94,0.18745938208891083,-1.7849439691918576,0.9639512510547117,-1.2492969257351465,0.3566960972720557,1.27038602812898,0
48781,14.38,-0.8447029987029827,-0.07481842035058532,-0.7324538759713198,-0.5461833634418188,2.401110131083261,0.15392581256534438,0
118452,9.72,0.47758881955300486,-0.3778694539613512,-0.28982190886839687,0.06289991740664033,1.7524287883872727,1.0250456494261013,0
138999,13.17,0.24523584789423636,-0.6586320809550305,0.4014981505462089,0.7834311866438803,-1.7855022693052407,-0.41620023605493367,0
119968,33.64,1.118338136793128,1.29963128530344,-0.9593207652189699,-0.09042410067529387,-0.2499435912615692,-1.0923967256965348,0
63037,124.31,0.10311758244563701,-2.143966831621994,-0.226644623566309,-0.20017563679851152,0.25716294417016167,-0.8421297220604248,0
4324,166.46,-0.4238335382064832,-1.4872897932074287,-0.7660804561469297,1.299485998181762,-0.5577074816484777,-1.7603305128316795,0
82409,17.24,-0.04285624766033802,0.6588202446894643,0.4765841469833932,0.6546682250719292,1.6911732112803357,-0.1591906597549413,0
10625,32.46,1.284080276542287,-1.9010744288179857,1.1543562861524255,-0.4067306905214086,-0.9822922432374303,-0.815309725439865,0
29430,56.88,-0.3894035615253766,-0.8539289145713574,0.6590259520210962,-0.005743595515917001,0.12224855319600351,0.3347296966024498,0
95074,400.29,0.7631423007096569,0.8241523634556386,0.29677250708423497,1.2987319394132422,0.4030248821827379,-0.6122538617073229,0
11442,201.56,0.39662793922145717,0.4898112547940131,-1.2551981149158307,-1.9599588520368607,-0.9374606876851576,-0.4705826564233987,0
131040,18.94,-0.9203586163069253,0.1538476602166413,-0.9261858764240133,2.764348516117136,-0.30040395851877405,-2.0383319015353467,0
147265,54.65,-0.12430093887849918,-0.017517362895748446,0.4012824161772051,1.0675661206579563,0.7824167049754506,-1.1166796150518914,0
41873,46.92,-0.20068521837532977,1.3351046172686238,-1.1950705635150563,1.3706083814901049,-0.9009292184662047,-1.054892231891005,0
39986,3.04,-1.0084330205311458,-1.1301166323689484,-0.9692791983443653,-0.3723871854226452,-1.6851945308079082,-0.036758415044703556,0
167860,7.73,0.9761386900669211,1.4608187182891128,-0.6304985142467532,-0.47542568912416716,0.44693531490667854,0.3553688554709645,0
73794,17.13,-1.2960486928239283,1.2959976706397898,-0.30467896259373045,-0.04883939112607021,0.9128281610861624,-0.7521849713098437,0
146510,45.82,-0.660147867336476,-0.5277718759454261,-0.18240870073591886,-1.1648085578602692,-0.9368342388575521,-1.1738650552773442,0
138286,14.14,-0.5263908651106778,0.10718646478241609,-0.1580940368591912,-1.5144894580342476,-0.9800722169135948,-0.09842589937364926,0
127619,15.49,1.5401078237440315,-0.9809709185260753,-0.07365202625775688,0.02372362663247561,-0.5081445204864287,0.38597889784319905,0
127478,48.86,-0.8888596980356747,2.679628693900003,0.8174849807703192,0.051243511653020504,-0.2251994291832055,1.7951827631260182,0
160105,28.58,-1.331913110391086,0.7034935227111718,1.6716594366486115,0.5928475982599956,-0.41017019023107754,0.5167464322875994,0
45838,19.56,0.002925966679437699,-0.007928587453370405,0.9717263097605029,1.2161272476716014,-0.5222122265121455,-0.4976276827539759,0
153245,4.75,-1.3806521701101395,-0.7795444753593765,1.0774164988521733,0.23284245073663914,-1.8800076023684493,0.34764358812152774,0
80077,7.28,-0.8814337052269955,0.06609424629897591,0.9846557981376103,1.6377550185381118,-1.6517349437259554,-0.7805188533131738,0
9268,4.63,-0.5289163791046552,-0.5082651460833204,-0.4410238205236087,-1.5413576550114785,-1.6128375260076357,-0.9514786809038223,0
103081,9.8,0.49663461497989536,2.4417885853297707,-1.2314995772215995,0.015983766722198454,0.37912190446937244,1.9381158447244513,0
52921,6.16,-0.18428900183271194,-0.024830314126647098,0.9031675919947765,0.28848984426624635,-0.5891604389306629,-0.7447693121597356,0
136806,4.31,-0.9098539845842105,2.0464767701054143,-1.8722104306946727,2.5264524972311513,-3.911370144643729,-1.2128151459900436,1
101570,21.92,-0.42390107233259605,0.44075675443876416,1.5253032920745915,0.0655537251502785,0.3845595606383855,-0.9238971532632689,0
145361,16.92,-1.1785727847701737,-0.7358535759123606,2.1145434623013015,0.16931372385385732,-0.12566615083574367,1.1354100618426521,0
1813,65.82,0.2839278876047216,-0.8326072197388483,0.47181173950614497,-0.36442685161106286,-0.7205959118163332,0.8330031954806495,0
139340,99.3,-1.6345869994249231,0.9577120198457558,-1.864822109409074,2.1058883980040046,-1.622686182244184,-0.4514488732395503,1
54253,176.51,0.44459199507312896,-0.35067339365859646,0.3065122064697944,-0.5313158193259131,0.21216953886411957,0.6854882184975377,0
65450,19.88,0.21411098228613354,0.7577341142099038,-0.3363100454506446,-1.0375918714896566,-0.037894257116059885,1.8286422237434827,0
139271,16.4,1.7624731648696121,0.23855807063954726,0.9758146536025304,-1.2333197363683148,0.7748906311517684,-1.1275525015108627,0
155683,101.68,0.4575419340047812,1.0400267198626876,0.8174857806561917,0.48653330277936463,-1.5323710014420924,-0.24271458844876684,0
92051,18.23,-1.115246536376814,1.7497665058808303,0.06183167201811978,-0.13076366860308403,-0.8247039091345449,0.8778268248772584,0
90982,123.75,-0.9464907959884281,-0.4944979738149775,-0.9434698244081563,-1.2928092899281622,0.1349742885508641,0.2823316647908166,0
167361,91.46,-1.071194857868986,-0.04518552842516206,0.47439106515605706,1.281611111525853,1.0718402579703703,0.05013802515706501,0
97136,271.86,-1.265636445089811,0.581373059338924,-0.2815065614207691,-0.7326361820476124,-0.6153330439689177,0.4686188253559924,0
148036,8.98,0.8695725186534211,-1.3904290057898094,0.8550016347102224,0.22539258201127074,-0.5460144969849473,0.20554342053911084,0
13234,30.34,1.762979652537399,-2.9118039447172657,0.5919119062445883,-0.5493757686067274,0.5491065048747981,2.1312097580073313,0
131278,30.29,-0.2730067480225845,-0.023617979418456322,-0.3870530262337276,2.1981395194794824,-0.5409121110098064,-0.11415121752646497,0
80532,86.17,0.599089759263809,-2.4153632620785297,1.7946889471625493,0.14849530580110562,-0.42395915744353724,-1.5200670453452327,0
138563,57.16,1.2523463622980082,1.2224021616505023,1.5651034055742439,-1.7627069900416041,1.5180200340467451,0.3260208066275943,0
61268,24.74,-0.7664664310197877,0.908222524091729,-0.5922443776240135,-1.4995960965593678,-0.9636702924475558,0.6573931875438442,0
142980,18.03,2.523373331399558,-1.2287793509050138,0.15571731953044088,-1.0397481089313825,1.130831823162261,-0.12369866625929951,0
27076,22.26,-0.20963999341916223,-0.8823893030786208,0.7328418069976331,-0.2768804245260839,-0.3470640531869431,-0.4454161283697726,0
54131,19.75,0.6259320959729026,-2.239791630366121,0.5047813609150709,-0.5629827138769333,-1.7218405409656807,1.7329885492100978,0
26399,20.52,-0.17117936979639942,0.31138993769642714,-0.6719761533534957,0.2849649151626972,0.40650434599374996,0.06499587359980638,0
9346,47.39,-1.279647848349243,0.05107630446507834,0.27127303010929316,-1.9339148116774332,0.6238667842924046,-1.9356891055196848,0
156140,23.06,0.35829981493276813,-0.17932802787303154,-0.7396290484685878,1.2662546961783114,0.43702162114296916,1.3285418523493597,0
108272,141.94,-0.6270278518303946,-0.48280068868494963,-0.990604337075828,-0.9220213783058668,0.8541474707467153,-0.0222621896151464,0
79751,46.61,1.6165216545137489,0.10080387045977413,0.2897440269140348,-3.0205759218297796,2.6099494209478524,0.5897627002104363,0
161162,21.76,-0.235164878251097,1.3707918338057774,-0.07460538911875449,-0.8354803936420617,-0.6811269601357584,-0.8241782798004911,0
100793,22.47,-0.7865720915578501,0.14358982547949217,0.7932257178100984,0.32394278071826993,0.14160101258013216,-0.930580804964575,0
14743,46.13,0.24854510511898723,-1.7592870200405772,-1.0413790885215242,-0.24565335212553394,1.041696557520979,-0.6446133060420489,0
11190,26.73,1.0844775248572875,0.34285346578164794,0.3763670371991087,0.5188345452809907,0.010192915306325904,-0.5090206256342559,0
67584,152.63,0.17676210325026384,-1.7906509929567132,0.013835723222394625,0.15167318580140368,0.11647877503091722,0.4453763669963374,0
138311,218.86,1.2374645917335385,-1.2582963852509055,1.3778796418184736,1.9519864316886006,0.17718865431852324,-0.1621833590342033,0
17347,76.54,0.8399445397420275,2.6706753748630647,0.5304518530891508,1.6193220763233047,0.9215169693346942,-0.45239632574553046,0
1961,557.92,-1.2732127739133976,-2.5280045890204903,1.0258195333018967,-1.7392556459175217,0.15014666133810198,-0.20754932996690803,0
160701,4.71,0.38420922164946225,1.1400132864007855,-0.5567345123247693,-0.8742869572003843,0.04694011623767159,0.2448200907840314,0
80360,17.21,2.1773203810422213,0.8266517974324317,-0.6251657882890393,0.3699945072275205,1.520211856692579,0.9020834376005004,0
151409,14.12,-1.1992043250956432,0.8889400055930373,1.3537098399765113,1.691650408397664,1.285077588996811,1.2107192037321692,0
135044,13.29,-1.3467856621154346,0.4022623446643774,0.39452360516187573,-0.10750422045805064,-1.2473629726900455,-0.767331292708044,0
132351,54.84,-0.13260407824049675,0.3057011907497771,1.0284790091901104,-0.5681449052554144,-1.2774053886299175,-0.5265681207175696,0
34540,3.96,-0.07004644372796484,-0.08013706787980918,-0.8079951691148726,0.21674008786497512,-0.2974641746572593,-0.018458810289453426,0
168972,50.95,-0.7057555622271979,-1.0702554400144162,1.3841000308901037,-0.5259720594039843,0.7631642927279919,0.12502585791435342,0
87178,42.13,-1.6133682362049397,-1.6865702430814355,0.5034122121999125,-0.7089107249905889,-1.2683643786146133,-0.3212376998203314,0
86207,92.78,0.47900262409198874,-1.2529997571683937,-0.052063541199248935,-2.4281180569523992,-0.06205485179272471,-0.6348363515497958,0
26917,7.53,-2.1797886613902455,-0.5649515266552204,-0.8610231064882589,0.7656303381716163,0.5108419794618706,0.8554277491244064,0
124019,82.58,-0.21519632356018042,-0.8284032217482512,-0.02794777127829265,2.073664175433755,0.6635869591990954,-0.3195766085961834,0
26762,7.96,2.7148169394863215,1.8200348127674395,-1.1157847113854849,0.8785325584748495,1.3298683420109085,-1.7328526291943496,0
129992,57.74,1.0772936730156928,0.11316001139278317,-0.24192112713228958,-0.06033272242006658,-0.46604802000971546,-2.3087413987177623,0
24519,14.2,-1.1630028577834441,1.1031739387936397,-0.11382032618358325,-0.7674032721677975,0.042301422084365874,-1.2395388727570273,0
49812,34.24,0.727122481485493,-1.7557678577580538,-0.15119738569712154,0.7400242527800978,0.6256567614454964,-1.298715991941237,0
36639,86.7,-0.5456141563287527,1.0967242076292842,-2.2182355303124166,-0.6269406355510714,-0.1959993431701443,0.2048634031467095,0
120956,79.58,0.17866977521907204,-0.26420928499436513,-0.4560416742859714,0.7469099872563228,-0.2874988395237334,0.49479478432850976,0
46542,26.73,1.8480401917708498,0.5390414967527589,-1.1436713015390583,2.5872491354044875,1.603965047869026,-0.13536004063207652,0
50106,63.93,-0.4037034339979068,0.012814304566494933,-0.4665075273501172,-0.08790416180469174,0.696290548455716,0.12540967271338568,0
41157,12.37,-2.5208470065727346,-1.2433622606798904,-0.3350378920183519,0.2521921506980921,0.37528800802786055,0.7897052408187969,0
99853,18.08,-0.5866945887618727,1.6997427421986424,-0.8606491319147301,0.8418566293964815,-0.274984386289914,-0.7454768422990277,0
26049,122.66,-0.28451030433922214,0.24290254071125145,0.029104067148411294,1.8903829028674712,-1.1969374119716447,-0.11343649661990776,0
96566,84.44,-2.0615231121122495,-0.1558090821819066,0.9216912981427697,0.384765021771022,0.8108480569628599,1.2239212900977352,0
46600,57.07,-0.5076941283897106,-0.16451453179616995,0.4150725096990842,1.4999400925363118,1.1078403000269388,-0.05107710411785853,0
14596,128.45,0.6534789819517407,-0.2019460687530188,-0.5391106607016489,0.9322783548263736,-0.2750134722550482,0.07936601339153318,0
150945,201.46,-0.3498853491230032,-0.034812314757952455,0.9805632589915355,-0.1275906806288639,-0.610145939629838,-0.58856603632002,0
9596,7.25,0.9661396608610485,1.8838110311848022,0.05824436065938095,-0.8109332246388214,1.5150263841047142,2.2086147633458983,0
11874,34.95,-1.7407006063803354,-0.9032036088954514,0.7189138372033486,-1.3455051464045105,0.9870692442752159,-0.14365920964836287,0
161033,54.16,1.7283293805663333,0.33429996375100834,0.4342914613157309,0.054777766987373216,-0.4960771723575772,-0.2608010296479459,0
118865,32.93,0.9389571782348514,0.9230334372357293,0.5506793226250375,-0.09178984681279126,-1.2026482651361439,0.7868422488477252,0
112599,114.11,0.31992786184477334,-0.16340723073131225,-0.4685199292600519,0.652535696352195,0.09217416823921736,-0.4198892083193451,0
108042,9.31,1.465835978602963,-0.6084370413911421,-0.318403574054093,1.0880388357617128,0.10172844454223381,-1.1608371733509981,0
93468,42.63,0.830498133985952,-0.9970603273632624,0.03949676120218946,1.8146734477127877,0.13372972372353936,-0.40877198484214833,0
152008,12.09,0.46852360281883604,2.45393867292539,0.3862115546625031,-0.23348290257461402,-1.8358403176645526,0.575598427452059,0
54886,9.14,-0.11356256479045149,-1.2519222604734526,1.6536352160298582,0.7345292184244875,-0.1437867564221694,-1.421083377099567,0
32254,23.35,0.47643016671712474,1.2083232859472328,1.2882104710660833,-0.3654177211002216,0.9436849698038882,-1.1737333986905423,0
106661,118.22,0.6149612320467747,-0.772973434166621,-0.7803766047308504,-0.46932818131755216,0.7936685456257128,0.9957624470561294,0
171230,10.58,-0.851180482447485,1.3444339080830043,1.196260988306875,0.13008693626173806,1.0372753806398205,-0.3754844001881422,0
54912,23.65,-1.0981863837781498,1.3878459703459733,0.34298296736631834,0.9510703517389086,-1.49292242631511,0.15623574893738468,0
112816,60.53,0.8715559662881419,0.6961897158262457,0.014816009930505383,-0.6306923256775757,0.16951975773660913,0.22367948642419214,0
100417,40.54,-0.9413814861392652,0.9379896002913398,-0.9692799797387972,-0.1787381196899341,-3.339356662603585,1.3722338678678732,0
6587,46.19,-0.2670037617670316,1.4574379493704361,-1.8886191897177196,-0.05022968458993645,0.3060553660522731,-0.46090098446826944,0
29165,24.08,-1.0706664061901783,0.6289391096964736,-0.11676412130630513,-0.0461792126592684,1.0291254449563685,-0.8124184070008121,0
147175,9.62,0.31736263325536135,-1.50807587980101,-0.13987868060571226,1.132133692456975,2.1709373729181145,-1.7896734567528172,0
83955,388.35,-0.37519701850225073,1.32658275259776,-3.2241297066126053,2.710138509588905,-0.28338382456541866,-0.7465645413106174,1
46151,37.25,-0.40451508464169533,0.34413370482806543,-0.189442777526179,-0.5862355743997301,-0.6020529003640378,0.25207928962636644,0
78222,54.83,-0.9650455805761796,1.6692469423765,-0.8229035909764744,0.6874563978780281,-0.9311594017501897,0.12443369604736028,0
67155,45.96,1.2998712435306046,-0.30659307467838237,-1.9507673273715016,0.5224798230941273,0.5200464941938938,1.0459115893866522,0
53053,21.47,0.7193276018294383,-0.6048743990091834,-0.36224169775737963,-1.9344330876171902,-0.9469852794696143,-1.0554640201092618,0
144790,29.56,-1.1565552170673363,-1.4912278313904628,0.5763560176138087,-0.9703483494136004,-0.6199236618145806,-0.2557437142871544,0
168616,14.33,-0.2841878821547786,0.5931053993577392,0.18702010769393745,-0.8829465289985701,-0.020650511602989502,-0.23563875282441107,0
133653,33.72,0.48923401355003554,0.8265839651372482,-0.816740866122912,2.022174858828605,1.1220321535501463,1.384203093387719,0
71696,94.38,-1.417639757227406,-0.7496669509459138,0.2551230881234501,-0.5701124162181384,-0.13480661196223848,-0.2657821783948851,0
29336,32.4,1.0694473881241897,-1.4456102007765625,1.0342266740047628,0.9190156625197566,0.054085412771513956,0.9915126520227832,0
98506,39.85,-3.8366555484593694,0.16696762333416318,0.9831784809990213,-0.7481579372985909,-1.7052889346140854,1.4685339022419321,0
157757,10.03,0.583837081539059,-0.8588442782989592,-1.8399922494136325,0.43052961167703435,-1.9524632532933066,-0.3183391890611118,0
4213,101.46,-0.8197150228673898,-0.8994479762596744,-1.3221729566400084,0.13953746908303924,-0.1535071266491106,-0.9104363777509252,0
155344,19.2,-2.124027075878851,1.779661887087689,-1.7685856699134812,-0.804936367170773,0.15325349931811524,0.22865777420419428,0
166370,261.97,0.14641429184260343,0.1940210045057993,0.0376450650971495,0.1682591023545915,-0.39996134955586493,-3.081142823776587,0
2198,20.46,0.2690526930157071,-0.36143419635031226,-2.289227264184065,-1.4250119834223507,-1.0541497563637097,1.4137824038593538,0
36727,112.61,0.06908519272427115,0.09882404501643172,0.352750225258872,-0.23453259251808048,-0.8532259807575766,-0.8084464297304403,0
85553,20.67,0.2270288603889453,-0.8798393061009868,-0.734004994289151,-1.253766331991023,0.1607514997971521,-2.6371096692192197,0
156877,16.04,0.2201291874877759,0.7070588584012034,0.7546937503085799,-0.1152447820517409,1.0927376267430766,-0.2300203781467896,0
5039,3.1,0.11122333484085803,1.0788495665089635,-0.9321610548653619,0.1847586468536697,-1.2032871296724998,0.27358082267759304,0
155289,6.21,-0.27831025587657626,-1.5587622531381418,-0.08490732353535393,-1.1811503911016823,-0.11283198831147859,-0.7097275428712616,0
156193,56.84,2.060422698444699,-0.05248268231071405,1.4769122963102688,0.048163691137194334,0.8415502815234793,0.6660794804934665,0
49847,19.75,0.1335654155359782,0.8317331383481771,-0.335283474517337,-0.7365482225407958,-1.4326016370863977,2.478846056933467,0
22612,17.16,1.1942144830139918,-0.3039226476153726,0.9525905079520448,0.5261488251233458,-1.261208255613675,1.3100412066568037,0
70480,31.31,-0.19308207400661265,0.44228163833030987,-0.4861364668488323,0.5875252900639945,-0.9454066391951711,-1.0929627913052744,0
116953,50.28,-1.8596630405497985,0.03178390487063994,0.952649343692441,1.418396868514863,0.899571013885143,-0.11236035302542442,0
38467,3.85,0.8066764021643629,0.12150300981893442,-0.6003566942635733,1.1933944363978717,-2.507826036055067,-0.8493170046245121,0
165386,6.64,0.21975808394014318,0.7037958837508185,-0.777905724174565,0.18539708837651292,0.8237055135655442,-0.5515268242807339,0
164433,97.92,1.0370053243691586,2.6478842135570875,-0.37295851021312565,0.8650344806320929,-1.1034047859782585,0.39935931289665577,0
133663,44.49,-0.5678078421841054,-1.4762304803093984,-1.2570530746434425,0.00721714608789781,0.7880199850505609,0.8392769797993096,0
118333,107.77,-1.8664481527634753,0.016707384737974892,-0.17979835250529552,-0.6240950503889459,0.5204206949544199,-1.008334009634352,0
143184,27.2,0.2201893142051328,-0.8641720791739649,1.4265361544066402,-0.11891565147659144,0.33249098078937717,1.5619405361913763,0
138782,30.04,-0.28554162530722377,2.463013688775024,0.4132254496860355,0.5303786918377881,0.1945510073683852,-0.8015515005812999,0
84896,72.19,-0.24657105425957435,-0.586285049552152,0.8372094867286812,-1.0541054369956855,-1.1653600998434215,-0.010487428610663733,0
69783,8.67,-1.2486634247626274,-0.6973296584974588,-0.9021980869729431,0.3593860773205031,-0.3334686510381497,-1.0224741297880318,0
154969,187.72,-0.5379785288219551,-0.8979419856402304,0.45767161119358607,-0.5606248843752012,0.8223609391148812,0.3018960634414684,0
13807,11.4,0.43100969213007667,-1.2648888441027084,-0.1698932016675959,0.4017256377261605,0.4372432175985437,-0.5823021314299596,0
67642,18.36,-0.013503244592976752,-1.745969032474982,-1.4220753274258267,1.5106929323381741,-0.6270471672539608,-0.24541148304684085,0
84388,25.81,0.5136092944152219,-0.8856523977532653,1.8149259100865125,0.11135849569809807,-0.02181879686992613,-0.3388794525691018,0
118947,50.19,0.0867610754626467,-0.027402290866503937,-0.3060993933310847,-0.25361847894695383,1.3303164260362166,0.7394795747363705,0
34542,155.81,0.8889877491836431,-0.21032777286549081,1.6736906973213392,-0.9786700420219693,-0.054462182730319546,-0.17911148234595953,0
152592,84.88,-0.9345938948984711,1.4642012725235871,-0.32224115383572083,-0.5013860890772907,0.10121161189999713,-0.5194201740895246,0
89049,17.1,-0.7966125696279787,-1.5889896024777754,0.87713461937785,-1.6009924446753903,0.7703796352365477,-0.8220217041455778,0
2352,327.64,-0.664700905151014,-0.8035309614270922,-1.208351949495599,-1.531460426522707,0.1421161695657772,-0.6270304551895192,0
69042,5.61,0.613460165671837,1.024773800665011,0.12443759790694424,0.3286782423480826,0.5534470172508195,-0.21898674353356198,0
133272,68.11,-0.38856822049120293,0.09242114733923629,-0.901103286984357,-1.2648942084533663,0.35181958987936196,0.38609295695347046,0
97945,104.17,1.8481091041055524,-0.7875514406287065,-0.09138126042794319,0.3446389394715425,-1.330987921569097,-0.7047663632502468,0
59040,106.99,-0.08633785824672688,0.16681605951827747,-0.09976027531426664,0.3662357531837386,-1.0070490476123422,-0.06208824145659721,0
136967,12.96,-0.47996464271220896,0.06868070965053837,-0.8781363180854069,-1.3717614152878692,0.14004307171189206,-1.0944810810789771,0
8706,4.63,-0.26789873415849874,0.13822523650184043,-1.79807835994288,0.49166117485600924,-0.05592208531401828,0.40881658065192766,0
161731,26.96,1.801528407832186,0.11274893807674967,0.489962309452716,0.5686345835629499,1.3915523397616159,-1.3380512762574128,0
17019,30.75,1.5741467860324088,0.4543314331522287,-1.6056334030627877,-0.578163623061863,-1.0597512148663621,1.1919280999235482,0
94230,22.63,0.5884361802403073,-0.2402088710025202,-0.10465606477910164,-1.3735266215775355,1.6412072166615346,-0.36428687982420044,0
132379,34.9,0.039569724133648135,1.1418965369680099,0.5904523007847245,-0.5586137731311284,0.347488584140919,-0.45888309432936464,0
150528,60.28,1.431588905214111,-0.26783943256831116,1.400646686857405,-1.298192015053023,3.6024150242105293,-1.223541566041858,0
154544,4.49,0.7811753362875992,-1.571489187576273,-0.3211521871301564,-1.2964383755849946,0.10397992400908915,1.263374815596718,0
112701,7.98,1.5380162818616334,1.6546347484020885,1.0216508350576774,0.09112102933352002,-0.11098553427108138,0.3884879182410328,0
38870,37.5,2.1050866393345022,-0.2491210034887189,-0.8512233916631263,1.0579770320681345,-0.9237453648017658,0.3521924646437224,0
33665,35.1,-0.19572497908388292,0.9308732890656916,-0.06636983921005428,0.85250127595504,1.8920564249956975,2.3764091927591937,0
80957,292.25,0.40975899028847174,0.19383127084563512,-2.9660123702385306,2.860051886782191,-0.3547665465157705,-1.8231506840651623,1
91659,33.59,-0.3806946237950925,-1.911642210919043,0.244241052860572,0.07239959942445533,0.9152873254932813,-0.09833566025909342,0
154243,16.66,-0.3129289671900141,-1.335691521693076,0.14765184053745017,-0.7032068801281984,0.9785597287892571,-0.7804944218705347,0
123618,29.51,-1.197957962340662,0.37490768630077576,-0.14277495317069325,0.763512567174797,-0.7947730872307747,1.2847378690390905,0
53932,27.62,0.5233237827285886,0.005457844281313952,1.5909413585541052,0.48342823064746115,0.6905431309088294,0.37707471692532485,0
114598,131.26,1.4443434119799452,1.2849797147621682,1.9359140507224122,0.7667182826202803,0.09439390749607787,-1.7829554572470898,0
73997,41.75,-0.027969414486982293,-1.1669178013714432,0.9383913340595865,0.806411762261759,0.3986434717966514,-1.1143981929116682,0
86202,196.72,0.23987275228472507,0.5172102161589602,1.2838887832702683,-0.5866940812126582,-0.43784617911268076,0.1601224816634518,0
112221,30.21,0.4335624601918793,-0.3996964908359908,-0.4178235188093812,-1.0532451601338715,0.8625665012473802,0.27855578036649353,0
89599,7.19,-0.9948563524675411,0.4300135238113549,-1.3247859103992252,0.6221409737006393,1.0245681639858102,-0.4509814122037964,0
54195,371.96,0.7209891534309195,0.5617110279184433,-0.2774485093509754,0.004862254933591338,0.28218791050091085,0.057329747937781554,0
64674,18.88,-0.8281805638735081,1.283739433701408,-0.011767837823633949,1.3253722587901913,-0.6355572973670537,-0.2214274927634512,0
51991,258.0,0.7321512260547355,0.15121622133754703,0.501894389860622,0.085668338354177,0.17626381517049736,-1.0078685780354832,0
5103,13.05,-1.3942977502044178,0.4040491665329693,0.31772670120959673,-1.6169364373700783,-0.49489544457292073,-0.5147441368134572,0
55798,69.08,1.5986475935911102,0.6952692270887474,-0.26866861640904127,-0.15757260122303976,-1.679484458356459,-0.334586248567961,0
57056,36.04,-1.6880343251976782,0.44858087925184725,-1.201212818893263,-1.0167009527519517,0.7332036722403648,0.5059153880005607,0
12219,18.03,0.667065472728354,0.17871512433595294,0.7463165225591263,-0.5120295142592802,1.6161774731748255,1.566052098366138,0
74131,69.35,-1.1830855152497652,-0.35844618930667493,-0.03139593706602425,1.2305450052085505,-0.20405044712407977,-1.9858485335431153,0
160806,54.55,0.12352920184109302,-0.40446228792410366,-0.3487752610068693,0.4004855252414476,0.6201731267741587,-0.38112589883555925,0
74069,56.62,0.7528910814937849,-1.0084814272863163,-0.22831842602516925,1.124176785112353,-0.7558593867544244,0.25967101593177006,0
78752,23.1,2.3059465859677397,1.444850287259808,0.7148166884800725,-0.17138267427367443,0.6762481772346155,1.2128537387842062,0
12087,68.62,0.00022394799578804667,1.6858701522215231,-0.27596309645500083,0.5504029783299276,2.7509485335216635,-0.7345676581005282,0
68136,10.41,-1.4036162110718102,-0.32206139647833193,-1.3394921629700358,-0.08805012531494116,-0.3261456472977434,-0.3852297552574248,0
165656,28.53,-1.3528658889640388,-0.6002042245856282,1.8304684749987743,0.21386223282894956,0.5462652450124685,1.4891650633595008,0
146385,10.14,0.9330666057209853,0.16679366453099267,0.6989037915017654,0.03207432755718716,1.3268267347702845,0.5645551388044217,0
160811,25.09,2.6323862046774984,-0.16557897256759446,-1.0207402102082985,-0.5854412625990931,1.0689434369867896,-0.4745300091719938,0
12356,51.94,-0.6584735952612559,1.161211402411614,1.4165403509931433,-2.090854797313115,0.7414150946621048,-1.2244430652472726,0
56889,78.27,0.3270752180533076,-1.5028017113050698,0.8153168852079051,0.05816171170418151,-0.37154133777271353,0.6064921081313653,0
134415,40.76,0.09293565268297786,-1.0563081304757531,0.63936284348663,1.2168367914244393,0.09976216876739895,0.6618855234040338,0
2356,43.78,-0.45767699298843306,1.0560303715657138,0.4720966910550961,0.1856695590444871,-1.7572147586615,-0.7584818160172367,0
86610,36.4,1.384871093794044,1.9581316153017756,0.624920464102357,-1.2561800267217864,-0.34931606368447105,0.7022623719135461,0
32371,64.01,-0.062088698214287405,-0.9589282677146163,-0.5259527397942941,-0.6492886613610113,1.7242782491692652,1.3349459797556529,0
21727,35.97,-1.3376741860876842,-1.4006698548865477,-0.42035532657652597,-0.3107771787876778,3.1580734261856236,1.331746056956171,0
137416,32.36,0.8254145978230849,-0.006678573052672211,-0.35870624076616664,-0.31822756475115965,0.020560153849150973,-0.6777464982678786,0
87796,66.65,-0.8328632751545352,0.08479772902614344,-0.7027771659920036,-0.8512536975641631,0.01378276463087382,-0.6256864237493913,0
135639,18.5,0.8276575097351987,-1.6503545041545293,-1.0580617172905176,1.285904920665289,-0.8907153157702533,-0.3819073605924749,0
133682,49.85,1.6756362938455622,-0.9739670442491007,0.3622968036465537,-0.33084046608119305,-0.19552578102936102,-0.9555651013138681,0
12323,18.37,0.43383524008887653,-0.48763907349858004,-0.8944442001871804,0.5051510704546522,-0.8692203786518473,0.30413372845149456,0
119052,140.04,0.2263042077451344,1.7470591445535142,-1.2357060240221238,-0.3599486648132468,-0.3867476624776022,-0.9236317026379648,0
4135,29.76,1.0574272871141361,-1.4366517921792459,-0.23436602171943766,1.7057177613781362,0.6790860184158487,-0.17967304371642964,0
5722,189.54,-0.8463983057776877,-0.8614127291863422,-1.0033254574540318,0.25404528295477813,-0.6760472447790711,0.6912550377652942,0
90270,31.84,-0.9711898691379917,-0.3393358444160607,-0.35296423074220423,-0.868729232791729,1.1760790596352249,0.6160788719192721,0
164074,22.91,-1.222750278738175,0.35201159109086433,1.442940067837931,2.3772242925107676,-0.4335768168619258,1.5275388581443612,0
77299,45.35,-1.4068105446048718,1.0374666695650432,-0.7195195128860274,-1.060839308951721,-2.102701753557958,-0.6931233416845494,0
128498,177.95,-1.03008605490443,-0.3481073452012972,0.25481921834699817,0.2647178681134684,-0.7866936589316964,0.4670593545708863,0
56573,58.78,0.15763455844094396,-2.820168822240691,0.18710153722227268,0.2503986972793056,-0.2778205015094632,0.4961616308888094,0
103651,69.53,-0.49920199827593026,0.2051848907361836,-0.33779626305732835,1.2881305258291558,-1.3586158073784438,-0.5237975968349913,0
17508,44.47,-1.2258922634399458,0.9637378771731072,1.460903426144534,0.30843238092960135,0.7906010971403166,0.5658496827544209,0
142194,11.11,-0.589915396249933,1.6180684811660395,0.6200931975868672,0.5346365326374684,-0.2941291413292626,-1.2068703438749475,0
68840,55.46,-0.2526248688026368,0.23422041359956,1.3548929315218388,0.4590339049067038,-0.8187423258615049,1.5960410345230238,0
10703,48.85,1.4801830768818647,-1.031826550728435,-0.8827684783389129,0.6548132043648224,-1.6112536278021696,-1.8688979708886237,0
126944,14.21,-0.21600142157311336,-0.18526591493035816,1.4050555856028935,0.9572630761791636,-0.17597405461662044,1.6708826128258876,0
67055,402.8,-0.023393960243946223,-1.116919511912159,-1.0511317357761678,-0.14837925849776917,-0.0065825814031294635,-0.25260598723733896,0
155650,14.22,-1.4089607467920393,-1.1786911317962547,-2.4857949122861833,-0.13013906688012547,-0.9226578080015512,1.3286614047875909,0
125814,71.97,-0.7920035740952445,-0.383943622063459,-0.6746205243566907,-0.2126728566895177,-0.17476883930077391,-0.8871715942317684,0
10651,45.61,1.7305179518279585,-0.967254737981066,-0.22511256068511618,-2.069318350847686,1.274118092607574,-0.008037934334656716,0
22662,51.97,1.1067745186243287,-0.5468384551947827,-0.2761320864811651,-0.49260287110232015,0.5490220871219158,-1.4654915547930294,0
22031,25.56,-0.7648492283081031,0.8292736865664673,2.1907855142107007,0.27533056113181104,0.4231030518391713,1.419302649277867,0
29796,74.37,-0.14114967234280568,-0.8054016700655807,0.6186085476102836,-1.2227634232238758,-0.1546953388016661,-1.0089343457611863,0
156995,31.45,0.6506676287920862,-0.6380301656523745,1.7472373285098912,-1.1808659398008103,-0.8186667372001304,0.3889420312172748,0
121829,83.88,-0.433990462215957,-0.836187114538325,0.054335659465392594,0.15160806864456286,-0.3518492702484191,-0.23193741789128622,0
135450,53.46,0.9416190135514908,1.2562213444413588,1.031018217042444,0.0017474602741839962,0.8646224253864991,1.2402802769283487,0
6142,141.01,-0.7853179202632383,0.2769943311191006,-0.2637053055765539,0.7533738838312816,0.451046542162149,-1.6106178528918353,0
29320,30.99,-0.2410632224657809,0.5362900625654685,0.9618388324273973,-0.8878963516917364,0.3755857489573709,0.1979564866991803,0
86836,22.21,0.45005467118514625,1.4120963746775894,-0.4217118518435028,-0.3096887692908779,-1.400059263224245,-0.2908944447234685,0
129295,18.18,1.4717088983618904,-0.644622131078473,-1.620094339195057,0.22598746010430507,-0.39995673927634884,0.6767224939729514,0
121008,20.93,-0.19052518962003737,-1.2099650286671761,0.15068585788386077,2.902650262493721,-1.6505750599666542,-1.54442742282055,0
148683,22.47,0.14268841220163028,0.03796372821063529,-0.5688054171653081,1.1379766126058337,-0.13858198323236143,-0.8986266755846266,0
94475,53.55,0.032863373980213176,1.2046759357569254,1.0755000211306371,0.7301571640314422,-1.333195568791597,-0.49121462482574696,0
84976,26.33,0.21498281745454795,-0.031160364801477616,-0.567195151015101,-1.1472519911746517,1.8537882593390969,-0.7910132135916936,0
60300,32.4,-0.3568702985434836,1.2678736503332175,-2.8608313524478763,2.9610549209001444,-3.5521115343398018,2.105169899388592,1
121958,53.84,0.10172320847176979,-0.8155917712191499,-1.7210471256296629,-0.002735556091113593,-0.8435900228955672,0.35417735389621,0
91357,91.97,0.4076897368371771,1.1726975771850674,-1.170435757497502,-0.0970718201485539,0.094761075861996,-0.593953518687165,0
116449,40.83,-2.6441700696840535,0.7995065925805859,-1.5008090003599173,2.8539188378147458,0.25003026794041006,0.8080116155507414,1
14387,146.88,0.5876949018678121,0.8228592227833518,-1.1460919604530955,1.0025764005746776,1.3128254505190116,0.31063749893979387,0
106896,43.67,-0.029172699226560628,-0.7893523659025773,0.8017851843284858,-1.8489378773712553,-0.6821146593125106,1.4427345295455496,0
19611,6.82,0.22352376254153686,-0.6211347987962408,1.4507099241344232,-0.7448602791352117,-0.5670333405086315,0.2461924382181747,0
145544,48.97,-2.2176090801520147,-1.477772107753317,-0.9268848322861801,-0.14482749406013753,0.4013213737267121,1.5600376578908255,0
3191,15.31,0.200033787312328,-2.0678183764773013,0.5603619506667351,0.44686011639600887,-0.2876125498149928,-0.5532902752802538,0
116492,36.52,-1.1497414553678929,-1.5618785717244308,1.012635254401941,1.0539854833770739,-0.2807558080180731,1.2148728529041746,0
104131,27.28,1.1329263873010347,-0.438408888036707,-1.192896193636784,0.6150376277610444,1.08321774810704,-1.8793847057314779,0
32217,40.26,0.625318334021503,-0.05158125721557804,-1.275870999901924,0.43001338002358463,-1.0080220616666766,-0.025301588562958218,0
32430,352.63,0.903058166736933,2.0872721617936274,1.0421283086144433,1.1822352190216612,-0.709841365454307,2.2482747688205706,0
115033,58.67,0.9229775651404308,-0.11135440238551125,-1.1476626279477486,-0.3701116034225179,0.21394864949088535,2.2967608205222074,0
66912,15.67,-0.8456893114465224,0.585070202458372,0.643913010296156,2.097011911213614,0.8407305745312541,-0.6308663046032944,0
135509,71.58,0.05517063787146392,0.6629937020525997,1.4471347984448446,-0.5411690967855018,-0.6184956850543406,0.2394765410182496,0
28179,75.14,0.7990680731422993,-0.17436283641253425,-0.14291469199318227,-0.9073788851664958,-0.06765277659878156,0.04403432673074835,0
95257,16.94,0.883606785994169,2.0515094640855813,0.7462783899353939,0.8468697346842523,-0.5045926056760943,-0.6520424141872561,0
143273,62.03,-1.0893426377121063,0.2424629717227108,1.7297873874562433,-1.4997148109085592,-0.03329400813150332,0.719791421832159,0
50601,20.34,0.6776371019248881,0.7462775936104097,-0.2652287522247021,-1.9259679459071828,-0.4338726223247447,-0.16342780296642598,0
47638,19.34,-0.574601858183391,-0.9550822881358275,-2.4902817083763287,1.213597562302249,-1.2911805341713132,-1.1570917985823324,0
106233,23.05,1.8701386928213053,-0.06480925356113022,0.8331303283983444,0.9892860763940897,-0.9409090106097221,0.5280992622763334,0
118831,31.66,0.2651639227465874,-0.037717949765591174,2.1511640414257696,-1.1460679421083284,-1.7547696296211803,2.195285063680741,0
31575,18.8,-1.0820177850419361,0.6802871657177568,0.932375241647187,1.0113682571901796,1.1881190566564999,1.1223679453011257,0
99932,343.03,0.5220206351107666,0.06627473734423478,1.2154705420797873,-0.9434861788144033,-0.3501729246834748,-0.22132293452157079,0
116400,15.82,0.15734656767307767,0.07462800981684738,0.28237775119951514,0.010697207125230437,-0.332644446445779,0.16652917310247747,0
68975,14.94,-0.3610871633868695,-0.39415809652607375,-1.8369831612251455,0.1151548038377762,-1.3417053406759498,-0.38216563007522664,0
87235,35.81,0.37034026732884573,1.6776840908998094,-0.12983632584940336,-1.0987241767814673,0.9529452607116164,0.8843383121032284,0
42070,6.78,-0.736901352231799,0.8047874435273991,-0.9260621643490131,2.012030027571847,-0.0688549928182328,1.8120878086414012,0
13255,45.93,0.8175345098452976,0.46032781838148307,-0.5874512748557071,-0.13803219746862735,0.20128028976791149,1.2236232510224998,0
12867,17.63,-0.5912156192423738,-0.22083449203708258,0.023166080062098828,-0.6570436972729109,0.5157676015642436,-0.7524929265669714,0
65982,24.54,0.9389088320395578,0.7203574983935084,1.1709964932042665,-1.1413669732818656,1.4086427164541364,-0.01621093988476035,0
172681,21.58,-0.9548690815840764,0.3182552465834273,-0.13738859941677573,-1.2318319411277658,0.7258167581809385,0.4969480842552928,0
59042,18.81,-0.630863510683409,1.8816212893577708,0.5179733762901656,0.4461709444432463,-0.30034054830926843,1.8837240553452008,0
6643,175.9,0.18411939832816962,-2.3092040214088487,0.1455224922103618,-1.268797912528891,0.13338350848658456,1.208320834539794,0
80807,27.44,-1.7959827345840234,0.15485044831038394,0.09704062724448921,-0.7622500333233032,-0.9520929023775087,-0.02237733411017302,0
101968,7.57,-0.12064303412983486,-1.916300765997707,0.3962775398868718,-0.4953229819838707,2.207929217794186,1.386519732148224,0
118325,67.78,-0.8664477699523984,1.2614989908023837,0.42489610417240287,2.195012029127749,0.44113385598605676,-1.2330828282800503,0
103033,41.8,-0.4012092065446777,0.050913695535472696,-0.5944136985779728,-1.2987196349893746,0.23743765731826044,0.8674276913469608,0
38000,73.25,-0.06387783283134668,0.20324773130540036,1.4776928730321528,-0.20045391335293464,1.3023067107847297,0.6753876060860706,0
167292,5.45,-0.4134487034717953,1.432988276709578,0.7128048049548621,0.3429843413591068,-0.3026749109788021,1.4345333767610176,0
136614,24.22,-0.9773641174837107,1.087940253268552,0.7555049064655893,1.7263353104565862,-0.013973682229795103,-0.8978434207927971,0
93782,25.61,2.3016748520507746,-1.5214329809143075,0.10032295575614611,0.3124548561517243,-2.397584707014306,1.3092529698878164,0
136998,150.72,0.5239989555843281,0.5512833327755875,1.2647695267749652,0.086459090042442,-0.23617789827269867,0.6044359999987874,0
80642,19.6,0.20479787728191723,-1.4732066298752666,2.2067827246151004,-0.9550177035394786,1.4059279034730616,0.45872354241062957,0
3327,13.5,0.2912836656902564,0.06318366880775604,0.35804883885657074,-0.5313598815768662,-1.576397712709427,1.8115547192523307,0
340,8.98,0.5775169546072118,1.9017657087015443,0.18604771215121202,-1.2258637713038287,-0.2575019505319146,-0.4764500619277429,0
95082,12.92,0.832092018373946,-1.1470655997190768,1.1900387532070433,0.8053019807240389,0.6167440233985058,1.33012776730114,0
41844,210.47,-0.04060623167853,0.4944975317803214,0.2919658624579071,-0.18245000287426927,1.6700219883202245,-1.5724895241473331,0
67766,25.16,0.09741734306431259,1.9799483682905985,0.39886812413114325,0.9762270859965708,-0.3275938814999255,1.6601376405137818,0
4895,29.23,1.5089188942669034,-0.40086533500970234,0.2797677077282163,0.629718724118924,-0.6855366298256818,0.4460215482320883,0
38467,20.48,-0.6964610897866884,1.8182787037428214,-1.6117850634872015,0.9515649250581041,-0.9457381203722185,0.7019491717394459,0
125036,11.05,-1.7681569117532319,1.4591609941886914,-0.20952838151705544,0.302990856665729,-0.7093500383016634,-0.31824491475683536,0
82711,25.83,1.1234272870957618,1.2463298110749446,0.64323541855256,-0.16374274729121518,0.308786359826396,1.934302166337711,0
162781,31.25,-0.21271991693091935,-1.5693563427251942,-0.06613955204647334,-1.0032080198636522,-0.7412456849806711,1.0492606649689424,0
86567,67.68,-0.9198981704461536,-0.5903616918053307,0.9769828076619566,-0.8974266749486849,-0.3273499603225963,0.9056231849466405,0
43642,14.8,1.2428268933268276,-0.6525979093314883,0.3621843221046941,0.5513676992826408,2.0670696873861147,-1.1078134759495732,0
97539,9.98,1.9687573094339588,0.10413338802134002,0.8253075172403137,1.7540430503268643,-0.17750852548919108,0.17572471303499634,0
73963,29.31,-0.6368823889389575,0.8223422986875516,-0.7071110812932093,-0.41495587913281295,-0.4504644998728542,1.175487420647236,0
42056,41.43,-0.8385806594815023,0.721161822084155,-1.1524444681088677,0.5989127190455752,0.1660068848211962,-0.13030062499669742,0
30447,8.6,0.3886472460333105,0.10760343622295077,1.5366558287399776,0.5064244969473461,0.41596437633711586,-1.3450986154625424,0
101376,35.98,2.0221741000873785,-0.7483831806910334,0.9600608747015225,0.27566807603618804,-1.8475975570175622,0.12287856012666729,0
8070,25.98,1.6129781705930544,0.5436541282806068,-0.08669415358537777,-0.001612672394508496,1.7444739253854884,-2.7691765652335416,0
5668,15.26,0.7077916141550177,-0.5070282627910236,1.2700861476800949,-0.7377225877568429,-0.4037580554787445,-0.2850720974046158,0
129744,11.18,-1.0701584635068604,2.060826563902659,1.4047908419597586,-0.8558815063776325,-1.8459744547432604,-0.6590158484933484,0
74055,43.1,-1.8082953284995145,0.18706893797659985,1.7975448446859867,1.603369492007377,-0.1508610267853418,-0.6010895660413919,0
164246,26.11,-0.46595097807205077,1.1475206166322423,-1.04635003568742,-1.0769231186843455,-0.4029398491392732,-0.7019492100813075,0
70467,51.28,0.07964958261392499,0.5888319515419477,-1.4680216487673514,-0.9210259282265284,-0.05691416341017614,0.36746685333501855,0
140975,96.96,1.9824704501689276,0.15364912929661892,-0.14726982751294532,-1.6770945584721653,-0.7575886740283793,-0.7723894320358954,0
91267,35.56,-0.265920074195552,0.7202240169054077,1.3344823507435037,0.6686297581325897,0.3224589578050008,-0.3797123177178291,0
33933,66.41,-1.419877164270929,2.1321464601437015,-0.4533646542708436,0.698001587510532,-1.3499811170217109,0.08973303704435358,0
141449,36.28,1.0275527136751572,0.7972522985400334,-0.41615479711295045,-0.9588038543707613,-0.6874571386709633,-0.04167273541403839,0
94066,70.22,1.085316376936962,0.8029464152910288,-0.8210837771794902,1.1453208426354795,0.12253627094607866,1.6633677646322638,1
61367,56.32,0.686774070503355,0.7356807637597333,-3.3348927106258297,-1.0969280916615103,-0.10330278363940919,0.5748525793953337,0
87939,11.93,0.6041074554390441,-0.8525725887464994,0.07468163945423903,-2.225377956905714,-0.2880494720050658,0.4648656402301449,0
65318,15.18,0.05389734703320638,-0.43212104312941974,-0.27199997230813616,0.6560435672029604,2.120143134162845,-0.2817563322053417,0
149134,5.92,-0.4348206128661142,0.40043199385628025,-0.3731662385021419,0.893415956689334,-0.8735354123833502,0.07355207733421328,0
132197,65.64,-0.33908829452682704,0.6250767970040728,0.10550074979627926,1.6123121400237026,0.9986040951492808,0.6615904071032149,0
109850,134.19,-0.5516751380466781,0.027010554301906357,-1.8381075650588399,0.3206630477626402,0.40625298273216875,0.07529073745357405,0
88199,27.57,-0.9939209291753933,0.016620981362413703,0.6337159007251949,1.2671281427247396,-0.5725605925532729,0.40751614482073995,0
14683,53.01,-0.8446772632932499,-2.016294310423165,-1.0046892788749149,-0.34848970276917496,-1.471499230236672,1.2394297942401529,0
81571,145.19,-1.0397932245282346,-0.3406040777437667,-0.16168910802506112,0.9112131037953766,-0.5959045058647572,0.8940270538418312,0
97007,109.15,-0.3248579264985461,0.4612282614987982,-1.1722824969029528,-1.2344056577617455,-1.1045766287676533,0.4204508516384657,0
89393,11.85,-1.1173270089312346,-0.5016466787964576,-1.8523425031098761,1.4165838233446926,1.3187609748391393,-0.4043098054983761,0
54040,34.38,1.2869472861164193,1.7846356069497724,1.4221418115480882,0.31816394347302285,1.6267210522465816,-0.4537155775039246,0
60142,27.86,-0.8180021847417462,1.2313042635686857,-1.0614976412061874,0.5368721626398448,-0.6089355511311296,0.41343696346078196,0
82074,65.3,0.5838830222840011,-1.9633586432655206,0.44024803021039804,-0.6184543903794149,1.6487859657299524,1.9569041754858603,0
30682,31.68,-0.8866391692045981,-0.5837206456894258,1.5997042010481028,2.089714963125961,-0.18986369216348206,0.5067690725044746,0
37131,38.29,-1.8804355440630813,-1.3126605607992783,0.24846242113129152,0.055789628616553615,0.1501179673598229,0.18531451608881952,0
142326,5.73,-0.49094894973186637,0.5740812821065351,-1.236382128406456,1.8257245471685153,-0.40494788934748205,0.9133920236370419,0
161595,774.38,-0.09872089445567296,0.40265698164716096,-0.9934335991331157,-1.0328144095081981,-0.5633211545860078,0.6289170608741751,0
72240,51.21,0.32434571119492384,-0.4679237223332475,0.9960325033075258,1.9746523622218093,-0.8523316114341521,0.6185484915857556,0
139088,116.2,-1.5704750453679706,2.079156698466804,-1.6661892380266072,-0.45755418138145815,0.16267307156039604,-1.6928673242009624,0
28625,20.91,0.05990977407950356,1.1041751565436755,1.2285176064149128,0.7818503575829996,-0.44153532917022287,-1.2494948864262096,0
37228,18.13,-1.0895134082734554,0.38213127589080353,1.7978387330904715,0.4966024096759404,1.545287340313692,2.4845809842450635,0
129936,76.9,0.6051330157589494,0.5177578157088407,-0.5188000423713724,-0.29359595441326725,0.22307427323713172,0.009701291631568444,0
114130,6.7,0.9373674142536799,-0.6961170513463018,0.39254781523740595,-0.7605788732891259,1.217912665058428,-1.251470562361394,0
36027,19.16,0.3947573891079933,-1.1587930664246047,-0.1020382008184647,-1.2944209715866946,0.3031822542833061,-0.601112147049588,0
101407,77.53,-0.5238431703133952,-1.5428221490372125,0.14258629209557436,-0.017230064210917172,-0.9991461781992887,1.7742257245145796,0
27532,68.81,-0.9820194972109048,1.7563779876279924,-0.3078959650384471,0.3627295665659698,0.09620609990043659,1.317089404222051,0
112340,53.85,-0.051509193753927957,1.0018704135410883,-0.5318757929022689,-0.002981399838699799,0.4867722915221611,0.0806672587862179,0
141877,3.69,1.2473036506646777,1.1030832782933673,0.17492346744196388,0.20083983868110694,-1.8573869058881267,0.5713195741270171,0
8787,30.37,0.3435975351782162,-0.3032607776667061,-0.13280630207669494,-0.7164585163612808,0.49420452639453427,2.1677241206196283,0
67534,11.81,0.4892118246643012,1.530047441561629,-1.8552505395526635,-0.37125957839401674,0.03782522791170415,0.34994483142526267,0
26715,9.81,-0.0936090233663665,-0.0001316862269378586,0.617838218879222,-0.6269837737716375,-0.8075949276176789,-0.01801333987723139,0
71155,28.52,0.8496447827066518,-0.8515918325016023,-1.431186765846887,-1.8598151761373272,0.7948518354882873,1.5543760882563475,0
25556,13.18,-0.28212494313773495,1.099415601792937,-1.1491989346880624,0.6549244483515344,0.9366809444440224,0.04105436843104512,0
118474,38.79,0.24245018063581938,-0.2567338034800533,0.19977622183509458,0.9126591375517253,-0.7267437429665786,0.9004555810108299,0
120356,28.68,-0.48016228319304444,-0.44639849881551563,2.0732567066828906,0.2553570313168375,1.1950497596109866,-1.9215437032844853,0
89563,15.19,0.19767556695424515,-0.3779897459852177,-0.32760752609211174,-1.4517209580135524,-1.289145010178219,-0.03866477467922823,0
138,6.41,1.1119533608604089,1.2757718207583224,0.9138266561455501,1.9272667277418754,-0.7964675448912183,2.001587265815697,0
148554,15.91,2.4015836610303523,1.1350368571017395,-0.07393236525691027,0.36683486883214705,0.8903085873913994,0.06877490662237085,0
44014,28.26,-0.402833428474804,-0.6760510882885871,-0.6331863393652334,-1.262850240148433,1.1084959171771165,-1.4442918455510363,0
74813,14.69,-2.9733061712925575,-1.416990139680991,-0.48870197023212386,-0.38510537684445295,-1.4070173807365334,0.7380787516866149,0
163678,169.33,-0.7948936470016904,0.460197681230041,-0.8040129979542465,0.25372450310419264,-0.5520174843218115,-1.0996890869355247,0
138593,55.92,-1.0769545408779464,-0.20675440342927123,-1.2187111007693654,0.2946983608256279,1.6385124359027736,0.5790633493185502,0
20609,9.98,0.5212299906445413,0.880806853484222,1.176637548616744,-0.33454602892362273,1.1461704509257484,-1.1816997830645828,0
106464,23.52,-0.9900137139031393,-0.46685541039991946,-0.9052561597764432,-0.2741291970900085,1.9382002425310245,-2.0048593724508446,0
127600,10.21,-1.0814133807392872,1.1531696984548447,0.8930559267110364,1.1019178306413826,-0.7007891025062037,-1.1098690073528643,0
164644,17.98,0.0689061331209721,-1.2500256555876041,-0.7988988980931305,0.18909955676685122,-0.07774065283130008,0.29507074426925994,0
93547,214.56,0.36254309109296134,-1.0525230549973785,0.5748264844618621,-1.0404850982458325,-0.5619298595106359,1.0599582646743342,0
159988,130.07,-0.4708498301222839,0.558558153281572,0.4767725530026038,-0.8573880998991262,-1.1998758126998477,-1.7940560232190466,0
117126,32.38,2.5460545359427917,0.2575817492104368,1.856415517826335,-0.16868866077056033,0.44778695140476144,-0.0492096920777383,0
64105,86.64,-1.9719717599293562,1.4664354311549113,0.2565017520074657,-0.9110598469404043,-1.0914702803806247,0.5571762611927132,1
19288,123.2,0.00806675941113609,0.3929073590143916,1.3743116206542387,0.5816701162790064,0.7518604673168144,-0.9636897256181444,0
130526,71.11,-1.686876951373053,-0.4251929532728843,-1.1271325836818435,-1.3898757328043652,0.3278209443202416,0.24015927124619948,0
34773,8.41,1.2592837114361684,-0.9409359526428854,-0.8069220858097825,0.09884350838950627,-0.4877280190392609,1.200996333626334,0
164791,42.25,0.41687306259004037,0.18861234197501178,0.15703917019676786,-0.574185068016375,-0.3353910530156894,1.3157491868740676,0
8308,30.0,-0.1692744383326247,-0.7718903751859546,-0.03347481032690589,0.431332186353047,-0.35854949963841176,-0.6203812753844744,0
31337,112.0,-1.133042347377462,1.0325388983011217,-0.6527362855635124,-0.11538574166216507,0.49414934480535166,-0.3052627468312322,0
166782,38.18,-0.1654240521818934,-0.7296578822941202,1.0868180300688906,-1.9614204091330376,1.2993336736577432,1.417726634283043,0
109869,176.31,1.0813169577685364,0.4600453908835562,0.48107036951077237,-0.05448809385780392,0.9755994981928379,0.635167037098547,0
74859,29.22,0.6235257988258587,-0.6755685285912163,-0.019476465301345502,1.5566565676545774,-0.640112765772352,1.2000559646274422,0
170182,28.28,1.27427225873437,0.8023327778844658,-0.1193093118030249,-0.7758714994462428,-1.77484473569773,1.2904627249393372,0
15524,4.13,1.6666632592275232,-0.6545649415957304,-1.4233367948813866,-0.9376077796473099,0.8466273612010188,0.4271854705111423,0
59129,8.96,0.9951676651586061,-0.33477332470482757,0.852408877798197,0.5091626800766724,2.4264722892412673,-1.025329550768051,0
91703,42.85,0.9109070350337493,-1.1111237664157756,-1.359066496888782,-0.797774878028373,-1.5559857033323108,0.8145295361635145,0
51214,4.71,0.4403539938779136,-0.8027217162249164,0.013652912075056728,0.7175305164006791,-0.23800619073045068,-0.8762456758218921,0
107507,30.01,-2.0265777765994355,-0.09515051205677928,0.11491272637148015,2.0139300303898144,-1.8870935241978417,-1.0920609349254446,0
76256,66.03,-1.4413417457153697,0.2860158076346249,-0.2163003284635096,1.6839933375190708,-0.19676439542770313,1.4351907123002996,0
85091,14.02,-0.689655504900944,0.38827425492643364,0.4745838196939445,-0.000708643832986225,1.804004098588861,-1.203293303222857,0
142961,16.97,-2.9937066026606227,1.7776448188194294,0.029183758055412807,-1.7583540283924297,-0.6726458449635592,-0.7626926259947432,0
166216,16.45,-2.49116140815146,-0.6345213234339414,-0.08412958314923621,2.1822678096954933,-0.4976968062969693,0.34372467755792957,0
51293,99.62,-0.5330040818263343,-0.026746301172925133,-0.18010260135135786,0.6886622951464159,0.335486743165977,0.4116485651629448,0
93405,44.43,-0.24825111386109355,-0.2702923176244952,0.25178524567549915,0.9658316468581304,0.5822751097257017,2.1919731714389608,0
9110,19.72,0.2183387504421607,-0.3583944830280237,-0.5740647135680381,0.7883648007773563,-0.403032964634577,-0.4074209264619019,0
150611,23.07,0.8544377511405561,-0.89961865754579,0.6141476940377332,-2.348966071854309,0.9701670531946444,-0.04352516292923107,0
100772,80.65,1.575720450373765,0.29456851257516387,-0.30565009508908053,1.9798046031694567,0.44090136349249903,-1.4608379850427804,0
150667,90.61,-0.25772456158629525,1.0468790323232877,0.3030162924749628,0.5528119791930007,0.8850433969165468,-0.871890164708353,0
75713,24.55,-0.5610891309809973,-1.356545052286539,-0.4271105487326319,1.591308811184674,1.116203641743548,1.5527226056574168,0
18135,137.64,1.0615091571758442,0.1364269180672801,-0.6484466533719213,2.807650783278881,-1.145022237757557,-0.24456019880301033,0
84717,75.81,-0.741498249912725,-0.36888310293702387,0.2745361875832817,0.023620602414650072,-1.386965475571848,0.6070765554291349,0
166807,45.74,1.048203967675276,0.883624548970972,0.15575190783128046,-0.277997121745195,-0.3763044235140291,0.40885418562167936,0
109225,16.25,1.664641821966275,0.9007751317905579,1.3999034411695583,1.0348261138558552,0.44315998584792593,0.16994851969779648,0
87312,40.36,-1.0053151259972355,0.539723679738307,0.951056862481465,-2.5169955522115175,1.2274590311548499,-0.01860470565223647,0
32920,92.82,-1.1290644218323018,0.5951573238847284,2.344419387763796,1.3050815921384162,1.2191288665415394,0.08577075622153388,0
101268,39.64,-1.5057478005641665,-0.5508574703286617,0.5749060409150368,-0.13365973326242211,0.5165849695700944,-0.07751606594137417,0
151878,7.25,-0.4290372480926655,-1.3191950527677994,1.0625720057333625,0.5510969833098386,-1.8918105367082008,-0.474645197385158,0
102304,90.95,1.434001003730461,-1.4043164166961695,-0.3364355776120064,-0.17992915293206393,-2.02616924639609,1.3046566274067597,0
55230,43.13,-0.9561357029585392,-1.5172538605721053,0.059654565007084104,-0.16662710805439485,0.1579837777728344,-1.0090056585251552,0
154813,20.41,-0.3239808507005772,1.333439166032965,0.5303061822496024,-2.3512239413483194,1.0459778543567126,-1.6088486744468955,0
21689,62.84,-0.3524537316377418,-1.7710568023371822,-0.5160601765303474,-0.6976628460130594,-1.4645692659616119,0.5853573347956043,0
26421,56.68,0.21446326746755132,1.563961336859704,-0.6836904851242519,0.7583074262749673,-1.3567369827090405,-0.18076809987796172,0
46413,9.64,1.477720295302075,-1.248302801869318,1.375179057607244,-0.10073426293003278,0.23201383940766418,-0.5237335073779237,0
108872,18.53,-0.2822405919232288,-0.5753373680430791,-0.0967494053303549,1.9440482938018984,-0.8189985734735198,1.0047908422191092,0
45232,32.28,-0.5582302623977843,0.3181593274098852,1.2651988879529492,0.42976962190497714,0.8939292814307211,1.0231324231130516,0
59163,31.53,0.3320814614168105,-1.0055559711837476,0.5106788831660388,-0.7321389019707383,-1.0952374259119726,1.0521812626063627,0
64324,36.34,1.0546206284873183,-0.12184561131103523,1.210382609061763,-0.31375694526562803,-1.8508357631314192,-1.024230887234727,0
68648,23.03,0.38714831606090655,-1.5475310822744464,0.6105283942093266,-0.574752983207413,1.1956352431945556,-0.8046329957379039,0
83178,52.91,-0.05892635452305161,-0.17973251401012086,-1.101899972988713,0.9918267143381206,0.682693510870639,-0.13231491652930216,0
158598,36.28,-0.6291996069703238,-0.10875102283361787,-1.2928737322045296,0.7114149692046384,-0.06144568092050759,0.04864713191439982,0
100732,65.78,-1.4266492108103472,-0.2552061344396246,-0.3704277144696703,-1.0166743760211148,0.32196208713394575,-1.0819041571980519,0
9337,10.87,-1.970308581351401,-0.4738828697857191,0.7775497655241282,0.7391186527732009,0.43040342273168825,-0.06357935767012503,0
19309,3.6,0.965264384380448,1.4876884464035136,-1.363465016185462,0.8214083231002738,0.1951953141107542,1.0866698988430352,0
124450,36.11,1.3286464115446437,-0.6431504101226553,-0.5156340340803272,0.5529941576713682,-0.36424132290427624,1.9411114755060226,0
43949,68.34,0.1430849370279944,-0.6081535516204094,-0.37706081718204426,-0.27594772280400914,-0.7782939812578648,-0.12586555117518589,0
108117,114.83,0.41744703441079983,0.08015976048755348,0.6907823264806331,-1.4497484508554535,0.6772119130015395,0.9749844341928189,0
160831,20.43,0.2932844290048521,-0.5495543958595862,0.18955986050867568,0.4242911326544627,0.4656175052787541,-0.46619795034685974,0
154542,18.47,-0.47269227772357164,-1.611717065618854,1.3131697870913475,-0.04710170789354604,-1.0461440007576739,1.1284888883891497,0
58005,26.53,0.19731341229026655,0.47057145940029743,0.15181909274375874,0.8531668196841885,-0.1108485103486127,-2.26121846365778,0
23776,52.24,0.8778260312391258,-0.366602569838744,-0.5690613908465737,-0.6502330862292857,0.8880442016384417,0.679011930786833,0
23284,5.8,0.5001128296208667,1.8489386185618586,-1.0434994950947576,0.3658305570658767,-0.19261441375760072,-0.30810677139498616,0
49812,46.43,0.6102350056939962,-0.5142094443630262,0.8977215684594247,-1.9126784014656564,-0.6058085741543605,3.019653142338043,0
22116,11.8,0.15551160376356082,-0.6280978350797833,0.1705660267701262,0.3796728556844046,-0.38381391265042936,-2.4895370915354085,0
152110,14.35,1.3486931986455122,0.5859917689787818,-1.3232573567685475,-0.4405169443598121,-0.5012444992846619,0.15410480649630465,0
42215,42.17,-2.3559189249323222,-1.243358737609354,0.23741194901093982,0.3175427570190096,0.4259152425620742,0.9039045554638461,0
19830,9.9,0.8823970897899802,1.4399540414286307,-0.06921940794151801,-0.16800680644956742,0.15568525695762853,-0.992615040953912,0
1917,115.53,-0.9885290078659005,-1.0373261983013427,0.8782055654366451,-1.4139691334071136,-0.4819109663809622,-1.1461336221411886,0
41800,18.04,1.963552833543816,-0.9024147207441254,0.2984278994828184,0.5309868293620021,2.2186469035868575,-0.3698692430054967,0
101015,13.1,-1.2425008369193873,0.9662787392346717,-0.327327440521436,-0.18840581615074903,-0.4255573586497196,-1.3584113413477445,0
62507,23.59,0.29003780305390187,-0.9914422843961568,0.826290124622276,-1.3420909047650176,1.168365275711301,0.8297383440918719,0
104555,48.51,0.09274306577955228,-1.0001389212399567,-0.321169399043682,-0.3602217713060356,1.3607298466423299,-0.6439431679251426,0
32402,81.59,0.42737604547079716,0.7167276477173428,1.8875513502558465,0.8954408909483242,1.3229805704178166,0.9670256374540331,0
39809,25.03,0.33276047863701036,2.7359601593834886,-0.6773622287217693,0.7850470229128118,0.3736841434701021,-1.1949378259506007,0
135370,18.93,-1.456857628248038,0.36417006314241074,0.014079798464584264,-0.22167347212510063,0.19822519329196167,-1.5784249760812215,0
150872,143.72,0.1834542264722327,0.9088890363692873,-1.659735361381571,0.5995038480519815,-0.37451149977495024,2.3597304097668728,0
20581,58.99,0.5424239695321018,-1.5184219860092891,0.11802771394381888,0.4683579229637297,0.22561346745855393,-0.688505233070774,0
31923,27.72,-0.3030927196917261,1.1279249855168274,-0.4007357986163498,0.5870192397951901,0.6735441623088173,-0.164240132075162,0
141130,69.29,0.6165793523072711,-0.9083412517079852,0.5920318093946155,1.1132600646021393,1.604278036822457,1.3732538692837277,0
145448,43.13,-2.9469042192840145,-1.6994295196075182,1.379111403168567,-0.22776128871237047,-1.4370389023767902,1.4245144808548083,0
30795,52.88,0.7911400043558836,0.6546884930081445,0.20845721705236636,-1.6029239131909896,-1.492086257090582,0.8693147496340548,0
130544,20.56,0.6754908472654697,1.2910522327024336,0.20712127707087358,-0.06779753777992059,0.39205574829023,0.7676513048565078,0
148056,20.67,0.8918405795948128,-1.170662530200189,1.6953634941799354,0.5243372855760459,1.286284436366781,-0.23024267147259858,0
22746,34.38,-0.6770111767903435,-0.8274767512618296,1.227987809585601,-1.094247826361592,1.3658704330648481,-1.3701225061570623,0
2023,17.91,-0.06213606646930852,-1.1118507066640289,-1.1208492678116218,0.9278136785720363,0.7966304793356654,1.2943312532053923,0
72930,40.38,0.1822802235378697,-0.46524542916908107,-0.4968990471525983,0.11566101761041994,-0.44327350652556335,1.0000461431316872,0
114928,25.03,-2.968439205153206,2.8560263092877847,0.950284653118417,0.3951559923759951,-1.8734045718214223,0.5162654807178633,1
155002,19.14,-0.6141435312471847,1.1078232824168008,0.5410509840616632,-0.5136490154488385,-0.21618346419372722,-0.5412595737311112,0
94788,27.43,1.1888062411931566,0.23053366721133914,-1.508848683629496,0.9015179982381663,-0.9432110892025215,-0.7510073770644133,0
167132,28.21,-1.622974962003564,-0.3516742428437714,-0.8236431298556439,0.3034046705972552,-0.4883132124733428,0.5485122810508102,0
158175,111.29,-1.0730913283626153,-1.7720278284240423,-0.292375353093686,-1.222733254137745,-1.559087443681418,0.3374663870861108,0
79003,10.52,-1.3432093905839007,0.06882365770464906,0.05705383682536383,-0.8908226680002443,-0.5712949420296661,-1.3593798907896668,0
155892,38.22,0.5069763458281417,-1.129815030264563,0.4266317859767969,-0.881710192150132,0.23273655767532012,-0.7296839491813547,0
76361,34.99,0.21272612119178486,0.15376382954470624,0.0863330187871626,1.0705826696757639,0.2974767352653478,-1.473647180781942,0
165229,105.94,0.25893042822568985,-0.12579262765832977,0.6212560942035293,0.16377687119285475,0.910667087786442,-0.09753395376879928,0
158417,96.73,-0.3933511248228728,-1.2969126132719826,-0.14897166476435994,1.504112837700796,-0.14660705522232548,1.6000076397893528,0
126063,26.69,-1.4766572235180533,-0.4735233815541974,-0.20486063427138504,-0.35621245012762687,-0.22633441639067606,0.5957362587612732,0
131354,28.84,1.5803397708229694,0.7239970324019037,0.935268755244199,-0.5874424434240215,0.8891901693541645,0.4474943362572483,0
1828,48.83,-0.0487656518431153,-0.398592038913759,0.1676501553866558,-0.8152803293911224,0.4843517014727856,0.6113434289029646,0
8556,161.11,-0.046496581126557926,-0.5772209563821133,0.5262858686819794,1.2225441529329892,0.44460194136440706,-0.4878617552899782,0
19169,93.73,-0.6292337633874194,-0.2811940121974293,0.15497201855647263,0.2676210525626648,-0.005863503321309755,-1.0073004845207418,0
138682,4.79,-0.6078099800296577,0.394111930370858,0.6273726701874223,-2.399848713455687,-2.174342726627676,0.07240267231624782,0
20932,62.72,-1.8802884105687847,-0.9081539486076704,-0.7316332651872413,1.3420353309757287,1.1221497428546585,0.6506456283671386,0
15417,47.74,-0.2617807223427068,-0.6189834508861229,0.6959612553036046,-1.0918805717350637,0.11493605439387525,-0.6857158710198697,0
36877,12.25,0.1485479035926389,1.7967534654264914,-0.04426012027857669,1.002802734320083,0.21476649160079223,-0.19340580955180642,0
165556,102.8,0.24107607880329518,-1.0614729729236276,0.4985696910042263,-0.022411242903762993,-0.7559513886453921,-1.5518957495307977,0
87051,56.68,0.046461273154189575,-0.7701191072317533,0.8340275687263308,-0.4807565067270335,-0.494806053326942,1.3571409014981453,0
168048,39.34,0.12682468513496187,-0.047058540774386516,-0.8784004773393012,-0.06040613221613558,0.723399637957637,0.3837258197309604,0
48777,21.46,-0.193155224849579,0.8638273441557671,0.8454605329743672,0.4151496326090667,1.412667803259167,0.21540310933394566,0
21357,13.25,-1.1238784051255941,0.1352825085523179,-0.13609645868164935,-1.2817841951146103,0.31384303190456736,1.3254122354103484,0
58141,35.62,0.902091311588268,0.8658725885843434,0.07018585242274462,-1.0859363204038428,0.7704172467992092,2.0864397820278957,0
149130,113.07,-1.3369779581405543,1.4881346272402018,0.0885034738178818,-1.16323982875029,0.043144019640461675,-0.43004319348134284,0
32556,95.84,1.3160074197184983,0.9963884256430094,1.289593619624759,0.6249100884688427,0.12349593100007242,0.39561104911212497,0
10516,15.21,0.8995613767383077,0.017219582730560564,1.3255225693540593,-1.608401186930581,1.5539281636348552,0.8006528811128376,0
149521,17.29,1.3978443070314983,1.2455568146836256,-1.547278551246919,-0.558282393010264,0.3906312204512712,-0.4784186665386511,0
151426,106.82,0.40524002554914546,0.028468940438410424,-0.6875238319049674,1.0512522102742219,1.4531154862872384,-1.2542565234605985,0
106956,86.7,2.602479874874313,-0.3524789455866479,1.6956098601292395,0.7884710400131903,-0.09069916131847244,-0.09935782126530102,0
23185,44.76,-1.3142850978081202,0.08004126921526018,-1.0041094072061187,-0.6840576405813916,0.06494838388705174,-0.8426150405889085,0
48442,38.21,-0.16833763423719086,0.6234171586011584,0.7040512299670544,-1.4991797179007504,0.7416570827032594,0.8799524810632625,0
131743,15.5,-0.1546903311345547,-3.0942892490913896,-0.49826442644124913,-0.18166956961689104,-0.22026100297089,0.33961608312996017,0
38392,15.46,0.6573210951195391,0.6768376541110072,-0.47995676908502455,1.370401801138914,0.4611552006334153,2.0817516124866726,0
121863,44.94,0.22693194380024787,-2.2267615249572263,0.5963335838654739,-1.8269103039659818,-1.017314888987104,-0.09884916110273652,0
93396,109.37,0.6937061125361853,-1.8437529587926298,-1.5722757797245785,-1.3301895155535037,1.3120623437828138,-0.7455892915272146,0
62790,8.73,0.8690312755308397,0.6862885417318136,-1.0108136711173168,1.5404289516874607,-0.24643245258274063,-0.3667557656500116,0
50081,5.72,-0.30445802114822945,0.3608606095656809,-0.6933299046018816,0.5752465321140376,-1.2309981875052616,0.21554358339867508,0
146470,63.09,0.9704884596133799,-1.464706681617567,0.5304897985298728,0.1530317527811502,-1.618547664808369,-0.3700875828022541,0
85530,285.7,1.3049626887904189,2.1120893272529084,-0.1194544012563351,-1.1121773983962906,0.42564051288682136,0.03700713200476698,0
168933,32.16,-0.1026485734506316,-3.3078999524973884,-0.22112822791412187,-0.17248688417393548,0.694774171320887,0.297540540517137,0
12183,64.42,-2.215822425020668,1.1568039489134727,-0.4416901044284806,-1.320793403619499,-0.7159467393843773,-0.847262107455948,0
166926,10.94,-2.0017401674762616,-0.6763397157635455,0.4230799603243528,0.7802139722002417,0.036835808867874534,0.5858914313698134,0
11064,14.55,0.20785323813764608,-0.6172990697580455,0.4356248795071857,-0.31265873001459316,1.2352297779931256,-0.7274167023665219,0
148843,30.62,-1.2126571326233138,0.06584849756591833,0.3560324671271402,1.8818018326401498,0.4058739257025841,-0.19322220435854975,0
147313,118.14,0.2739110868471789,-1.0199687187676887,-1.930833600724083,0.08459063374753534,0.07944509927277996,1.2285293164406268,0
91736,4.11,0.6037814695529586,-0.2911637704263413,-1.005712980422521,-1.1422746539202735,1.406069279769642,0.7080687853118298,0
74460,86.35,-2.354482922696602,-0.68135160643521,0.6546419928245036,-0.19703686027682768,-0.533974670609128,0.8287853955022866,0
50516,24.31,-0.8047518137191378,-0.6544457335513071,-0.3053737360936483,-0.4862966105045472,-1.1284562900510124,0.3441858355951282,0
57458,23.88,1.2666612531984123,-0.8257871252545068,-1.4829130411779132,-0.037281218019590376,1.8319038262751572,1.2340867449222341,0
24226,19.95,-2.7404264220349313,-0.4872209416682221,0.0019129360209939365,-1.5950322169562152,2.0292973556024227,1.0365440763613667,0
24354,18.26,-0.7974381170700989,0.13493953016324978,0.5174849028804415,-2.4292929676734887,-0.55061162638712,-0.9498877560918947,0
20567,17.66,-0.5319315082920923,-0.04462762306644215,-0.501229007443454,-0.5954713886616172,-0.8433718745595036,0.6148468630582221,0
137337,8.19,-0.05585218265281086,1.926345405721134,-0.534750804590915,1.655042221468732,-2.171094029442515,1.8858912804286394,0
50961,2.42,0.3476735422449994,1.4769220222146995,-0.11362693451922978,-1.6504891835450084,0.710510354732298,2.8325396811739347,0
163864,13.12,-0.07833084893015722,-0.14818929040364195,-0.2544367276856635,-0.5093326504848509,0.16187082877908168,0.869028276586426,0
34636,10.41,0.7813581198065147,0.4708688593753808,-0.8314786729014906,-0.5758402121980103,0.32777418992541174,-0.4002856524124338,0
54771,1.91,-1.8429369062476757,-0.12698781320498045,-0.3752951697134206,0.2601485767784419,-0.8711235646338105,-0.08920606520653021,0
17778,28.27,0.295195368158836,-1.4904928657368934,-0.9243041684813366,-2.4202174714597056,-1.679899241488712,1.13657670414413,0
45002,30.38,-0.17149560038823927,0.17382352524484837,-1.0584504894210378,0.3756212317030415,2.733890427522635,-2.4574002679538482,0
146494,17.44,0.34562034465144587,0.28322495861071845,-0.7669412623830628,-0.3295518779954617,-0.23059991204213479,1.6909709431515434,0
80910,66.43,-0.7347432134727092,0.4507704171862659,-1.167396980067612,0.15256924874093414,-0.36010781725437485,-0.5430191352459328,0
51001,10.46,0.4331840672715426,0.6826525072925881,-1.5939125266840073,-0.2442994052640153,-0.0709282188728815,-0.43738476382806546,0
57620,14.24,0.4815076309913054,0.02464737821054295,0.12415860384721537,-1.9337932803017448,-0.3000053957272057,0.27662129151658,0
31348,744.65,-0.7053167239158482,1.3122079936015318,0.37835396935272786,0.9677788616649623,-0.5013673155655366,-0.8213893735490084,0
101332,87.63,0.7020303236673265,-0.39608396607926877,-0.3118270528745533,-0.9637610409115323,1.015420414977007,0.6823570129132595,0
2920,27.93,-0.6008871758538126,0.02567231520761203,0.07619242144872226,0.09728872853929155,-2.3965494823719777,-0.0716741579140786,0
26086,44.79,0.679373170574121,0.7614306240608931,0.017621310976853315,1.7728117241210901,0.5895077558239288,-1.3359778055136422,0
16364,29.15,-0.8857137997996899,-1.1245216796138953,-0.767729142768612,-0.11140413540227233,0.7599232213413074,-0.892511025228104,0
75703,3.68,0.3387581622803661,0.8546273105507028,0.6424744465726187,0.015306574845510054,-1.0686280306465419,0.6571339079432308,0
160949,13.9,-1.1216462365331947,0.5194366231917376,0.5282883324746676,1.4287244671265882,0.26570709860245734,-0.5875357849791466,0
58243,13.66,-0.2990690852300549,-0.5310591703786757,1.6627060160034965,1.0689184152380338,1.6190162459976305,1.54179532765653,0
157702,44.48,1.0467127137757637,0.6273281202738094,-0.601652428889124,1.089368288958371,0.2627495501508767,0.21360270485696395,0
15193,27.73,0.913711652342591,-1.3515474542642338,-0.3387430117714108,0.35350801926648995,0.8976988434940109,-1.3159074006951113,0
133962,93.5,0.7499383929448385,0.7814289194655282,-0.6799359447584152,0.6966348405710594,1.6699920960980184,-0.41946839213477477,0
10956,41.29,-0.82830253957689,1.1053139014932878,0.6055129202358394,0.26834666743703567,-0.48999836966134375,-1.652830220784731,0
33722,13.31,0.17306764857055348,0.22238781413469702,0.3766565921072789,-0.4313168505814919,0.26803353961396686,-0.3788393246661331,0
112581,77.45,-0.263423635119504,-0.461975597971284,1.946698462365562,-1.3733242797608214,-0.11557084180660139,1.651311760495838,0
11002,35.94,-0.2597211710765324,1.1880618762510602,-0.0023073453984748184,2.2781086233855112,0.4327767783660504,1.2912124590415666,0
132717,18.36,-1.2295262512173861,0.9194084287536471,-0.8859700824741287,1.4602877611748,-0.1168700039533368,0.840368820426056,0
41458,46.35,0.9259661298522298,-1.808342054024234,0.20193990333548184,-1.4802674568987817,0.3836709131634792,1.5899738499574083,0
166342,14.7,1.697623779709341,0.7762935907473221,1.0317619044996247,0.2143522082769957,-0.576573068946119,-0.19145071796225072,0
86402,37.55,-0.39907053924309327,-1.7189099560288814,-1.1800239140985067,0.5717981234151149,0.9353033453805998,0.46652687896637174,0
125737,13.32,0.10752500043079882,-0.07912222238450871,-0.23652051540573635,1.1994974507251512,0.3210211625454386,0.5118966697671699,0
149524,24.95,-1.428067176105445,-1.542192894187223,0.99109287659804,1.0956043372287483,-0.4516333460620166,0.4854751950926902,0
6548,35.86,-2.355703490127358,-0.6298673491373752,1.113599751186509,0.5136373890002042,0.24572628435858904,-0.9071442050203588,0
9078,53.17,-1.2451505759600856,1.2814953992534124,-0.5914882570709169,0.22532517954050518,-0.7088685284381386,-1.0379183029542265,0
128148,12.36,-1.4972323944841732,0.36190783636098817,1.010370850190332,0.8566918703252376,-2.1142472497328053,1.8202387503497717,0
54693,14.41,0.016374241931293703,1.6720417730423207,-0.18847681889449142,-0.4594603903752102,0.541385370590273,-0.3681496669891692,0
76975,19.73,-1.315438265887262,2.0725985407625185,-1.0735434435238893,0.7927396893275777,-0.10137731134975811,-1.045835602206935,0
98746,37.81,0.3343747468732986,0.5079326699620159,1.4337500342142357,1.339396122439157,-0.08555568317611022,0.19728529119858065,0
10729,28.88,1.2841046951788975,-0.5753086084017933,-0.8233495383626361,-0.2097021062955529,-0.13855741643097982,-1.0297235976860795,0
43469,14.87,-1.5256149300452442,0.27838569532088264,-1.9055733529725303,-1.8208501389178946,-0.8680317775096128,-0.0027854492889701106,0
73193,56.42,0.47868118065093707,0.49294981046696934,-0.9299266098691611,-0.06358339492155138,-0.32460454907437575,0.7805434833369719,0
23049,38.3,-0.7956551338258075,1.2729102172474238,-2.5258316858046084,1.1379101748045837,-0.8183902547269871,0.7940929822240419,0
68785,14.53,1.4140291355619874,-0.8252128755457164,-0.9906473100920593,-2.0766160121985853,-0.6544766723036888,-1.4032273305335585,0
118639,90.22,-1.4108022850909592,-0.0790650194873722,-0.4078989245436482,2.0704583153540717,1.7630416919780836,0.09912503326929001,0
63811,15.39,1.4744973675705146,1.1349242815991982,-0.392759922084194,2.2109592112728746,0.8644058427070802,-0.6944361959530929,0
162982,36.63,-0.3103961364755137,-0.7664797729085693,0.8378336775244427,0.47469122448500445,0.7970167048338735,-0.6722294739609729,0
105228,18.22,-0.568876975197369,0.2113806546459647,0.39627156358608606,0.16643839737082022,-0.34081959205850926,1.5176415710562519,0
30111,105.88,-0.8604384680668331,-0.21952658244713985,1.5861972650791303,0.4898407647378922,-1.0663805706368437,0.3596239213439461,0
131208,5.82,0.1271739191942854,-1.1275042470864962,-0.9198106131509073,0.353958139978882,-0.8783390401809738,-1.9795770714391225,0
41755,263.77,2.171802667396602,1.187051150666382,1.7107757776943866,-1.1736988107537336,-0.27991604260076425,0.16462641332220498,0
84555,11.0,1.4794817618608729,0.7368371241051792,1.4356771037997966,-0.7037967199860439,1.2252432077834436,-0.5557135445474877,0
91198,24.35,1.756101589693534,-0.849139646512992,1.0480836645718858,-1.874233998697129,0.1591436784075838,0.9474326483224582,0
147851,269.3,1.2663302679562887,0.4396697222730237,-0.0939523656322844,-0.9483541066216746,0.6714897157067725,1.0340112543678281,0
39353,10.98,-0.0018287588441003935,-0.2858722549791206,-0.50189411499767,-1.5194118908743064,0.6187026219071299,-1.3500962822346187,0
84565,11.03,0.367199798775388,0.07978843143232382,1.1316785370012177,0.9032881210981933,1.6812481390614995,-0.6858995107838715,0
47299,13.79,-0.8505653895034339,-0.11038318064603528,0.08165522477277443,-0.1367788670590703,1.0809661708636942,-1.212547445408267,0
100922,23.45,-0.7753790296726064,-0.6546030209289879,-0.46169871558758396,1.4861636449651576,-1.1357428928950708,0.588621936003723,0
28295,14.65,-2.2557913310947475,-1.839637872562303,1.3573414957162835,-0.7198135509932705,0.5444263724854894,-0.3984565703230503,0
17153,22.26,-0.0785883929143568,0.7533311717782117,0.20015166480742466,-0.5337147600446945,0.02873844140680185,0.5011987056892226,0
15449,9.45,0.842774030099027,-0.02816690844955293,0.588788877223153,-1.3011084070064949,0.8394289191976938,-1.1035572022322389,0
70269,4.87,0.4528743267948912,-0.9776468371548056,-0.49452708445227916,0.3554025365278667,0.07262999914297967,-0.3279796247488339,0
145787,49.11,0.2422911858023184,2.7431128724637457,0.4408798982374823,-0.19478336911460775,-0.8597606356951246,-1.0524716931310973,0
19810,65.58,0.09748893902369685,-2.4213797518772786,1.2539317971754804,0.3533064398273697,-0.678870215685374,-0.1602702983762718,0
73869,25.15,0.9224811702331092,-0.2434810696329004,0.7985681267484328,-0.23658408400384975,-0.9354007444451926,-1.1106037184657245,0
40461,47.48,-1.9133403347228028,0.3644260771353479,2.011721575442747,1.4027643105807002,1.2983700044467545,0.14875008718415586,0
62292,127.12,0.17782979970543425,-0.9589140900059879,-0.2869175759376756,-0.26840762407496166,0.0214602600249777,-0.5264955741052129,0
80018,7.84,0.0352953907452159,0.1707054827545068,0.6778400977178844,-0.3317733937447442,0.3391816709708394,-1.7550897414301345,0
170806,38.06,-1.2534017182950186,-0.6304451907931798,0.16504063653773915,-0.014641353803318163,0.8097366865220711,-0.6628566309997144,0
141339,16.05,-1.6032168466140961,0.11263668182564038,-1.40721109950419,-0.6463676703459691,-0.5660936752977537,-1.9708737130102232,0
158492,15.31,-0.14027558555042832,-0.14996629117086105,-0.3187388995774793,-0.08555983423369973,-0.16460015767375896,-1.018780576696333,0
22677,25.03,-1.364470853617281,-0.42983282314785354,-1.731324578876315,0.5550849245738736,0.7846279129583488,0.7609384827494878,0
53909,73.54,-0.035420140691509526,-1.5901913232542981,-0.3494712379173766,0.007940523023238076,-0.8333177577042885,0.5081148671776249,0
53592,22.64,-1.271284249114102,-1.5390549215704685,-2.009929264468574,0.7406739143357246,1.2850398951980293,1.4145259394287544,0
13224,15.22,0.5400178017231407,-0.46995787317315146,0.8804813009141136,-0.20699687048461748,0.7525256631608443,-0.4607355169285438,0
2093,12.98,0.8095418882529403,0.04203903699723074,-0.5562790648704103,0.059484939997162915,-0.9700205758003195,-1.9794595759767684,0
150592,16.42,1.038727059442183,-0.9354354054587067,-1.014421623283585,1.8916868991785054,0.9610258085747349,-0.7983686328937818,0
94006,232.37,1.3967601773984912,0.49243733915416665,-0.076993664138338,-0.4446994797449462,-0.7768115290042346,-0.6416675462469028,0
38067,21.57,0.5656329018867201,-0.5348543227867003,-0.2740459888857355,-0.5638034643043767,-0.23682804280229675,-1.8545771745663715,0
116841,28.22,0.03084949275693916,-0.619871070624552,0.4566415273079452,0.8816564605124606,-0.3571356287765226,-0.7630155041847068,0
76971,83.59,0.01342048538846011,1.3939245305410728,0.4790770554974521,2.235684681425518,1.4516573015187388,-0.2951539751198392,0
65785,77.45,-1.3248330557026347,-0.8715105943331573,-0.14513458302134166,0.28889514356539353,1.1966664382842354,-1.5985735619036765,0
44739,16.21,-0.11358186823078863,1.1609526907425614,0.9452600778941374,-0.4303145247509898,1.2411690959787167,0.3408163943331779,0
78484,25.27,2.117730003008565,-0.319512449919035,0.7397224864874274,-0.060016238973640036,0.07141185391531309,-0.5870519651225333,0
78623,45.01,-0.5334524457759005,-1.877039154630309,1.2039589650102338,3.0382816136218285,-1.2317197026688134,-1.52180837631082,0
111672,15.28,-0.1825848784124418,-1.2242250083555806,-0.8070880597375816,0.28781049692636984,-0.6762307418119539,1.0838552208314367,0
35634,14.0,2.171192861062495,-1.5179491149467033,-1.160372977667465,1.6209327853331168,0.57685423672584,-1.1075682034642687,0
24574,36.69,-1.9790186934897123,-0.7625814294970479,-2.007303899675303,-2.093108147319697,-1.32682713886702,2.521524430730786,0
108255,70.5,0.48674150215806,-0.6427215938827137,-1.2748515710123025,0.5001834215349241,0.4904698944501049,-1.4038400185519961,0
57828,6.53,2.0064086377129366,-0.20375951349442029,-0.5680616143696008,1.0881052926004298,1.669275097223265,-1.973540909993849,0
107216,33.62,-0.6630921738253879,-0.07347305456421788,1.2044079561306467,-0.5228728133739438,0.39174709209711145,-0.279016461554081,0
118533,45.75,0.4123559690859481,0.959496076599441,-1.0273134230509724,-0.44705443596606326,0.16492143792507125,-0.053836024557229585,0
23275,44.78,-2.1564453770050327,-1.1546369488847281,-1.3055124375829716,-0.8212867957201709,-1.6623265829286873,-0.9326596392412789,0
153812,57.6,-0.9652140767505479,-0.2786647714245878,-0.48813628014212407,0.7815117256224239,-0.3297911812454699,-0.5029438369403537,0
156351,9.29,0.46215409605967733,0.2445980696492174,-0.44721073654455185,1.1630233029570363,-2.794850438402242,-1.0559477947252869,0
22588,15.29,0.3092783851266944,3.0966955137720533,0.42224749875835416,-0.0290264061605871,-0.4857360479880245,-0.5114730692800988,0
116739,137.62,-1.0958708107987174,1.2287280552289201,-0.5378283698650225,1.7631521146499791,0.5766495799790702,-1.333080010987834,0
64028,37.0,-0.7932211972070344,0.42214369219526265,0.26303518181790386,0.87984592395689,1.330950935822822,0.7260331654278795,0
38638,98.58,-0.34375651951011005,-0.029507598619071266,0.23146158249877297,-0.8792744620806778,-0.2820747097433118,-0.5205970813647237,0
82302,13.55,0.5065876716972757,-1.1326072905212539,1.9164543210163532,1.6021312185392342,-1.4806296624004127,-0.7111048630897971,0
165650,13.22,-2.141430880319705,0.4276767710099296,-0.744872785276274,-0.03982057611509975,-0.7494579728618296,0.7660146553569529,0
110078,108.15,0.6229440304133081,0.9149553330102238,-2.4861665677213565,0.11687696991856647,-0.37321817937666424,-1.1456139838605006,0
133052,31.99,-0.02881660158862331,-0.9217178364819151,-1.4428537540673354,-1.225307673514962,-0.9129633663053826,2.8611392932172115,0
139978,31.25,1.5448414624182585,0.684104990934741,2.213277918011304,-0.051963178009874454,1.0005483257015377,1.3728885256720307,0
159818,41.2,-0.8203284611324674,1.4168340821388028,-2.3819912731366584,-2.259276171435535,1.1416281734269462,-0.22108211794887433,0
142047,47.95,-1.135635904757829,-1.4838058550333233,0.04191804023862554,0.574722941075262,-0.31616157664040295,-0.7186703793388529,0
44789,463.07,-0.8594597234480168,0.24728999957425232,1.922036939606547,1.5531312035393556,-1.3678252976172942,-0.3654316225996046,0
140180,9.99,-0.44579531382681703,-1.1941586560913167,0.962591982845802,0.5859841797505183,-1.6539715787131024,1.6585089167526792,0
140546,30.07,-0.7532037815909708,-0.5842290931920854,1.6462833835839772,0.6333012362556484,1.8159576962321944,-0.7414275818865425,0
143016,122.25,1.6037018554669304,0.14405223152649677,0.12984783046686063,1.1233025311138565,0.3620927373582383,-0.9833117322748413,0
78931,37.86,-0.42999140861483903,1.0751207489817565,-0.0052265974628201255,0.89949996247716,-1.1429031971623762,-0.7412084962162536,0
23559,140.74,1.4673759883276782,-2.272141655570607,1.5603668175048813,-0.0408068798639337,0.44695880656915554,-1.9747935819216604,0
114065,34.71,1.1904749851934822,0.7385660392020614,0.388214991591073,0.5240350173448559,1.2798011722758311,-1.1458781929703752,0
72274,39.47,-0.3712573706703938,-0.8806064597816493,-1.0627002755278991,1.910435632133414,-0.22686642700063117,0.5907808419262054,0
32413,25.22,-0.10852784256484785,-0.7081861613595825,0.2532424223641424,0.15191886375680877,1.0281623114694713,-0.6213183752433622,0
84076,408.12,0.007560180394133265,0.7611923727015086,0.7261275213503737,0.058163898972263255,0.14236329159092967,-0.3991648710147992,0
123106,49.51,-0.6270508454473506,1.184984447600316,-0.857894757342974,-1.1740537802982656,-1.203475655250068,0.7839759410154511,0
25479,19.06,1.6123115279035483,-0.11297047594906802,-0.614131808866791,0.5676219751158847,-0.8787856804858949,1.5364629152898606,0
164344,13.09,1.8266470793119378,-0.5056205859191885,1.0063782748037806,0.28474656055374403,-0.7312245690511622,-1.3108914399721663,0
156570,21.95,-1.008106506760428,-1.0979263630670464,0.8064755550022653,0.6224833345615618,0.3578645563429395,1.320171076307347,0
62260,94.64,1.0825370086829098,2.426085613853053,1.3353453567370426,-0.3797257893254545,-0.7082763383368067,-1.0673185830543928,0
156177,88.05,-1.5271207953357557,0.45166247328419384,-1.0057305503479816,-0.1895677366515002,0.356566877576198,-1.1022307296650038,0
29493,25.87,0.37085189271099683,0.8166035703577127,-1.2776048240560596,-0.4305092895923585,-0.12919830979034094,-0.768222060123887,0
108856,31.93,0.11650805247587083,1.5378549513264816,-2.025036314509744,0.009526377219802219,-0.8709435506647398,0.7339409444518094,0
46427,42.89,-2.2029133532057186,0.0220677009368635,-0.11039990409904346,-0.18593541613793732,0.3297862262602962,2.341884926969853,0
121251,148.13,-1.0859631707417063,1.141454578321271,-0.841734068994101,-0.4464547271529116,-0.44587779064246214,-0.3491426171312394,0
119156,31.98,0.18485865406036467,-1.3045488995841095,0.22014519035127497,0.3181423146963727,1.8143505763897747,1.3280639623612707,0
123749,72.02,-0.8001752986641041,-0.3233536694387154,-0.22113279161642146,-1.1136915150882716,0.45852566599624855,-0.33698833407469264,0
74218,33.06,0.03158900615257829,-1.6797453265189957,-0.702541629551626,-1.788463949726815,-1.8699795232073142,-1.0477629502589543,0
161015,78.67,-2.0200564145232254,-2.757853629547368,-0.24390294860084202,-1.2908606065477966,-0.4404013307372619,0.43536950349848874,0
97493,29.55,-0.08586390079776185,-1.1789414021073787,1.9472567386642823,-0.6652421577496426,-0.8236997751999194,0.8960273456611808,0
94018,42.45,-2.102600691921022,0.9173666494778481,1.561022930447959,-0.10004103773060016,-1.7706925020997353,0.21810686803426127,0
165937,2.14,0.321652659591586,0.5847253470359405,1.3701389048045567,0.8553512070010864,-0.8368421824487218,1.0865833433451362,0
161726,109.87,-0.9230723963155776,0.033015876934859634,0.5924210073873067,1.174681132528032,0.6858752327081286,-0.6459965792539221,0
101754,215.09,0.7679376635165371,-1.5023889816895173,-1.0573045875313134,-1.1204458590744322,-1.8587695564520077,1.1311487114410903,0
136198,12.45,1.601992654613413,-0.22339841634209087,-0.27585271463774547,0.871576502298157,0.8514108419541485,1.5253550836582002,0
64323,52.59,-0.3001287868282,-2.0981874632712016,-0.4451405126313417,-1.0800574753017402,-0.7500748765895321,-0.09371867695910273,0
1062,46.84,0.5269813913637531,-0.5246687805653643,-0.29773564888123116,-1.7467293665160921,3.6916245011978046,0.12279585125108175,0
166589,48.71,-1.4439289224922272,0.6273984856213408,-0.623914201844913,-0.982756692840834,2.5453827884151843,1.8243783904790996,0
56503,20.16,0.6365532068732643,0.5100665931710657,-1.2336941643285493,-1.286609125399738,-1.57840002669688,0.4366072555886025,0
114793,67.74,-1.9768215689475905,-0.9960449401698921,0.7282381073058656,-0.6640097777224797,-0.5257048053019829,-0.03455300593868357,0
100689,14.13,0.3861664979983887,0.7947740384603357,-2.033299111040127,-0.4866953488295139,-0.07377286372969208,0.11905828865931008,0
160928,9.78,0.9158237815976042,-1.7961977553345514,-2.2059351799143783,1.643825930089093,2.0525575331761003,-1.2624330931945689,0
26431,6.58,0.3149718715553322,2.418355753572451,0.7845272604756386,-0.32904429524238493,1.05662319752048,0.6867996204689136,0
76221,26.71,-0.5387262803464412,-0.032185950944282664,-0.22431547522261966,0.955881275680714,-0.11710322685533016,0.06175846681022597,0
121987,56.95,2.8425937280104594,-0.022677525487341064,-2.4254828985526866,0.029180660677674677,-3.367805732935858,-0.7089181164826989,0
124457,35.81,-0.6735396478972429,-1.5170730369056327,0.8313642544759895,1.0703518353637607,0.5185967344575301,-1.1442072287932656,0
147616,91.98,-0.5299929317034754,-0.8140712224921829,-1.328075032754712,2.566941237529476,-0.12851749066503051,-0.10226079483646565,0
143369,2.74,-1.3004502289219138,1.1229693715857356,0.3130500488187198,-0.08943685924333519,0.1365409515907167,-1.6439267258492505,0
14995,29.9,2.9695095077456646,0.32853475391394826,2.1939251518044447,-0.5504931163121183,0.8058012141499054,0.19432506813426945,0
24937,15.94,-1.2374005247596362,0.44525744561604497,-0.5743205934195708,0.25871181187380343,0.5730727483527724,3.8171792651057825,1
136194,88.14,-0.07022362057462567,0.14403090197922622,1.4589798168318389,1.4236311818185134,-0.08399022332230492,0.3020093855902115,0
28016,97.71,1.7522919091220317,1.15875483450987,-1.086109686325625,0.8403421802267712,-0.04962838937746495,-0.5625906916806249,0
35585,17.54,-0.8361948507041709,-1.0588580088579944,-0.38856924675227067,-1.0703024157146448,0.1696646210019749,-0.1908916845866682,0
94767,52.5,-0.09800096678333993,-0.28146007988829563,0.27737295155788194,0.48145410581314085,0.011722149085865649,0.42601395484430205,0
54220,154.52,-0.3700224658372443,-1.47314587664653,0.49979267547899797,0.3136227104842696,0.3611821670416381,-0.41227886332722014,0
81471,27.55,0.6834146735600306,-0.26043058649511314,-1.743783646745394,-0.324738354720943,-0.7164398958102821,-0.8139959450130251,0
136156,20.91,-2.0591604836923203,-0.9448144902417202,2.2785173159559986,-0.7876772964243001,0.08836708210365136,-0.30795706813983525,0
155195,95.54,0.5207943056927528,0.46254792279774964,-1.0071747357076501,0.8892947854357107,-2.342731486510062,-0.5258723322979134,0
164044,70.85,-0.7877224332655192,0.46538407681917565,1.172251512984841,0.14877034924941623,1.6931374915640562,-1.2053820793020622,0
95648,12.25,1.2950071499384181,1.569584066281079,-0.9907135213880943,0.44978261794435254,0.6346302063920273,1.4712976877213146,0
109777,23.03,-0.3357859389797497,-0.43351182120353343,1.2281152937809285,-0.22202015038002296,0.45773404256970673,2.605160551093298,0
70326,44.33,1.0714759302545598,-0.522781216566171,0.1392233984636159,-0.039360624810149646,-1.7646310937744505,0.6551638971761418,0
77963,26.79,1.7413836552867057,-0.2313759574900389,0.8639742784118608,0.13147742249666883,0.4335690048197964,-0.20994034622339364,0
38709,60.68,0.8917005810695752,1.2784852074516722,0.5913413211727055,-0.7516362710192865,-0.36335409510795835,1.3060868702483144,0
40510,86.39,-0.7228347951782497,-0.9008117410113639,1.5960892921942411,2.2057826947481614,-0.049923946869495056,-0.5621739324207282,0
142482,13.65,0.22302030296216313,0.5443227047657363,0.05247805717045095,0.4168795120036495,-0.42989402870384,0.9247882091533203,0
101459,65.73,-0.547191788882491,1.383424078555975,0.9513326061105448,0.23201308840802834,-2.248130866063321,-0.2152995854486113,0
46830,41.91,0.21856888887371573,-1.0414312698645425,0.0005716656457768392,-1.1590465425293566,0.3643089090167414,-0.6302097861368223,0
98723,24.09,0.6946691241185846,1.6173586974450547,0.09008347754010702,1.6980096848862534,-0.20553766491716777,1.3365480442142337,0
54189,7.06,0.628102969833705,-0.6915614026937736,0.580421940096241,0.4438612307304131,-0.637081178337818,1.0180744987228245,0
88929,70.44,-0.5744867054162757,-1.2883514192040415,0.9372251736666143,0.14714181929870035,1.5929783648818574,-0.8464548166555463,0
27350,2.45,-0.032481035842094615,-0.6248112045358892,1.8044489719871246,0.6945455519581831,0.24872985329914998,1.7918874440747117,0
158199,51.27,-0.1088486250691617,0.32656301586305486,0.861418359876257,0.1878424072711665,1.3951673934928166,0.7928981475869075,0
170413,12.92,-1.841919078931543,-0.9246440184480313,-0.9634990605160515,0.6870410918886385,0.775414363493875,1.1144799258701608,0
129631,68.7,0.14601060977572694,1.4225951977899767,0.5053546309917457,-0.5905245698394233,-1.4844245617289509,0.4935550838254577,0
147705,49.17,2.3744662832839922,-2.1772360688967356,0.020001322150924445,1.3033609029296576,-2.0634597622966435,-1.6195445938757005,0
18708,26.3,-1.4780022553041843,-2.401946943950546,1.0346996960872819,-0.14865462863134246,-0.8122128357486891,0.5569226352009466,0
10503,21.26,0.5076118229432475,-1.6292090390800535,0.7759681608964043,1.0138411610681415,-0.20352239771808517,0.8369317295280223,0
55718,29.82,0.5212157911887249,1.1739009315742082,0.49636624363496584,-1.459523374055626,0.06369720465318252,0.01364438153949612,0
19426,15.23,0.15714578370253451,0.8531102644497399,2.783235142247329,1.5400221859243586,0.03927964539483577,0.32807156465073123,0
39764,27.62,-0.6938044179018226,-0.5966236939834492,-0.6827428448042349,0.0124049831465862,1.047588422250938,1.2508937886917908,0
51913,71.45,-0.07282243259034207,1.0533102796418705,-1.8234927350495862,0.11586677940108789,-0.8447591476159557,-0.9135549117157787,0
38578,242.75,-0.5461661042180197,-1.2923033749284512,0.5864090099699019,-0.36091837300925717,-1.0819273652962986,1.5570767655657327,0
124049,7.56,-0.3006743604436826,-0.20735676869400466,-0.5900259690908214,1.0075314024885402,-0.5227834729969192,0.03842217897642197,0
92374,48.83,-0.24795420732788961,-1.1289632651331654,0.07485181221561789,-0.44623336678444686,-0.006426812178948622,0.5880537618277851,0
165088,53.12,-1.94249769096177,0.8093109039313008,-0.5760251704766678,1.8644136638599977,-1.0771308202318859,-0.503893690431518,0
57134,92.31,0.4449683153761758,0.2898300418707116,1.264915894972302,0.29172716706737095,-1.0969834436330042,2.5249703968066464,0
142202,143.53,1.1788434440256437,1.0383860371596327,1.5692411812847087,-0.9991718428459944,-0.20966001269772902,0.09440600695170251,0
68244,42.23,-0.34319156868671197,2.277688926030931,0.24224423248964974,0.5875655954353307,-0.958266616030113,-0.12764006947894457,0
19816,80.75,-0.6110011240896291,-2.39198188955614,0.11233794873237668,0.6429313324226437,-0.7108348385012441,1.15043651973614,0
42946,31.78,-0.6189888028476827,1.3964657004557333,-0.43772185196590513,1.3089183093561854,1.3633229841164147,-0.458769484525782,0
77064,26.17,1.4224229552858216,-0.05434084103664975,0.5890230796419218,0.1540289307324705,1.8642087960727245,1.465185143372128,0
160866,108.97,0.7636681497189952,0.3073093537363383,-1.053930847855222,0.47859110986974274,1.5618701206560597,0.3064976394217893,0
10103,36.57,0.36905204858996804,-0.3072898386747181,-1.3007118005919829,-2.6343182480089293,0.22013935838958884,0.08572168663109299,0
35920,45.68,0.09030979920643496,1.6780556004525953,0.7838234057466584,0.24672821128627265,-0.3586012152318079,-0.8702122839871325,0
85371,40.22,-0.7474292532492047,-0.8189524449737209,0.3612522833635362,1.5120486152893071,0.6072824196741966,-0.22769657636087406,0
79134,190.21,-0.1929813677606896,-0.04128077339237078,1.7408580770144348,0.2552379560389313,0.48837111224735724,0.30265443064427217,0
19446,5.77,0.8717244241841364,-1.3980980146818753,-0.26812703062785004,1.7635375024423534,-0.6990546254873308,-1.7678921059615413,0
10946,23.63,-0.3289899958397198,0.3578829715798174,-2.4027468404897503,1.141317583794957,1.3777655830269777,1.625354924943533,1
53028,122.87,1.3755969643042085,-0.588691699469274,-0.753264211737142,0.6559556222187976,0.01755783758328193,-0.6456423672363373,0
22054,77.82,0.0005599923396953997,-0.4804202194034942,0.1626344699001771,-0.8345405524327041,-0.08282290882277982,1.2487716185599818,0
20878,27.56,0.011369908798494166,-0.3596926657008235,0.4233233815151238,-0.13480011220018331,1.2912897189283241,-1.8384221547483004,0
2382,20.03,-2.3690243115812515,0.4220143594106939,-0.45012347329389163,0.6008844488414041,-1.8621407592453436,1.0894408315803183,0
140937,56.69,-0.19906255375986986,3.285723713681842,-0.7256676028830206,0.9756112764618219,0.7670307944845707,0.9853160736381289,0
126,78.22,2.035531456719595,1.3727496662488734,0.1404258674448342,-0.07090810708075847,-0.24588476223327474,0.9825873813112866,0
169695,17.86,0.09112486725337687,-1.785741281946263,0.4634603556662172,0.06586306631975722,1.3601120105068125,0.6075775028411032,0
91179,133.08,-2.2484965344996555,0.5115555285220048,-0.6932333367169472,-0.6146968230076675,-1.071986386385109,0.15198815899110216,0
164827,16.35,-1.139061507616351,-0.5700753391846538,-0.7926228303711832,0.5043441746293211,1.256750497546583,0.6820413426959955,0
60545,10.66,-1.3517075320246466,-0.2610034893516796,-0.6186299507467191,1.0177929872040894,-0.0003607253572761615,-0.0740976564116736,0
10800,21.16,0.6389568142127453,0.1568987411985134,-0.7361970843826743,-0.9064961190764659,-0.39105685693292935,-2.3376715642913544,0
31417,301.83,-0.5442882931554857,0.9849501030058511,-1.258870556370253,0.11854589159173604,-0.6345290834981858,0.7215628536713528,0
93747,33.6,-0.08313352572149399,0.5511266040869559,-0.4498663007101679,-0.5184019752547779,-1.5774090869693729,-0.412206452497665,0
144302,61.09,-0.20470723352228773,-1.1098394892699073,0.7711919053297392,-0.5102181664083618,1.4766934307459842,0.8912984714285959,0
17602,3.78,0.06589160860223994,0.5834049157981909,0.904149594851582,-1.056638214705522,1.1089808553132174,1.1512538739550502,0
46002,32.07,-1.9252622125874854,-0.8859625679998893,1.7021079341016403,0.5547458082427815,-1.7869576644270717,1.307287922136821,0
37504,11.35,-2.044629003801268,0.3803366503158828,-1.161244452480358,-0.7221591615216957,-0.4103623197483505,1.925075829863089,0
44760,10.16,1.917287968605754,1.0158565189929774,-0.9774753331527154,-0.18390458054452397,-0.7151295714592688,1.6253403121250998,0
24089,57.02,0.12375464252427706,-0.5133966807760615,-1.2396068113805223,1.4553289348821974,0.35951888153323863,0.35944324358372826,0
134308,19.06,0.9068341463729263,1.4007772761956514,1.914904504978405,1.4935711625578796,0.10138977812989972,-0.8660160555020702,0
23989,49.22,-1.606602735358006,0.11502556634280714,0.11122091548342763,0.23378429633655878,0.20726372862250608,0.6400106305149419,0
144991,16.97,-0.03494150045863278,0.3094161851420503,1.0126922045509361,0.9336566014288975,-1.2978410999073327,-1.8778656063735852,0
118413,4.69,2.9141092157683617,-0.25908405908063087,0.7672246274532887,-0.18478083264279324,1.026296585269112,0.5755464738942011,0
149456,14.34,0.6381869988485734,-0.7509003659558182,0.7471865901250933,1.569634504577714,-1.1846635367776042,0.11721725607293776,0
4757,25.97,1.2205506039312326,0.6936979550131449,-1.5331745953623346,0.7960099700058577,1.2908858964911043,1.1229799400828921,0
46607,282.31,-0.4198469958312289,1.4000998118278138,-1.260974758908604,0.9799770403593283,0.18307011011359745,-0.5600851557607555,0
70028,46.58,0.8264531108587624,0.3791236330692372,-2.7751884611081024,1.469344293316209,1.9743263875527035,0.008194432607834298,0
20049,520.72,-1.5475697941363111,0.5452584830261195,-0.432976265242216,0.12991167267204817,0.2889248614419439,0.5616887923660444,0
57615,15.57,0.15226937580750002,0.23419415149820536,1.1258321790117507,0.6908415698573351,0.02108763563267661,-0.6469951699892853,0
160558,44.69,-1.825657995664608,-0.7754826486844134,-0.10559295928867828,-0.19858132339182377,0.21178432704553662,1.4282779528925693,0
117797,16.01,3.284118201287884,0.14987219793527454,-0.04303993223658949,0.9625882139842246,-0.6982554137497803,0.6485770987676422,0
168918,43.49,0.5910905313252215,1.2148840301830344,0.7946783230451239,1.6443802857012446,-0.12233105223870894,-1.6444751006314595,0
82989,336.99,-0.4929182749492523,-0.8565019571194227,-1.1818939743719894,-1.3838288039246018,1.5537969464399615,0.12148281007163754,0
27605,129.46,0.009226992995468902,1.791782273613359,-1.9416940474929452,0.9275915211742136,-0.6472934525843181,-1.5683264557926506,0
85431,116.21,0.2921688282073261,-0.2615672232265353,-0.026899852489384587,0.6325069760618053,0.29404108716401767,-0.32524802519659896,0
154782,6.58,0.40329960416682403,1.2938176908147259,-0.8166061871395836,-0.28973708685236127,1.6490004322095015,0.29263988658981227,0
81437,87.67,0.5010900093087719,-0.7673474859381645,-0.7120406554180231,0.9451547356668297,-1.7272594909389078,0.5529966399924376,0
144972,7.91,0.995302900529223,1.698458702375565,-1.8986213456878196,-0.5145535836545869,-0.2353016772655414,0.4659601202162137,0
33662,9.3,-1.4194331965450098,-0.6944984102480511,1.0062407473116368,-0.845690819764949,0.020887162999077807,1.2450090488116947,0
13893,28.28,-0.04798579485058113,-0.35420976166544893,-0.5577753625187629,-0.6710017453111383,-0.03921927704690393,1.5372627743031764,0
75403,17.68,-0.1358730483637962,-0.6763645030356056,-1.0090102310848599,-0.4521345890949861,-1.1742222819468326,-0.15415165808302098,0
20095,9.49,-0.004201915391156093,0.8259522089259458,1.702147323502177,-1.390805667775204,0.02365751219032361,-1.3460946487206233,0
122115,7.4,0.29226545615571214,1.0092949557798092,-1.0478663059889717,0.8147400258186039,0.9536489598270304,0.09730282936184553,0
20808,23.15,-0.43403335432359996,1.0251346045575813,-1.0683281711205714,0.9649027587542348,0.8302093880397223,-0.09978781342697644,0
92769,138.54,-0.6059900460849119,-0.7907106194885667,0.3577550834268766,1.0884968575291116,-0.8169057463704911,1.4489632460231698,0
33742,18.37,0.9792597442869628,-0.9437054314300761,-0.6347954821042419,0.2854869431991662,-0.5610406463635863,0.39676885883697566,0
110677,28.7,0.5477389787375606,0.08882296227878847,1.3422567828601808,0.42745540469694027,-0.639246133450386,0.5338332458125163,0
27663,1.77,-1.101286489839828,-0.8494174697163055,-0.3235910712810316,-0.6038860500530543,-2.0404108651483606,-0.9061312333563724,0
47093,46.41,0.6611529286613466,0.5095013828244059,-0.47164257863515857,0.817206517497548,-0.07489957638174051,0.27043687194890453,0
49678,14.92,1.6652522339446956,-0.8511147868343866,0.4406625568120475,1.8871059829532455,-2.0604938200711684,-0.791463142837682,0
152036,81.46,-1.1709467900060389,-0.6320385830180164,-0.8373616127494997,1.1704078428521951,-2.4066875380991894,0.5033725757680679,1
85103,26.72,0.6476059825670705,-0.12614154987731818,0.06740808506081973,1.8843460834966528,-1.1823491709060916,-0.25431011527797415,0
124046,39.56,0.38292171005726305,-2.252533514783649,0.24655209549731796,-0.7483722964204824,0.4410856150007483,1.8086093100071383,0
124481,187.01,2.1168030549638535,-0.0029454113325951153,-1.096951797154631,0.11360202597788406,0.8297830079490026,-1.089670435986672,0
155989,61.49,-0.0016217169633801235,-0.15249967830991942,1.0869156177890007,-0.03388384281391958,1.5338451050362951,-0.1174560573377597,0
125844,32.22,1.5949202080860148,-0.30044280882755153,-1.2729933322312716,0.46948021799230283,-2.2551457211251944,0.6761102937916447,0
46479,4.16,-0.16878473741594932,-0.5111052123287851,-0.7765432895301789,-2.3393673198131673,0.8950964627412832,-0.027558706080547547,0
125932,20.73,1.024774112281728,0.26525702358040226,-0.0909208031237956,0.14214801253004053,0.6775278269003673,-0.7847294673610576,0
75683,26.13,1.1516655830474756,-1.0047048607067959,-0.5852068969036013,0.28922194091661935,0.9631323620651993,1.3140476234840983,0
149109,44.41,-0.8193415927345735,0.8719934654268633,0.07968097984541386,0.2565137399918442,-2.046265431346471,-2.055546263197086,0
159765,19.89,-1.6251212588825248,-0.5869709860204633,-0.23187797506123262,-1.1074250456007102,-0.4405352624849119,0.02946571864601922,0
105111,60.92,0.9878615824065092,1.0823787113234427,0.08530451504745419,0.4276363255523683,0.3970775994906683,-2.6562383752768257,0
136848,14.85,0.1351762413426691,0.18933403618016584,-0.18110956240450954,1.6123906221575592,0.0020089301457253844,0.2845138858864701,0
50669,35.11,-0.4214829971663628,-0.9486219012089668,-1.7356308758550187,0.46950248118984517,1.5778481332374874,0.9106683730599062,0
36413,16.19,-0.7785870468117115,-1.1175860426233242,-0.5323556702661748,0.5785925349153894,0.08469963671290325,-0.012594201208507957,0
76396,25.58,0.12466339340755687,1.2158735621989807,0.6112911472382442,0.2794155346036323,0.3172749402640901,0.45954494190042305,0
73233,14.09,-0.6594954368384278,-0.13579564025701485,0.22367969649555597,0.05559214655174745,-0.15084244156657395,0.3933593044592069,0
101604,27.94,0.3629957034326874,-0.8790162689504512,0.735468509281689,-0.6407752740865805,-0.4062162565808649,1.1188144317389082,0
53352,25.66,-0.5326067566734964,-0.8073800562841116,-1.3047937736208417,0.6407463809986538,0.7632036192756562,-0.8393835039192011,0
101042,21.94,0.6037132405441962,0.5736569632767152,0.07811569248346499,-0.08117361031679111,1.637042214320274,1.348230044425131,0
133515,28.65,1.4901375220998412,0.26960369406324414,-0.4233774902357365,-1.112101893948008,-0.58359063375618,0.6180153650222515,0
120151,50.38,-0.4895706470306716,-1.1366931189208151,-0.6688964917292147,-0.035031899152849294,-0.16765493511749982,0.4091498449150525,0
24951,107.07,0.11447605881877927,0.2463479529484988,2.465927331461365,-0.3592000877666557,0.8977470476246219,-0.7276225128500117,0
122775,24.07,0.9328953551938086,0.4341269815409725,-0.1455676497428844,0.284816215339809,0.439300036738925,0.22599588296559936,0
128391,17.68,-0.6335895154938127,-0.6619351799174277,-0.9661265231290901,0.2970012942647289,-0.8594021977336828,-0.7599945282347824,0
80102,22.55,-0.7737805788906578,0.11169413010667499,0.20252088273393662,1.3292556295800815,-1.4507446544685365,-0.5110989667242454,0
103691,21.02,-1.208858864620722,0.6397375066988947,0.7055485647959867,0.9989678353166206,0.20001123994446707,0.2937652875840829,0
91906,15.87,-0.22072875695836655,-0.12050105822332462,-0.17059266479006882,0.24132320329939075,0.6183769205066998,0.6253880055057691,0
7345,18.84,-1.5772283709195007,1.125679932123462,0.7544658289351189,-0.03931393849983351,0.06436382686707809,0.4397051340544035,0
41786,89.52,-0.8093466847948803,0.7515632254021709,1.684446339410836,-1.9624295127285525,0.7998134003257217,0.30619742476590583,0
30306,33.53,0.21282439866996872,-1.7302221261454855,0.1948388189855969,-1.080252561578079,-0.15229887329644648,-1.2122971336221808,0
86661,6.88,-1.5105460503694963,2.240612120174282,-1.481845501081295,0.37815593560696337,1.4397357460414526,-0.8626141808368348,0
39298,33.14,0.41905073475346005,1.347678085512624,0.3205064125986378,0.20862728048564805,0.1267384339908734,-1.5329421570978279,0
86724,25.86,2.1069401822631857,0.696631501217747,0.03466143205718531,-0.9084700343013888,-2.7150981939971817,1.2084060493341344,0
39922,21.92,0.6858904564379201,0.9203961612544849,0.35397688506367536,-2.2675583432093025,0.15911196616030546,-0.36072043191525915,0
169578,106.46,0.10607257638683824,-0.40266821123673147,-2.010027622744882,-0.8402045788388466,-0.9789090766971428,-1.1344739175575103,0
31174,82.3,-0.7511672196238788,0.5634043604480524,-1.0869136949167124,-1.2594627649143568,-0.0333594993899537,-1.358205747033914,0
122402,28.73,0.3849664160476343,0.032835809101306665,1.2821083914265121,0.6687245052724784,0.575834160204483,-0.4421230940259152,0
11756,24.27,-2.3216582422714054,0.8938124111891923,0.7659818942776027,2.0769881734761446,-1.4728784034271993,1.762975636487791,1
76373,52.28,-1.391983286797076,0.8868426594885851,0.4155379938370026,-0.30150933970012783,0.2731455610700651,-1.257737983397527,0
34485,41.86,1.263539010796508,-1.70686256219305,-1.057628930234806,-0.7375609741578123,-1.4106120061186107,-0.3292034591749625,0
78471,34.18,0.11198193262125772,-0.8063312188796102,-0.5392647112273649,0.15174914097550044,-0.21662164208216775,1.2931665819382916,0
146150,193.74,1.1222033332933687,-0.0044817963767913305,0.3499755356256891,-1.0039220177014978,-1.1394572445525422,0.8973517023216558,0
105583,101.59,0.8206074759086712,0.24973606786381217,-0.13171708277074626,-1.4309409886217097,-0.7088247642438954,-1.795615137468475,0
153487,19.1,0.22525668198359955,1.0982358035234265,1.4115467054924355,-1.7698913358905783,-0.4649208910917779,1.1979019139234903,0
126479,380.4,0.07142083258109318,0.3330021294490398,0.14727985576747896,0.38622537374498683,0.02753380967865958,-0.8798358653050685,0
18199,52.46,0.39631968200786294,1.281978362376686,-0.5514328123964021,-0.4815706827677333,-0.5264848226902434,-0.6737520332390572,0
28151,42.31,0.4613307130354217,0.5505735937015979,0.08678742627404129,1.015646732999715,0.6827036310893113,2.0943749724180534,0
55103,56.14,0.01823099713711716,0.7159171404855652,-0.5628043312978913,0.10983692920407466,-0.3704449349966743,0.463205681874362,0
20132,59.08,-1.218176066807319,0.18692705255449762,-1.0491287298878536,-1.1867456144283648,1.0058286206592073,0.8513319673467323,0
154648,24.91,1.3226178412607723,0.36516063247516933,-2.463684123905563,-0.21506926381600766,1.2636435903686614,0.44845906189263157,0
72474,76.67,0.20173865479604391,-0.6886499086367672,-0.8825972861435134,1.0765753152442592,0.2385626729294424,0.4891243617599348,0
152026,65.85,0.6793813730119062,-0.7984727967996325,0.5282607606644375,0.9754995592623076,-0.2938146660026889,-0.4332051702965669,0
76229,13.32,0.6097377233367051,0.199982199863687,0.2174206424362958,-0.5638699025053332,-0.5898892793661827,-0.4417468587036535,0
52691,53.01,-0.7581638194999282,-1.194683468016552,-0.4718446211555048,0.12124469529590592,0.1851261569377157,0.38289978573293226,0
91878,5.19,0.549574316064444,0.5066364549090028,-0.0588264091680503,-1.2091112889885514,2.7064695734887576,-1.5695800321850586,0
110253,40.18,1.172967699164266,-0.14931342187167515,-0.20378756941675114,0.1765056900644824,-1.216327445827061,0.8079782086115529,0
44738,79.1,-0.8577331766050195,-0.16683966769392072,-0.2888924143340474,0.5081906548516807,-0.20440260731373933,-0.006275232844126985,0
82745,19.39,-0.5552730880131715,-0.08008299824909249,-1.3030019218148046,0.11665065001560704,-1.2787014707710063,-0.6915141214401754,0
160081,27.36,-0.23078615210272213,0.5602808936789537,-0.6594268872163145,-1.4485810468269544,1.7438322641840034,1.0348156283499688,0
23429,8.18,1.161503048481976,2.2567524721687664,-0.13613584886697372,-0.21709806232667525,1.3606112048522843,-0.6197107756347167,0
84227,9.17,-0.034572225485819015,-1.907221999688803,0.1332955505143741,0.13342263450928954,-1.7018316692926767,0.6032003423308876,0
28380,19.73,0.13863502853045098,-0.39275895241680914,-0.006853994901490916,-0.9058287628170728,0.725789264832387,-0.062480331002476235,0
125827,39.69,0.6792938199823493,0.818313736319962,1.259045004063905,-0.1545588198877396,0.20163293734014595,0.6540934488512836,0
14397,261.89,0.21187917882888407,0.6251105462489474,0.0630776754292401,-1.094545975119,1.3966531659343415,0.5563076234483254,0
172627,5.3,1.0103793132832635,1.7813997166008577,-1.6964581544464707,-0.43915533394681044,-0.8832575393920493,0.5396118986536598,0
68431,19.77,1.1138623979822204,-0.5186250012643829,-0.1847259119794835,-0.5277355708678508,0.5352102851436686,-0.08862791019758656,0
67087,22.99,0.4819678270528922,0.6196566917631479,0.2524485549536634,1.0079559018020081,0.40411571098651927,-0.19614643075273572,0
39071,14.13,-0.42158231144029273,0.3086752940556164,-1.039327298878074,-1.1363893507323315,-0.5471059287642895,0.16531139632722117,0
31750,49.37,-0.1121264436113449,0.9393198902324554,-0.36857690674013666,-1.453606445109524,-0.5222008481316952,0.3501772153138715,0
95556,67.68,-0.3277950558774631,1.3597718933283136,1.1537685390885666,0.7828775531887718,-0.676345992474177,-0.03296891874162238,0
128727,138.98,1.1407858004524745,0.30096837664241116,0.9997795795175225,-0.08417532534112314,2.3556289690884733,-0.13947281605210232,0
49522,56.81,-0.6075209099207104,-1.5748799874627346,-0.3844681126994213,1.0640832727255365,0.7878039927838366,-0.6044837085446303,0
106108,33.97,1.026087440960004,0.018796191985491827,0.009347176365730014,0.016526414134551155,0.7198805836570012,-0.03191629980651214,0
112217,46.71,1.1905296437176767,-0.46378437137810796,-0.9544040505751428,-1.546002544219677,-0.38986216006306434,-0.12481801734521697,0
132130,41.57,0.25597714641877106,1.3011298521785726,-0.21738619941650508,2.4075914215475587,-0.6966193250457676,0.17040438502171826,0
121790,4.11,1.6478776057836733,1.1490146960523997,0.4915579194025869,0.14275158734642754,0.18284865497593888,2.4235061234668245,0
61709,26.18,-0.8002932816073767,0.20092570656524597,0.222043548146072,-0.571825785724448,2.6128174737213055,-0.2618547101618876,0
150023,17.61,-1.3135277983539944,0.04871667939380729,0.786860068735157,0.6042883913587814,-0.4519837469385462,1.0118431000426658,0
126141,11.89,-0.20583985992134396,0.4126413614429657,-2.011981365705703,0.7591391989201097,-0.0727075627362879,-1.5317800390924146,0
157462,23.77,-0.12168868568726955,0.9867616174828228,-0.11314253663097591,0.7890574680832019,0.540136321844865,-0.6745046421336741,0
98806,28.81,-0.33348628096969524,0.34974781524798154,1.7097059006073305,0.7689915363449175,0.2708152830495962,-0.1536442035504281,0
16211,3.06,-0.16164379447861094,1.1644758470500058,-0.16126950059797882,0.31607819215361427,2.0781440593944795,0.017206578314218315,0
149765,162.62,-0.3617169878172646,0.5794987376006449,-1.2482747560297265,0.879660997368937,0.8395606455539233,-0.06283447474147266,0
136728,26.45,-2.061405424022905,-0.6616898709663194,0.7992027192421421,1.4538844885481361,-0.1759783314567708,-1.3342865006588074,0
21869,28.52,2.01780644879303,-0.23603419015604085,-1.5171033671831091,-0.7755334442754006,0.6272412210909549,1.314231839836257,0
144097,29.79,-0.6478722896465213,0.6140362639572081,-1.0043183843830081,1.4120694308092794,-0.6358858978834613,-0.6401256053139024,0
139784,17.85,-0.3920477826671146,-0.2925161935493418,-1.1763818545155131,-0.5698292575910502,0.8719633817672413,-2.2821203741757694,0
67444,248.46,0.533695248006193,-0.9831031471441493,-0.879870404710092,-0.8389855627296565,-0.5301796831757359,0.3792480066219372,0
107539,54.85,-1.1283415702657829,-0.4769758599540591,1.3083383670543278,0.9687345734217893,-0.9416859762946027,0.7084685780019241,0
81982,43.48,-0.4150913367253287,1.2552262466345816,1.1324231099888953,-0.31334090934713393,0.9619586625390184,1.4795169297141542,0
78356,37.69,-1.1627104393277614,0.6252284708731023,-0.1012596884565111,-0.649800325264628,0.18349651270264328,0.9305151572794222,0
49429,35.11,0.4862873047408947,-0.21679203168792927,-0.827892867365809,0.9403995689461305,1.0282824711049414,0.4344766511841711,0
168298,25.45,0.5102522224050186,-1.040467307889566,0.22010982379366362,-1.4035583444732629,2.0923902890032995,-0.6666036257891583,0
145363,10.07,0.3975277565731539,-0.3166577647366437,0.40146596758452824,-0.25241972174037147,-0.2250049031233616,0.3735125797184455,0
14079,12.73,0.4219688214334575,0.1772972131473084,-1.8453943252229041,-0.6528761185843388,-0.26198474917413045,0.6121253521488509,0
80764,8.6,-0.04831967873434432,0.4963464110704922,0.3209859692714158,0.3828821225955647,0.14071679870155704,-1.2050735614026502,0
30682,31.78,-0.2658283656469923,-2.1811752376656774,-0.017384109542655443,-0.5274490329254542,0.022223463700592007,0.33948504712260646,0
81768,37.96,-0.6929570045312151,0.2594788230864766,1.911894164497444,-1.1189242769760182,-0.9110169899875991,-0.8552333004345047,0
33787,22.77,0.41208346487146014,0.659401789848495,-0.031403016924503806,1.89158033839359,-1.2812849199958405,0.3672865992613769,0
3654,14.69,0.1243847669077142,-0.8467193279265061,-1.0859527335785348,-0.3517508018086691,-0.06302023829846698,-1.149295605042942,0
45095,26.28,0.04693629841522772,-0.7308348996976709,1.2309120908821363,-2.103049516869974,0.1956125186384623,-0.7400489652367772,0
143087,4.16,1.1572445477310251,-0.6367305591080572,-0.2245550415906529,-0.1641554334938168,-0.41016222283119674,-0.8964203829466366,0
150322,55.07,-0.6723935843265022,-1.3838590189958457,-2.5259612817693786,-0.3501281715175616,-0.2883472677576647,0.48631896232978217,0
54353,89.53,-0.7691623186421507,0.9368056771330601,-1.0075108556332457,-0.10875609225858249,-2.0263210547561417,-1.0039231502429298,0
65727,31.1,-0.8431023046628692,0.2017851073709533,-1.8208755518180693,-0.04899596864054441,0.9892721912362424,-1.3016467067193902,0
53072,48.55,0.8353334353648353,1.2939335231057139,0.625120456339924,-0.24711824258786486,0.9008423549798501,-0.4419291098946981,0
120747,15.76,0.35647710466949206,-0.60596298394751,0.6442561808107916,-0.385328775653226,-3.083464793168555,-0.8075884349178397,0
12984,130.28,0.2921488421187989,0.13631129556366767,-1.264337301762357,1.0376795407302604,0.4517039533959419,-0.91500645098859,0
161047,5.25,0.7819425354519183,-0.4649230143647206,0.8616488623231527,-1.2224792253175578,0.3266784983096997,-0.9157952120486291,0
147226,25.4,1.705362356513084,0.743009694050077,1.1602107681070948,-1.2900007982368336,-1.1352191246785146,-0.7811106645917562,0
98116,17.92,1.399417926653883,-0.06309755295434644,0.4917798896006909,-0.3303634624936311,-1.1362701894687566,-2.1922989081809443,0
8712,26.28,-0.397548696545778,-0.692943230147068,0.9969574815226198,-0.6147369469659352,1.993957654956412,-0.02996595714211268,0
124862,10.02,-0.9157550411335605,-0.6274611664757017,-0.6655338670086792,-0.35148776520369784,0.15729907216019046,1.396968566715763,0
1051,1.92,0.010487982673875443,0.8586634390775747,0.2130803959715548,0.5594911292088945,-0.5195343963645582,0.5578498212639947,0
47254,9.44,-0.9870461789363153,0.9210531280479252,1.7634040459185218,-0.8826788221605966,0.6580373911924291,0.890470089234937,0
87923,19.01,-0.4928849123837183,0.37706090962839983,-0.9491176282799884,0.47721124565539697,-1.441497470503702,1.0978509099699816,0
152906,22.76,-1.5198927996189848,1.3065540677345007,0.15213371886411586,1.3769337315886618,-0.6107788976416961,1.6638880724084701,0
60815,20.08,-0.5426968739026136,0.4930864020479377,-0.48639176879086643,-1.4559650424346218,0.4257944740472442,1.1888467189970484,0
5237,14.41,0.2607668174830632,0.9944144200902384,-1.366246629397111,-1.261918976837642,1.2260863811690976,0.5935884863422272,0
158285,80.57,0.6731336922329685,-0.09614428792448947,-0.9681867507210938,0.26701033343017444,-2.151052682721887,-0.4692896527597039,0
2568,30.13,-0.10346278984692345,0.4513228247434116,-0.4868218725182975,1.485400523570422,0.5259138012878014,-0.7916663054303638,0
88869,19.6,1.8690665036782608,-0.9112800569029585,1.1622611105711573,-2.031823556322141,-0.1708440037967807,-0.9590975411465015,0
59201,26.54,1.3469412443889957,-0.3834780189238867,0.28488589971531725,0.2706448862599635,-1.1202671506469604,1.8455654253792761,0
153335,12.47,-0.16003867357934443,-0.5592257979552109,1.0761787336049151,-0.5717542523576646,-1.5210979022372757,0.3139732739263047,0
75969,69.03,1.3697811019623787,-2.0435383538962357,0.31139535741201874,-0.3826523483115173,2.415849787083634,-1.315129741506286,0
58870,92.91,1.423264921065661,-0.9655750062098389,-1.2849687463019543,-0.41377772801851714,1.01074993290306,-0.5189974472528162,0
148694,7.86,-0.027214132377857005,0.35716258570127063,-1.5742096456021195,-1.088517221534,-1.0823991107019761,0.1912034425391353,0
140629,15.14,0.310539637914204,0.017183850385528075,1.6076173868244463,-0.7427799707332572,0.08321303627211424,-0.8884262990747994,0
138043,52.04,-1.5722305440781297,1.7123077283669226,0.13438744187948082,-0.5859163160772481,1.2389022312783422,-0.6755183781824743,0
95462,15.04,0.135428834719957,1.5414571948322535,1.0696916817396078,0.9008644405489943,0.5979870665918545,1.0133235028991359,0
12185,27.5,-1.4587583925306935,-0.12528662276943792,0.42872799329406813,0.1311527053774716,2.253935916294241,-0.4843659336345405,0
149340,7.52,-0.7684355169034929,0.28729657274908715,0.5403741309310379,1.4099875116161396,1.8596474936036136,-0.9649436260246179,0
45541,31.78,-1.6223206132937653,0.2578616172949595,-1.2396704393524807,0.38649477481371236,-1.1559595864304373,1.135133005106634,0
155103,148.82,1.9620683618985282,1.2223452564679749,-0.5043508539402574,1.714784933665959,0.7170601522553975,0.130043062916625,0
43361,175.43,0.08534395552050993,-0.41093507657386175,-1.4467906538298647,-0.5333589572203554,1.5626849505709355,0.16732008356985287,0
136535,36.95,-0.004262937643876164,0.04482313193228475,-1.1700036864398626,-0.6651885407333455,-0.7193185675845094,2.2171333745633834,0
96774,50.19,0.3140226024861145,-1.4660382014488722,-0.07482854331919798,1.817368329781848,-2.026023448476509,-0.021744077783032445,0
78258,49.31,-1.9232162862097522,-0.6565769633469216,0.5571024469361402,1.3162552162551524,-0.2058450363787221,0.7436083348876679,0
89037,15.85,-1.2971642963657217,-0.1395140283330708,-1.4474622570271596,-0.005536359166269422,-0.9558499984020169,-1.3936310905992289,0
29084,30.18,0.32889153672704086,-0.6031200882261201,0.9872372384192569,0.2979615561644564,-0.3274500079234857,-1.6715221813315757,0
109200,57.9,1.6764234178440736,-0.2952012531026962,1.6322452588988656,1.018924589135694,0.12663059942435256,0.9100771660235525,0
10699,27.1,0.736763345167897,-0.39130310394045986,0.8981238325812592,-0.9265237663409348,0.8157743533853581,-0.4791116545854274,0
78781,52.8,-0.766352609265016,-0.6578984885747409,-0.007564659674649148,1.1899197160476673,-2.0201514491777637,-1.6581968499957354,0
103481,321.0,0.6763570476749083,-0.5850631713965995,-0.7038332580694631,1.506167130884461,-0.3958038341616338,-0.5679106765132114,0
29963,10.49,-1.1001424162710358,-0.16066484837472153,1.7165403158774715,1.0901206211775125,-0.13526668017495463,0.002531936350243625,0
53521,12.75,0.4189116113727865,1.1907286489798454,-0.5049782350072989,-1.1987042316779504,1.1570066978156122,0.4216684975703332,0
30535,10.36,-0.963396341198569,1.270845621075548,0.1210338785027424,0.7376067644769629,-0.2297158394117681,0.5674857285689802,0
29055,47.45,-0.5297677059230407,-0.7334251668172389,0.31162882372473,0.706902280626921,-0.26432095585034054,-0.6153627187660998,0
159741,9.34,0.9661253255303113,0.7969359256585957,-1.160373451068,-1.9982866765377374,0.685706026481484,1.5432877329512689,0
155331,116.18,-1.6382456590945336,-0.6202642966676787,-0.2136303084853857,-0.7135564909387535,0.02943669074238712,0.29450766298330716,0
74055,14.98,1.7481355725242844,0.3957115324169533,-0.3842200453459713,0.46309636574235935,1.8973540940588203,-1.3122638325531277,0
77175,114.96,-2.4923896515830672,-0.7274657062336721,-1.0607316239555338,1.8476397080256943,-1.2321846779285617,-0.05185956867838815,0
111279,45.92,0.2541276870714354,0.5030892533366624,0.03248205475324366,-1.4820276818110107,2.445298965121207,-0.248766305420981,0
40042,10.42,-1.249564911924005,-0.9468000941813317,1.820580268264966,0.09280454605642857,-0.35352099488117117,-1.0603922340648304,0
104859,39.73,1.5301856237965608,0.709029775318304,-0.44567673990140944,1.7845107677245104,0.7153986180867128,-2.153745748134923,0
131184,40.25,-0.8250972999455244,-0.3637845296098712,1.0054953203063783,-0.4360208981807365,0.9418240294747006,-2.1426892826943296,0
32994,29.69,-0.3720643253313259,-1.1353162812387732,1.3422535263036104,-0.47321118845039606,0.3653918191297132,0.14860109293705115,0
46804,97.66,-2.333412903446744,0.35249809304507973,-3.6676376488015645,1.0138177502364625,-2.6611670785006716,1.1846143860135814,1
123797,3.78,1.1364555743248452,0.06217922981228763,0.5003332073206254,-0.1352705407042644,-0.22341724812966124,0.007531312048537615,0
45475,32.71,-0.0022462017571209794,1.0171476743793124,-0.933634216589443,1.1499408306090857,0.3956859552000656,1.4527861337260592,0
71626,34.26,-0.4966510521282467,-0.8038246482427452,0.8773622092064753,0.14686320945641482,1.2827139581702196,0.056129453697272465,0
99555,10.43,0.4945224920487726,-1.2485816890997645,-0.7554833935369165,-1.218061845439449,-0.3550324108891321,-0.2649159166814195,0
91118,31.68,-0.33338005560766565,-0.5895171324965108,1.639297135207276,-1.035230842819812,-0.9565790247845786,1.024455347043958,0
153999,32.21,-0.9507368821726757,1.6817264850021496,-0.8451399587245183,1.605180269659031,-0.18479388072573832,1.698256076007552,1
59321,4.71,0.3753596961444733,0.00016050740708493661,-0.2867063218036532,0.6115216692398487,-0.25227712941562996,-0.4074380751361637,0
123287,37.12,-0.7308131256087531,0.06947811622107863,-0.9529688335074052,-0.09771088986529282,0.9049201496591336,-0.02087728092190075,0
19508,15.8,-2.343039101651841,0.08220292626279649,-0.2628824730353762,-0.1588323605819089,-0.3552310268552769,-1.6818295669796135,0
23574,50.61,1.4148406628255548,-1.1766981857709065,-1.0847564341588138,-0.7384147048028783,-0.1264894569225528,0.5399175998851535,0
93980,45.6,-0.34034048288290325,0.9359731592656175,0.5323720112967234,-1.5637410876713795,-0.40258307110950714,-1.178451869050438,0
142312,7.07,-0.3471614824184498,1.5654546599591121,-1.3082191978963706,-0.7655837927368733,0.6199160472041114,1.030271172467283,0
60692,34.65,1.8951486121089698,0.7670626894897021,-1.5602419775537173,-0.13891713697492322,0.3556772451247554,-2.0157712011576367,0
69449,30.22,-0.07567107265706344,0.753601109159814,-1.003433810758229,0.9626849170525694,-0.8374847253104282,0.18991303656947056,0
156222,23.08,-0.011900823094228097,-0.6066639407505668,-2.1193013676882075,0.8119989322167313,0.5665881057303603,1.0506763053118462,0
162527,6.98,-0.2731321437192525,0.85093692777578,-0.1210414920675384,-2.2628099626907923,-0.30342562848464427,-0.6545537832511146,0
61087,87.82,0.7570320650539775,-0.5893365645851804,0.9252905496854981,-0.27594577609330595,0.061424893876613075,0.9610252123984272,0
153390,13.9,0.7229969346243232,-2.0097333668687174,-0.4775999513736513,-0.8849676272928135,0.7248006775508257,-0.23258541064406948,0
124857,7.48,-0.6519521540233857,-0.6161481288926278,0.3831961512084077,0.7836819490363669,-1.2055232791399972,-1.2227432260488038,0
16029,253.63,0.3543093815188606,-0.13367591465481174,0.22489579488632003,1.58473964304512,1.3788583732951116,0.5043938762460375,0
46101,47.68,0.034393795307583075,0.41934187246162524,-1.08475880151045,1.3841401240464637,-1.1856837912439093,0.2402088748456703,0
12453,151.4,1.3446851732306149,0.28326995014659845,0.9811495194007849,-0.4182135122050997,0.6286983004727423,-0.19593066686601376,0
140146,98.7,-0.4265996362860371,0.4153114772403338,-1.7869675655509722,-0.3270076626519062,-0.468844654342496,-0.04515484505051478,0
111335,6.8,-0.75311733062058,-0.6581752741371039,0.4867105303254986,0.3164467585822151,-1.6999798066243463,-1.528040408009355,0
9111,124.64,0.7341063358072487,-0.13118015426484045,-1.4012540141997682,-1.337846371815948,0.8347624346900867,0.43503945451193016,0
124343,104.55,-0.6257730437317763,-0.09384561622336653,0.637931960055289,0.7842881257277071,0.779922164828575,1.4770224039902151,0
9171,55.13,-0.11399655283962636,0.009511839940994225,-1.0254698443982604,-0.22949938378159987,-1.3720804354370215,-0.8115253562722762,0
69184,18.1,1.2721985542500975,0.0731042543807433,0.3842319165190897,-0.4496841232973195,1.1222297939402996,-2.4773433929375024,0
152155,17.88,-0.7294370488476493,-1.1376002049642353,-0.06086956993105802,0.30211305729642507,0.23026773038610357,0.49576351233819826,0
168513,39.59,-0.2724269009308716,0.7002219112822892,0.4265679117836776,1.4840605532206974,-0.05820605313308032,-0.512883569561788,0
24022,43.76,0.4457598512171287,0.16982667258368722,0.9393630640715723,1.237130707788697,-1.3194032195014225,0.4391986597509187,0
57804,11.75,-0.4299001052078867,-0.7155444197585275,-1.135119419411239,-0.18089045492608516,-0.9257640396506979,-0.41982649015113027,0
44900,87.86,0.3775547328379105,2.0603415438368318,-2.690275631353535,-1.2981501756374367,-1.1950183469888551,0.10636316488252315,0
117305,14.11,-0.10276746148759967,2.2187433575308493,-1.4239803338209671,0.8572565366617309,-0.05401874296848923,0.5801133729923058,0
148399,73.54,1.21317918839159,1.1629895956773382,-1.4573047689855358,0.7036038680787361,-2.349879797432981,1.7472508086305154,0
138429,53.27,0.23173094203039254,-1.5151149362494807,0.9368143169226666,0.1965119260012147,3.0137932827179963,0.5427724161721125,0
64925,29.44,0.25051420375559713,-0.7940837066054469,1.7778671402788075,-0.4142426559019541,-0.3625381570279519,0.36223341348186877,0
18133,17.67,-0.412420069849907,0.06593110857890049,0.25026173764547277,0.4212222394352376,-0.9933545184333761,0.6592989867832433,0
50085,14.94,1.8507811424357334,-0.04151796926807157,0.7661375845266774,-1.1646102737259711,-1.516355703651181,0.201848636957862,0
98826,14.16,-0.32573889318261995,0.020271892122288065,-1.6436341422199503,0.30046682230585875,0.057465549700520056,0.9402293058388486,0
74553,24.52,2.0084730109816995,-1.3409720359812798,-1.55037687093124,0.1287713183531109,0.18323909579899972,-0.1320304925170551,0
74763,26.34,0.841632255765075,-0.16142789803281682,-2.30996860043844,-0.4933103829559084,-0.31211252426939223,1.2872463713031805,0
87468,11.87,0.010021151740569072,2.7008664695495948,-2.079697035146007,-0.5997542381588126,-1.0222985140338425,-0.07712587745408273,0
147256,23.48,-1.2084822042690762,0.33234637147200347,-2.220256314839614,-0.42491353860859626,-0.5478328533149631,0.11308076307285721,0
91575,160.68,2.2689916116594535,-0.4786921889391912,-0.5834935934697638,0.15927197216700772,0.66861033539399,-1.0235708601710196,0
107971,68.65,-1.7718966822464437,-0.12130867138958067,-2.071244067443572,0.30390180209508344,-0.767799616743906,0.651366534392826,0
14388,15.49,0.6569290663420881,0.5634099508221323,-0.5798551814633284,0.3075529177284476,0.09295180969036923,-1.2523197329106066,0
155072,68.24,-1.1491796022167802,-1.1876011173773469,-0.13078571850244072,-0.7693141008546045,-1.2845654500780666,0.36236757539154196,0
44814,23.15,-1.8075896491814576,0.09473847583290661,1.3441056937544549,0.033137462190111384,0.42877182098914957,-0.33284192922068656,0
9435,132.23,-0.9057972133711476,-1.0572514620201034,-0.652398460462478,0.08722989241942036,1.2379535314890553,1.806234538346511,0
119176,21.94,0.28121168258406537,0.9410665514519307,0.8731692923815881,0.5191306469494293,-0.962500002933258,0.46765801869036117,0
43939,67.98,-1.6840040177961646,-0.7172829730156689,-0.1340487665021912,-0.06439244143960705,1.3384150765140415,-0.33220008635431714,0
157561,43.87,0.8329454428250415,1.6361051105963191,0.7339078818646241,0.015695613275823722,0.6318042771966538,-0.35342454131103057,0
64291,106.88,-1.3661983376689175,1.3066170692950476,-0.9606131764128261,0.287994312427,0.5135556127187786,-2.266406573227337,0
27788,79.53,1.3558053394315013,1.1382814448895793,-1.561042575586778,0.07110385731734516,-1.3612959336197052,-0.15646300967193336,0
35435,38.31,1.027151035893151,0.10296524246461053,-1.3111438217869762,0.8479975339628499,1.130674797854511,-0.4870694119778939,0
25592,13.88,0.07707861138149362,-1.0946920440273713,1.6528341863390272,-0.9371405236810427,0.20025009316683412,-1.0716305127955148,0
76242,12.37,-1.4092157980245135,-3.329503797508129,-0.8096444597036451,-0.205317644802088,2.032870644182767,-0.27544280674781435,0
138496,62.64,-0.21682705022214338,0.09686603247587562,1.5681996905274862,-1.7049150807289657,1.776286069327917,2.614370011300883,0
101757,31.27,0.5032323845324963,0.7429033054335988,0.6938254128560183,-0.8305905203372766,-1.0776189645241603,1.5762242847171393,0
157249,52.86,-1.0849679874804772,0.8494562551043311,-0.2313223276918222,-1.1836787845202303,1.0894327982220253,1.7948205850855177,0
132222,2.63,-2.3648553727915123,0.10507597120829498,-2.9760324740095245,-0.9011523426340876,-1.0053964638043744,-0.18900637214838345,0
89881,7.32,1.2227117928319309,1.5102866512731454,-0.3249785941686678,-0.3615904658640628,-0.9645063932627689,1.0720990979777407,0
17260,38.21,-0.06828620776429063,-0.5822670625087771,-0.34026967795417,-0.6104923262720335,0.5540455708397536,0.15184765723289315,0
112427,53.66,-1.057289979386554,1.611819757981165,-0.20061875845599908,1.1307450196560147,-1.389110396081426,0.08090077525604722,1
58557,54.73,-1.667665266190862,-0.672218872552405,0.9174621535937203,0.695686711076125,-0.32116530149040856,-0.0739464084180024,0
159007,59.83,-0.3950468521695675,-0.6490763335666391,-0.712777884827594,-1.1666921959392664,0.8472052523664336,-0.22845734308866938,0
62943,29.15,-0.9186164585230326,-0.028901523497860945,-0.6015115147698592,0.7952491673672779,2.5305246891202735,-0.1830775224038034,0
146480,11.48,1.385575233941481,0.3108383975387898,1.3759084192989735,-1.204151075922611,2.923553662513963,1.0270846972235659,0
125703,53.49,-1.1933757685433153,-0.5374063789038138,0.3185008529981731,1.4493091228686754,-0.728604315356119,-0.5520690810595466,0
131149,226.66,1.524517181115903,-0.9370069812461074,0.9852201728091007,0.7105140871218615,0.04431868307244914,1.0336128376464708,0
11938,38.73,0.4583890099570684,0.697182620792853,-0.516730437521854,1.1415376602351135,0.07903644461383194,-0.8976249758117046,0
139783,16.52,1.3071354231507137,0.5208656925615726,-2.244181542168122,-0.7774477573287817,-0.32547597587649235,-0.010816970304582276,0
104263,26.46,-0.40409531183239966,-0.5137997527080349,1.104263067260668,0.06299778557854581,-0.4718105215363534,1.0049555144458242,0
118516,27.23,0.39188126224558456,-0.05650612465920803,-1.1353913238732314,-1.7289756002047878,1.4299611867896778,1.9852692047655414,0
84811,94.84,1.589895594810694,-1.82719593747126,0.48174103258762574,-0.38352661634618596,1.6064652314809427,-0.7200644941977014,0
75880,24.17,0.9057176004973654,0.2962004433548381,1.0153427862709963,-0.4472211294638499,-1.6982998317104556,0.40458547427145347,0
159116,17.94,0.1794141710488413,-0.6625171463067404,0.02123306577582116,0.24195540232101154,-0.39693460702118855,-0.8942798314073706,0
61529,40.97,-0.22056594026731396,-2.0443304762010746,0.2223777489305565,-0.4538987811268618,-1.5499966260186715,0.4589000719461393,0
34964,4.99,-0.2717300398697084,-0.9220243251771819,1.4928318913651575,0.8378900949962763,-1.5567608661172252,0.7514489489854189,0
114044,54.77,0.4259109671014114,0.28235266397965253,0.5557313191030023,1.3852373796081388,0.2651140053814113,0.324320080746912,0
28230,79.27,-0.6465284794765146,-0.016664133297943518,-0.9245552194693161,0.8411309417668084,-2.2804159731577003,1.0030059427628075,0
29516,8.17,-0.029803781851440635,0.6421077589986135,1.476753729848928,-1.9072190710079198,0.6152452623203697,-0.9968198882565596,0
103547,10.2,-1.1617513001764113,1.2917156075212395,-1.9920650648213725,-0.8854203560949772,0.26163599856748904,0.7494795235012255,0
93269,51.96,0.04621160367091715,0.7936392943301029,-2.5495393447366808,2.3104592747303716,-1.0544090477459183,0.6501807531879694,0
54120,36.89,-0.8138136419289294,1.3965978462231778,-0.5104985587635958,-0.19116852856723568,-2.050293892524772,0.5866838142124214,0
158395,152.45,0.19737260543966004,-0.6794195609428907,0.6290826192412396,-0.07914502627079792,-1.5033393971423339,1.244047392118782,0
30266,12.33,0.7860172908142086,2.018096732835487,-0.7479336218779372,0.8794915112857101,0.933567408605594,-0.3785453991953894,0
159476,14.55,1.2519474545131573,-0.6903381233439047,0.7274902041567654,-0.7135311362142988,0.7608736809468034,0.9677687879834663,0
23989,3.07,-0.31444379029762937,-0.6183968529606526,3.6113500628156694,1.1392905176591448,-0.44579271549194277,0.04324399659815945,0
73847,8.28,0.8957962182359285,-0.22815134928823433,0.8697620581762918,0.006118664141802973,0.2729573295067017,-0.01274146461904848,0
26832,66.9,1.5413211448013207,-0.0865461606806029,-1.0992485575665147,0.13315452817161547,-0.3007083778540004,0.9301022619192679,0
92446,445.33,0.014381996244265737,0.3689151288291944,-0.45969814247392055,-0.764971209212442,-1.0291623331365496,1.2399193978519047,0
41328,96.43,-1.1037585626023165,0.24551844332736034,-0.7355306659075819,3.1589417845886634,0.7408289758299179,-0.5956637016725386,0
105186,54.25,-0.7542981326071427,-0.2052925216285141,3.9423310108066856,-0.17047614898169622,-0.5666755899366115,0.03374499048021271,0
87508,10.9,-0.43507724157631605,2.105856344363327,-0.7522888217614683,0.37709472744234446,-0.5665693040900902,1.6607470181586967,0
39504,59.36,1.1625736681878402,-0.6792219372181003,-1.131089745168842,-0.2327733766931721,-0.7430841721862712,1.0158759383822198,0
106121,164.95,0.4962485662454281,-0.8229486258623573,0.5821669967373478,-2.941628471763763,-0.6783662131920524,-0.3790646796405542,0
93680,170.0,-0.39272623842581755,0.009813740396404322,-0.9191586584740024,1.1749332426280408,-0.3435382254295648,-0.904503586443227,0
133663,105.08,-1.087478168112368,-0.0724290696422832,0.5974628578813526,-0.029146351490570425,-0.7082341265480232,1.2720913815221815,0
67173,45.35,0.0005393626288786419,-1.8494080058784057,-1.2881107300675272,-0.20709514261728257,-1.0637530288534276,-0.720504258457595,0
25939,25.68,-0.11036475929185985,0.18091067522502524,-0.7937045795022385,-0.20995507673205693,-0.005540238872132881,-0.7055711977561145,0
69122,403.79,-1.213463360152923,1.9473042288896751,-0.7149058470495814,0.33107589099048995,-0.6094406290058797,-0.21791121642834183,0
65455,144.18,0.9877285159245996,0.9384114238732918,-0.702063562355312,0.39395200899393523,0.10777765615764831,-1.2262050756537455,0
101195,11.94,-1.744532888606054,-0.07790804633131841,0.38816803343394224,0.5053339438740322,1.0918135336544557,-0.0949992964107509,0
99304,12.94,-0.48663118818926915,0.017972579368308247,0.6422919936033016,2.064494389843675,-0.571868838754654,-1.2047884208037478,0
147159,11.52,1.0974849713531636,1.1219504919152248,-0.20367863457235547,-1.4697123646737555,-2.58565322481448,0.8453103293794513,0
35531,21.55,-0.6411116541527696,-0.38771686649156756,0.38319038537732747,0.13869542625992545,-0.23686286681924823,-0.32360102739263297,0
120975,95.46,1.3385921382956067,-2.0150084395070906,-0.7376262652708545,0.33612290294557223,1.0281617392661913,1.1174752515841184,0
117544,68.75,-0.3518477928832724,2.102360401451722,-1.8302330175957187,1.8562577953196502,-0.17957809224296872,-1.0086904574530138,1
26400,42.84,0.7145497614635058,1.1142343467426044,0.3889585360402897,1.1643474950402564,0.5529788371458881,-0.49163491358584543,0
52853,33.26,0.7963400197488324,0.34696029688448116,2.391873389457284,-0.12816917026649377,-1.4949860976053775,0.24320730740426297,0
162932,4.88,-0.7019572982951219,0.6836183119363326,2.392298383669758,0.07226790976889787,-2.3306634780373923,-0.3340981759418081,0
93422,17.67,-0.15650383020921016,1.1140824361354387,0.01387207217597611,-0.98550018358034,0.300600001229167,1.6703571847542045,0
21959,21.85,-0.11359216170196468,3.040686954159441,-1.100096962577806,0.11426523006332008,-0.11253706419459349,-1.8595446337554464,0
39178,26.39,0.24104327786211174,-1.335322538755505,-0.09504200369292053,0.3187412461572529,0.7593408302467045,-1.7545464803403703,0
117449,38.67,0.17044299872136284,-0.40573650163225167,-0.7465207393525012,1.2005230919534204,-1.2948048207823644,1.3792494261623907,0
81423,107.97,-0.6638331028256903,0.7204861082542877,0.21232614066789893,-0.7709540094728657,0.9451189004723339,1.2079455697522943,0
46473,40.58,-0.748811671023577,-1.4152339308664725,1.8540238004386018,-0.13215089013486142,0.8877565837935135,-1.4771962101012184,0
124168,132.78,1.7845588888535862,0.03709234193645584,-0.4550087457211382,-1.080380336565442,1.2900958126833837,1.3882773027454967,0
19991,13.37,0.034143893340212214,0.014416562635548644,-0.11599872616058583,-0.962623277607578,0.9756260594983872,0.8836453397875517,0
46819,53.93,-0.7816720723468876,-0.4626447418812982,1.5586265169628146,-0.8366687784230472,-0.3717122621656524,-1.4630720727731958,0
124677,13.81,0.0018035063564141765,-0.7647682898525335,0.5380348391544619,-1.2779131065564704,1.7908560134459206,-0.59032002393038,0
66093,23.78,-1.063258686531278,-0.0037485338018516225,-1.0115702757043907,-1.7243436803964847,0.19867786711955315,0.11201879419688723,0
69504,91.4,-1.3638679336293416,-0.7722350213415422,0.06985979698176144,-0.9376767167248709,0.12992739205381387,-1.0455333833695564,0
109996,19.05,1.542547211374117,0.19192200503611323,-0.05801509439393041,0.38082469583790973,-1.6291931866968048,-0.8202904971574921,0
104601,45.79,-0.07002977680804456,0.5364877271213292,-0.5009912697304171,1.2564429737963825,1.5228617217029874,1.237359715735833,0
52142,107.88,-1.0456949708779122,-0.1503483662862672,0.8542675615783623,1.2432291429623945,-1.8734007479160366,1.0167258560044263,0
3866,105.3,-0.09024288144032204,-0.9500418802658166,-1.0643724104341996,0.32047678941155466,-0.7415210597033679,1.1613079458683726,0
84425,26.75,-1.4512192162599356,-1.1600203819432886,-0.2976425359964962,0.46912035486475423,0.4125035948641393,-1.0457106472694933,0
139335,45.47,2.191638255054987,-0.1754584350417629,2.001575745129749,-0.2968223891678365,-0.21642099730751954,-0.3330915328947997,0
14849,7.43,2.2331159171321766,1.8588026355805152,1.388088236640302,1.0301178500904633,2.1734828299444775,-0.5865195926238929,0
80435,7.02,1.0454602404822526,0.4463742447585357,1.1868930775958975,-0.49337592749735265,-1.1104545309994642,-2.145136244093181,0
144188,26.38,0.3454141816438536,0.31314302313353215,-1.129888087902751,-0.30184589415275553,-0.12767504441391503,0.47119583303235035,0
161645,34.57,0.3367122954206112,-1.3962291302361909,0.14163812813565044,1.2805186368369963,-0.9015912589117553,0.14165422108858416,0
11394,23.66,-0.7067067683730057,0.4321202439837694,-0.9234004725250807,-1.0867118956770103,-0.7756183088639343,-0.37167218510896366,0
89930,41.64,1.2304600477599754,0.5995786278137534,-0.014970418030954094,-0.5225023418828179,0.8280582241056257,1.0496870190091954,0
134832,39.84,-1.1151262626634877,-1.3184013824734664,1.3627595622962556,0.7127245694093065,1.6666108135641995,0.11494012037700962,0
158806,15.66,-1.0414529517748186,-0.5067041762102386,1.662412597822257,-0.10854333152259746,0.7975201115267103,-0.6558398505612039,0
162688,5.17,0.676507476439975,-1.5690990246932246,-0.5039306799613394,-1.007030864852526,-0.9515915956532172,-0.8065571830922841,0
132413,34.03,-0.16176728116566902,-0.24581912671105752,0.2317927626259248,0.43057948462652357,1.115706621760084,-0.8812509441721483,0
70821,259.78,0.439842886472828,0.7975656226859541,0.6445326873130469,-0.07465407197142389,-1.6838498029670688,-0.8091288985646569,0
105848,18.4,0.37086779247102475,-0.3227445527233424,-0.6846297971775508,-0.37660474394153076,-0.8760233044568659,-0.7624441819389206,0
141880,224.08,-0.9659709246115364,0.3238392663274503,0.8601203919849665,-0.3998104945533078,-1.5633745308995133,-0.11426613409281816,0
124988,53.56,-0.38163109541321133,0.16495687540902468,1.1644646925122124,1.1663397115612522,0.7041085429664431,0.15103573097017461,0
116336,22.69,-1.0677225770385452,0.7678436946681114,0.8216157522371632,0.7231601126549526,-0.1801653737290823,0.3212427752790439,0
61516,11.29,-0.2801110077500062,-1.5081692093721777,0.0385732419762537,-1.4231031108824657,-0.9093693167108169,0.5679574327665837,0
83309,27.16,-0.7969866688138775,-1.9862906118704209,0.004001260236595398,0.11842454599139433,0.5293735697152353,0.42914151966160685,0
127118,31.5,1.1565816515942398,-0.23952431691106857,0.020692582854259692,-0.18983512806346253,-0.5286745939719916,-0.22667718252161198,0
121300,10.74,0.8865794927576496,0.5945090026314696,1.0766646515022715,-0.2624275956923146,0.6801006833429298,1.036399689041087,0
146106,17.92,-0.7066691040731404,1.5208512320637795,-0.3285532517902975,-0.5503535878198212,-0.3002392599223624,1.4575152119440622,0
15563,9.54,-0.3199072780029138,0.0893607385962395,1.5383949844382783,-1.652243566940978,0.45351484909737344,-1.2207345670556264,0
145016,39.07,0.7777350472478546,1.6627772891794692,0.8818182802006649,0.6200518676390839,0.20724466180087722,0.9603222190656966,0
59722,30.65,1.544092663524045,1.0325617203605524,-0.478366716587938,-1.1990753176375482,0.01088879723312497,-1.198596601683054,0
87163,4.04,-1.0736928461974642,-0.6880821265803181,-1.339270315485301,-0.6823845854715656,-1.3726790997110696,-0.13149823473837388,0
133669,95.6,0.5487004763949003,0.6712596660773543,-1.2178033053225852,-2.2758631900206985,0.6897841481354932,-0.1589601392113693,0
35777,24.92,-0.3764225545881953,-0.014925372442960091,-1.3068213411611485,-0.8120248745538271,-2.036578298835343,-0.8029084101325713,0
135958,23.89,-0.7159672231839423,-0.244317038639649,-1.3046459986144672,1.9059045545294448,0.5560157142580459,0.5338419044002284,0
152499,54.01,0.43426364992207156,-0.9334711584250414,0.6306798620978803,0.05867060336963758,-0.616623639167903,0.23577715384338735,0
62987,21.97,0.29008789963543236,0.6421210038765839,1.577327297050473,0.791527736727773,0.6028629549303025,-0.8947329982105616,0
101665,26.57,0.8983025496890353,-0.2705053040961747,-0.9502387211452319,-0.16402544226013785,0.5749789386832206,1.2664791618313562,0
149180,8.67,-0.9626685344090254,-0.7550339959104986,0.8636299105789041,1.008045292732851,-1.7089920112579133,-2.020851990845319,0
114585,152.96,0.41709532442324604,0.5657385044539512,-2.01149132546182,1.7416606639722867,-1.3582627854602272,0.3921578055825459,0
126888,56.31,-0.6705431614166831,0.5172754273613065,-0.2540205661706743,0.8076608876780496,1.071376009750154,0.07602968664895711,0
8328,79.36,-0.6047188666354781,1.1201294063310439,-0.6998565596577566,-0.592063672282482,-0.7322723096186016,0.20922213379179402,0
82289,28.32,0.7260359992293337,0.6145472376508678,-0.29597150388619836,1.813673083795204,0.9454714819925647,0.6157420833970998,0
2745,59.25,-0.947530740972112,1.0110970055869908,-1.608926549445604,-0.25134927964169246,-0.1990116627445822,-0.08128405123786019,0
116026,3.97,0.3243659742438005,0.9950175796158893,1.0254935862662529,-0.9317085941996222,-1.3237349706489725,0.5207513556033754,0
81972,67.32,-1.5492024451478383,2.022212562972086,-0.38396020203484016,-1.716693733965435,-0.7931029159474979,1.0087816003967984,0
25372,97.81,-0.16045004326563395,0.48708655911559395,-0.15634517349918595,0.26205818255743474,-1.7473631486709842,1.530615071172418,0
79252,55.35,-2.0140632742377633,-0.035316859594895715,-1.2843694083091741,0.08124707623980247,-1.0029088407802316,-0.6943757656665552,0
83186,63.15,-1.4247656537214894,0.8756563632282364,-1.435954978028016,0.013144788559767907,-0.25263429799428105,-0.03637733016512285,0
59821,17.46,0.3188374033804253,-0.18573676341849862,-0.19802721959740235,0.6142169154838291,1.00039691332367,-1.8321711008589743,0
108821,27.02,1.6776254421561345,0.5374620867252017,-0.8667302333337176,-0.2422401590615062,-0.05748574921080336,1.8624191219092678,0
88791,16.16,-0.6116931217017983,1.0859184115067195,0.38485056468220186,1.1624869505796394,0.017829860006256772,1.0229255033526945,0
27586,95.7,-0.32888949667080924,0.07969406738271223,-0.7729036637422013,-0.36048522670720456,-1.650721133557372,-1.2033563885959544,0
91829,6.17,1.6028442471779696,1.6761895075020152,1.127477858731929,1.4450673288737685,-0.07474861990256311,-0.09541274911381074,0
42933,12.94,-0.08714839233542518,-0.2122343016155467,1.5447973463842604,0.43579727637019305,-0.8724334411889024,-0.18744995875830522,0
28884,53.32,-1.3099765543749995,0.2712114752799734,0.050707253863674355,0.7353608266420265,-0.29369022617075313,-1.0046240659096013,0
29402,12.6,0.397637501776279,-1.076816973627056,-0.8635683597098927,-0.04839905062857898,0.581676885215374,0.2740446038448129,0
161188,65.71,0.11833021889820218,0.8596950512977658,-1.6006831090159857,0.8348171586675873,-0.2555653103707719,-0.4345911478260124,0
25517,29.11,1.25215903696611,0.0021184210174724715,0.3757821336847739,1.5525490651467972,0.9292178232672162,-0.8793521056946221,0
92021,12.95,1.1378577759693718,-0.10482036594046269,-0.682632022012122,-0.7613273484611286,-0.11838025553020513,-0.06564738490962613,0
37158,115.55,-0.13959512711575175,0.8240865805442636,-1.0067925593266038,0.23926417561055854,0.5816127512590803,-0.22913705051509212,0
105510,35.77,0.7704635956872266,0.9385710670599392,1.0419126041774782,0.7377867562899169,0.7519042266531333,-1.930785361029662,0
99575,233.48,-0.012276533502175885,-0.06711638753511132,-0.37478385003839176,1.1965267866828837,0.5031197819620602,-0.8016217753583335,0
168914,170.24,0.6877638485617686,0.0100670085225806,-0.5099292453657421,-1.658113254578297,2.203245761924893,-0.6504844860472723,0
132723,43.52,-0.47952499463178405,-1.7956132206423168,-1.3883045083134937,0.1024784820330321,0.5474127920641301,-1.2973474099415438,0
54219,27.22,-0.09326066554176463,-0.795175012413834,0.5634535216012392,-1.4142531160286418,1.290192549937319,-0.40319771839330926,0
134502,20.43,2.0268171160423925,1.0437769564017552,-1.7478845946618555,-0.18043853535069926,1.155948936528601,0.9669025365214522,0
57043,48.1,0.7964303666421104,1.558628017070086,-0.7068534015143436,1.1638710455443118,1.190401988425349,0.6336971474632781,0
109847,11.32,-0.07686540700366203,0.6104399993168492,1.2515793826826966,2.40462449207247,1.2455882369800797,-1.6179610580451478,0
11023,29.26,0.5092953236420079,1.6779658369686972,-0.08194248239183136,-0.39791257361803495,-0.6112262701453908,1.3760393953981929,0
155378,24.28,0.22084177029035232,0.11352149647794171,-0.5318436228112274,0.7628635611864517,0.31956178916793554,-0.5264080377317222,0
166923,163.94,0.13549137231676192,-0.15575530858321,-1.136890692399149,-0.012431352181799788,0.23894455464199435,-0.4067584644334174,0
165593,34.67,-0.06015449940512768,0.2366469126728498,-0.011837146240324198,1.4307059976406318,-0.7558424580412537,1.4432990590681207,0
61388,3.32,1.718439615602714,-0.8707663764407388,-0.2700119874512021,0.5120748191611598,0.7984514218594542,1.767544652711926,0
153484,51.54,-0.5505339682007013,2.0347491581525903,2.303784309217493,-1.114989502397014,1.5113259857834025,0.038645145484579646,0
93664,127.22,-0.6251074206936527,-0.09362131907061147,0.06306502948812001,0.6849044197950351,0.4657867821063205,1.0958907812082344,0
89571,22.97,-0.6389850540666776,0.8937617973878307,0.14634092374917987,1.5349462740315112,-0.9223846290616873,0.6951285715453335,0
143674,260.92,0.4137542029473876,0.5177207640270725,1.7244183606099057,1.9240378438387487,0.12674486615081526,-2.0790067910629206,0
146451,11.57,-0.39167060950403243,0.2775246844762952,1.2572349606742776,-1.8138824704695111,-0.49799755589366845,-0.0768278765899974,0
73781,119.56,1.5761725277413785,-0.3650550328049707,-0.13897273155510673,-0.11882084272908042,0.7061143306804705,-0.13586660631136857,0
9885,8.37,0.2916589331890461,0.15201577783777934,0.7386080660934153,0.6638931260961353,1.5811102179086,-2.213022111328532,0
113252,17.95,-1.18023173420037,-1.0513218142392298,-0.15935857475646428,-0.7168266079081144,-0.9358672017464603,0.9104268159439326,0
158562,73.55,-0.6007479306385678,1.5576792718222423,-0.8377416743488576,-0.29804417419648666,0.6516022549488549,-0.5549327160031743,0
88801,12.7,-0.26776551872484483,1.1728942786314784,0.33262078478103885,0.056824062149305965,0.21620140852798844,-1.4167866471158133,0
9503,104.61,-0.750022681565717,0.019258967351125547,-1.0034720886430621,1.087318378658628,-1.4933571888817754,-1.2236789702990456,0
120307,141.64,-0.8383618800008077,0.9940020395062782,2.839622914807913,-1.9478237331009474,1.0098758737907962,0.11649669569269105,0
153741,67.8,0.9148677980978497,-2.1060062013831335,1.0611317569487992,-0.06074065688710121,-0.14023994946474372,-0.41865705835634687,0
26819,109.61,0.3720814786673863,-1.3819627849870044,-0.2306561688680487,1.4474548323462046,-0.5102406217713283,0.26159995662006424,0
16260,7.82,-0.8648961124284227,-0.4914104166895625,1.1818964527719358,0.10597227825956841,0.5521362641417847,-0.32079786148604456,0
150655,46.26,-0.31062923983688057,0.3798334550370854,-2.8463743163268136,0.5017446167109665,0.5305862065927699,0.4578025125001207,0
164608,36.02,1.1911730449400957,-0.5844097746882387,-1.2094224538918343,1.215774756407974,-0.0959206760738782,2.211853956785108,0
97718,34.21,1.1575196058099577,0.7158646295711472,0.565255056257987,0.8923296533971701,-0.09242057982758684,-0.8285586812225817,0
106530,19.5,0.995693754370362,1.150136803679616,0.8467223387708436,-1.0551375469323623,1.4896478422915818,1.9938690905087253,0
55243,32.58,1.2530582102439143,1.2740596432667959,-0.28515853015527837,-0.016335762353619776,-0.644914616976277,1.0440838688443583,0
163244,25.82,-0.39506690612720935,-1.6171517144400436,-1.038377642700551,-1.3633062562376073,1.102626308382792,0.9617738202223154,0
84309,57.76,-2.6870758127432737,0.6881274737732763,0.4447619069387805,0.7170066803144978,-1.6312440803221941,0.9567534700067658,1
130406,54.37,-1.1652019999652885,1.2587612397600685,0.39188662894211224,-1.5195133382410844,0.6595385255914219,-0.45404510722123675,0
140659,129.3,-0.5953056976939823,-0.30825662975338647,-0.8696110349031873,-0.8857480618759175,0.105162305693403,0.6861725982118193,0
10382,38.45,0.4891305566492876,-1.290167414451457,-0.17348659071395278,-0.11796758416868414,-0.2412037034756634,-0.7550008668155277,0
149673,44.02,0.293008807258655,-0.7961315055429548,-0.21204431236699098,-0.10668238449302246,-0.04254028842578179,-0.3349142915775115,0
38787,51.97,-0.24584831744398336,-0.26601669556034696,-0.8160641884917624,-0.05219750546286038,-0.3074323454493165,0.8746341114616556,0
156123,33.02,-1.8481101123885366,-2.2994555236698986,0.8804711054283936,-1.5519730122481623,-0.2225909840039387,-2.0789184806793735,0
51919,34.08,-1.1309873884855863,-1.363404247337514,-0.977284832042969,1.25353405777955,1.0584674455595386,-1.128864435005698,0
59374,71.13,1.8014025935181734,4.593989927925525,-2.5000178718810337,2.018536998390089,1.0627336691290497,0.980488093179668,1
94848,19.87,0.1817812325871601,-0.7734149266150159,-0.45039444081544955,1.1450014785219849,-1.12314789013217,-1.4528288383687429,0
75715,57.81,1.2377381057492252,-0.5490544311588659,0.04819217725982952,0.7103424813524852,-0.8597166853631285,-0.8853045561977715,0
144528,3.93,-0.3283752594168024,-0.5869226054450949,1.9875341610233674,-0.07083390752525513,-0.3623639558973486,0.9059545101205322,0
148961,52.68,0.17319764270874738,0.6538645046423779,-1.1659200029569607,1.2274610922795373,-0.21284316312475185,-0.0039743100330945046,0
117718,35.6,-0.49987103450503223,0.2305415868507293,0.0851959299707875,-1.7582216298695785,-0.2432431232924328,0.6889693363380698,0
66732,46.22,-0.3591316281088747,-0.36714357104723133,0.23492305049721063,-0.45375611761150897,-0.41937218691673694,0.6466355462956137,0
66150,17.0,-1.2590649114481933,1.6630422595961174,-0.11191668519920464,-0.6762999112347031,-0.4846759649386037,-0.6800114800399549,0
136643,9.14,-1.0107415750634758,2.0196401366316494,0.5019871344226812,2.8217869824860013,0.037799522114282946,1.6052556071922268,1
55591,41.85,0.3590550934803667,1.0199286054277548,-1.3480342515450294,-1.194627603196189,-0.05680739671545823,2.4048047752660398,0
124398,9.11,0.6882597107724135,-1.6599055625051826,0.5094948616555286,-0.05326255999368678,1.4926511788340047,-0.18595920117069495,0
52887,20.26,0.45963731807481595,-0.3456536566056691,-0.706329706696292,0.8323098862541146,0.869959269366351,-0.3342611647745342,0
132632,33.62,-3.9224002516183423,-0.4011731717473891,-1.1741043803761713,1.1847555034110568,-0.4648003293160938,-0.47208952242934366,0
59494,7.58,-0.31039680375596906,0.6062371934962887,1.1272811234320694,1.0939069516324653,0.1191005684977072,-0.5930063509160227,0
60272,12.95,0.16179154060272016,0.9865140038042008,1.0135261350909857,-1.3295209583181735,0.24756928138853604,-2.157802092700347,0
67506,8.12,-1.2983259396689026,1.9192813001444593,-0.26216392012514006,0.32996992499018646,0.7262101547619811,-0.07902228120671985,0
26928,8.86,-1.4771644163123816,-0.7387152655423863,1.245821554963504,-1.1422825087264428,0.6856818462013826,-1.0123417836661144,0
85595,99.22,1.53739673068429,0.13775840517403723,0.8990415328371245,0.14770582076300817,0.1400278222258873,-0.9116767518967493,0
164530,55.49,0.4340684871831768,0.35477286862800855,-0.6482735541726626,0.7446330465989972,-0.3521014990427897,-0.5349976733860501,0
108899,22.68,-0.10919309450055267,0.8634140715616104,-0.278464713718385,1.7600825975384784,-0.2883302731535121,-0.15245905687561556,0
19097,33.19,2.0135542946486997,0.7244281762354122,-1.7415696502511249,0.9616880519293749,-1.1552903430592132,-0.9099996026136191,0
27856,297.74,-0.9910911353316136,-0.2629749140157042,0.6939832403270371,0.37669484867638603,0.4138317384839156,-0.3322510498068877,0
59871,12.2,-2.342478337665347,-2.0029484138651927,2.513643468208903,-1.2642339818443877,-1.9655489944401228,1.4763145201549452,0
113650,3.41,-0.17262635300847812,1.008991476931648,0.17695924973983332,0.9294685612995917,-0.45026659193147833,0.09068826604081519,0
157495,5.67,-0.5902146122004895,-0.09887262565948246,0.9843624695820279,1.1204504915105322,0.44450169353043195,0.3672342793221149,0
11246,8.44,-0.1554224325277597,2.480650917512143,1.9172595345040717,-0.9288824584101658,-0.6259847935034367,0.8470599213816565,0
96664,2.28,1.110677684054092,1.5513777210094932,-0.5133774875146491,-1.1890837073451495,0.17418088196226977,-1.8175918389495744,0
164437,35.46,-0.5106839381956507,0.7837313967528776,0.1015559856102445,0.38172664678788615,1.4604151779364853,-0.010643100259374962,0
144353,72.53,0.26930618956233815,-0.3008141303748423,0.9427637251523103,0.4839119423794722,-0.4343270206942534,-0.5455048576966122,0
130407,4.78,-0.3484661913619803,-2.9952668907996163,-0.7712292944510174,0.0487973783806294,2.5102281475277115,0.8391109225716529,0
88397,59.61,-0.4553424231453126,0.504154550950278,1.7655611776272604,-0.8529283222958393,-1.3153186036454003,0.09560284965405634,0
136865,72.54,-1.3853605184444944,-0.41271927919476437,1.5658205940941132,-1.5066164641123083,-0.3843931909668498,-0.6113143381520736,0
15859,50.8,-1.459890512569759,1.1800170812312034,-1.9807372179549283,3.6672682483282943,2.450206780818819,0.9063111309814228,1
10211,55.74,-0.5031635190463567,0.2454097417713399,0.7508321093468155,-2.341530409391073,-1.0566791249071865,0.2066817873696032,0
23289,29.62,0.665334534508875,0.701131200712918,0.9132806180402842,-0.6405142243559804,0.08734145602504807,0.9044343506765079,0
95841,60.39,-2.629642907765907,0.33395204667343514,-1.1536091271629623,2.927627720331513,-1.4389590932543106,3.2602204875943794,1
142766,24.67,0.7589816954601127,1.8190771901958052,-1.8878622372223484,-0.357492847271728,-1.5640801889116511,-0.5933995685820381,0
7896,128.92,-0.20820525798996595,0.7786827457257895,1.2429502030420623,-1.727561037636336,1.4884708301231753,-0.3386198683240373,0
133004,214.32,-0.12107543239055386,2.753229510803207,-0.6642809744743209,0.3752015749164665,-1.7089954121119826,0.16395389021146292,0
4835,47.66,-1.1742022957201466,-0.31660344290307396,-0.2914063613488932,-0.2019999970586173,1.731196901639361,0.6023236830050953,0
153606,79.27,0.5558260275751273,1.6491913233344617,0.12625587271393265,0.9153183002721513,0.8548319474886943,0.7781304493544576,0
162384,102.24,-1.2325890641689152,-0.015547153643574597,0.48786683369600947,1.7569290581994084,1.4731915129757585,1.1436279925648152,0
81050,58.46,-0.2137702480623489,-0.8359397761665085,-0.3806906891024109,-1.7446750241232056,-1.1184365037772128,0.2691997967043428,0
167746,99.62,-0.15350069556978385,0.17436758776830327,2.0061050974174037,1.667211600851755,-0.5722064947808724,-1.4458787459520113,0
141958,21.23,-0.7243636318034608,-0.4166919867957354,2.4219554805352432,-1.7007569365345856,0.2572858880741008,-1.079891436429631,0
129887,4.02,0.2536835542980969,-1.1317241885996594,0.17766099646898928,1.2192301375920387,0.7442218991269286,0.19553323783929896,0
99657,23.59,1.2746838496794863,-0.53716426238832,0.4427533213091045,0.2167019911095406,1.1714012402126184,-0.7756966481012277,0
168964,109.04,0.42350787402203743,1.4094344240509098,-0.3012191440531824,-1.687741408124364,-0.43418845571555514,1.5043848375568862,0
130282,93.26,-0.47539224221454224,-0.3225487102266215,-0.8845889468094964,-0.40946805857805557,1.1296335366350856,0.6557996671877393,0
75353,13.14,0.5711412420380737,0.26629535644062347,-0.12750797890915333,-0.7296464020615799,-1.1843523171237442,-0.10132068454193323,0
83807,17.93,0.8766058798421794,-1.3356066666463606,0.047514634761288484,-0.1658000181030098,-0.8218244586277709,0.7638596351809677,0
99931,130.33,-0.38309492115979377,0.5036366361778611,0.1281076019934963,-0.48210251796892406,1.1418635102837786,-0.3676284109531413,0
1881,48.07,0.049591827661585874,0.041385762307114264,0.43081407069741506,0.9910713165974248,1.3960275501635722,-0.7638842566182295,0
153124,5.88,0.7639029085756444,0.9733374496134207,0.11906207824307634,0.4978127664133091,0.24463442052791423,-1.1970278451187042,0
158448,36.87,-0.684812109738896,-1.8355704768708747,1.2034600569003968,0.7607447616353589,0.6135361772832246,0.4335469786980619,0
103998,22.47,-1.1675008238807143,-1.2849446619548281,-1.6018552938847763,-1.0000904614700603,0.12871520125984065,-0.3955389205927723,0
170536,87.92,-0.6560347582406549,-0.7274648064542795,-0.6073269104176972,-0.38195628752832805,1.5499642270042344,1.3689240138058605,0
146612,15.88,0.40130233028607476,0.9720093767116519,-3.5510738266694686,-2.3534623325261586,0.4048777723316528,1.4751828913225142,1
3471,106.43,-0.8420986897213886,-1.3449866686084093,-1.3067229692119573,-0.3393968153666179,1.0679930445034893,-0.7456155577648724,0
887,127.64,-0.6633383235123018,-1.31172043291069,1.6342744859765308,-0.10799925152565303,0.17808156666067446,-1.081109166687114,0
68148,14.06,0.4664445968402613,-0.01968075432826937,1.1651571238945218,-0.10283150631929085,0.09165007760114174,-0.9604845562440033,0
101158,45.34,-0.07618761129101755,-0.526955143564992,-1.0811884780389913,-0.7655580899100276,-0.2910258930152916,0.6928530345019192,0
58671,21.42,0.9454973046593947,-0.17690009049084265,1.5686819188413577,0.43581055684652314,0.8855832342134344,-0.11424496107048325,0
4632,22.83,0.47139126276499077,0.6742483084247656,0.01877772338794696,-0.31336863128507375,-0.8063686767124157,-0.09163078436422253,0
146400,22.46,-1.0656826978195666,-0.5588162917367949,-0.42842843475557674,1.420396431098524,0.10022522956956723,0.017688064918399277,0
36187,59.31,-0.3774234011303297,0.7422099624265004,1.299181252629184,0.34741047769510236,0.35356586437516807,-1.8069921167123046,0
100356,22.65,-0.8535662847026064,-0.18748148749128224,-1.3616365481798123,-0.5266993329346015,-1.481658563256228,0.6335039556375781,0
165814,12.09,-1.1907458007366716,-0.38005365060030677,1.6766353406369636,-0.6653977643180745,-0.43084641761581777,0.7181576130380544,0
145083,36.07,0.5247925755013217,1.1912351951807418,1.2388560340583739,0.13582683457382178,1.621825801546254,0.4849209461622381,0
82879,17.43,-0.1135881136210503,0.10073580812134493,1.5749343137890586,1.2323792000172902,0.9831371013056566,0.8320548780275395,0
82970,18.81,-0.3449831619570674,-0.2899211530250153,0.2277091184759583,-1.032675529017987,-0.17088626178395377,-0.7551364179333341,0
76272,17.86,1.0277187487795334,0.5865151576180001,0.2523982066520493,0.20414660450805558,-0.6404499757293803,0.41251458077094677,0
159073,67.71,1.9519290895174237,-1.0296552556924194,0.47763439100988486,0.04030259949858179,-0.04723481656308301,-0.15937412838493742,0
95430,21.0,-1.9795942758525282,-0.5118684010935176,-0.44709659786565714,-0.5640520417461797,-0.895914875569927,-0.4670784718230585,0
19120,14.85,0.1527403670796612,1.1787940870486393,-1.2912691183520129,0.21616440461739983,1.6246841881863852,0.9253299239523016,1
85716,9.3,0.4375062034730363,0.9310118548691044,-0.6824687690171107,0.09090385720763113,0.48280186450417817,-0.7152381539177879,0
74102,8.17,-1.1121863012785584,-0.7815598592245849,1.990147773818276,0.39720831013164665,-0.5116438549145826,-0.6806749972089716,0
78532,43.91,-1.03873443416267,-0.5648714942069116,-0.5296040488022927,0.4886951457474786,-0.9364311967413436,0.32344682997512875,0
57616,14.08,-1.8116398471183872,1.7970165164979541,-1.9629919076527214,0.49877705175267234,-1.1936547861257185,-1.2130027003755968,0
46733,8.84,-1.1169408841023638,-0.4286022369487101,0.39627092094511107,-0.17530181643194626,-0.8889970083822046,-1.3837086710634534,0
23408,156.84,-0.07234747515067134,0.6771499741332931,0.3864461835180462,0.1995939230831895,0.7905328301777776,-0.4740498833600123,0
91088,132.92,-2.729404384923734,-1.1554960421287641,0.06265614493579669,-0.5522744904226446,0.6932893586946344,-0.7719480207601692,0
5105,93.56,1.3831356467781524,1.234456978764691,-0.5704846856410772,0.3590277724059801,-1.0071781140068858,0.26356552489985674,0
151734,75.18,1.5142807357204837,1.2014170317870247,0.5567959468277808,0.05096771759968127,0.14388176262112315,1.8555840363993372,0
145328,140.28,-0.4075893446596956,1.0260141257072977,-1.1855960077744592,0.3535658378908127,0.2587381947209566,-1.8290987347292245,0
110017,77.24,1.8054168464197806,0.7074872072053618,-1.9294822626260821,0.15179594887250042,-0.7716864582828956,-1.0188608634928693,0
87127,11.13,-0.47606255777786693,0.18147788187905595,0.5413793726352385,-0.6466868530633912,1.0556337568398246,0.33642116296989427,0
107309,40.47,-1.2243872733579544,-0.44447952987770456,-0.866034445223392,-0.17552806259704828,-0.8522989990995977,-0.45282463042812127,0
25991,32.95,-0.10069587281717701,0.7512777051426102,-0.1764070536283277,0.11953513030490291,0.46543309008077954,0.8152406833068626,0
39063,25.46,0.8225729212004805,0.5136752157933061,0.8747546767096062,-1.6141682645056854,1.2634175399628007,0.33973352262994766,0
112855,44.07,-0.4352481970051683,-1.082158135827995,-0.2660636557620032,-0.35835093235555227,-0.23848330433266035,-1.1165860291120333,0
10207,14.57,-1.2896760979610558,-1.2516980485201425,0.8105419989469383,0.3701696348203371,0.3368746903727739,1.4161423815417427,0
119346,38.74,-0.18324524320928193,-0.48559011204500924,-2.2850844946693503,0.38356713170706486,0.03340386820833625,-0.1806532839845751,0
125681,108.97,0.6037330161902218,1.5839364409634833,-0.5530450077169359,1.0454725004660728,-0.7804679879042188,-0.06460771777354891,0
56492,48.2,-1.5249849401440596,-0.8889248090597707,0.455902633167647,-0.49445460282045284,1.2840533990474368,0.11937232666396394,0
56622,133.22,-0.7967812326691753,-0.28086924579765843,-2.35115821311217,0.4223396021313532,1.436158506374239,0.9877781108594927,0
147603,7.41,0.6457976416037114,-0.5420835550478789,-0.15843664412723335,0.41097616501416834,0.1109150976333842,-0.4530004526783817,0
86795,40.43,-0.13362772972677125,-1.2412992727409569,-0.9416177655837017,1.2863008855219549,1.1579799736368765,0.09892133787759443,0
73861,27.79,0.6694383715424684,0.7906415838876719,-0.21016364755600753,-0.2694106183326679,0.7271692217035421,-1.4123630905147786,0
94754,8.55,1.554282441611026,0.41708049800864466,-0.42676282883856803,0.20132596762161362,0.776963359991937,-0.6683405782174064,0
4986,9.02,1.6588696944553298,-0.32509647147092546,-0.40013606330256013,0.6532509453412914,1.4686470145390538,-0.8692228139146668,0
11555,7.51,-1.5669593711673528,-0.8500082547603859,-0.10885388073270116,0.5548187148389204,1.3992713752333041,0.13697004078857183,0
5801,28.06,0.9557039711138672,-0.13352573545248822,1.8387545009121138,3.136686048322273,0.02810390390210318,0.02403607828630582,0
150273,22.03,-0.8251658997455379,0.31126169966750483,-0.5801276426989396,-1.0206019727813198,-1.1342527031560594,-0.8622415228064552,0
18474,15.72,2.1487062939370514,-0.8356012406877456,1.2671821317388838,-0.5254429914341896,2.6333835654016435,0.16994554172655796,0
168509,23.47,0.9704626369066661,-0.8123813546900387,0.17044705041296596,1.3016256381303892,0.5411596362978963,-1.1139625648251814,0
79063,36.04,0.7756752996156893,-0.4063568513704236,0.06816710038658609,-1.434072663335236,-0.9947337988985762,-1.9496103915437153,0
54615,12.81,-1.5235978106681667,-0.6056556335106323,-0.34322606870467587,0.06987638359648339,-0.33182005249077484,0.9470577416583126,0
143927,2.34,0.8146844372940691,-0.5107771919044725,-0.7013281001381633,-0.7406672366491165,0.23212204880842066,0.7445124974025028,0
45028,147.93,0.7401256641052443,1.1320968808346892,-0.15818937982219936,0.9091293525995522,0.6541383759513081,0.28927691064102734,0
32821,49.4,0.6039170414833746,-1.0425831535338261,-0.9467840637461963,-0.8934380623460496,-0.12048789863568203,0.4334842799789711,0
28541,100.07,1.5894412835616984,-0.7988515440172963,0.589228284886637,0.05155221743276316,0.69659398135469,-1.7777361470731945,0
86598,34.61,-0.6958096106261655,-0.21191059347748104,0.642400422547114,-2.2606002969275796,-2.927059842508569,-0.002854243831696723,0
128177,47.44,-0.06611239395200703,0.46959648329440085,0.9211890378245602,-0.8895764849550238,-0.2904631756612649,1.3468860040284845,0
110454,107.47,0.9305333193245915,-1.0237344452778183,-1.0898030441669337,-0.6184311671945354,1.7222323105982171,0.3609888250414084,0
157215,37.57,1.20357805453346,1.0970753064126277,-0.3361500027177518,1.2160517252284404,0.7068509856776927,-0.866043414322233,0
34700,27.88,-1.3600235763105946,-1.1258708271451243,0.4869847076588633,-0.7194053731104106,0.1658189426639553,-0.4651703865230122,0
31024,54.92,0.8096575301482413,1.3801232895853999,0.2868638428193504,0.5188806757053354,0.0619370215176507,0.3774441405204295,0
66668,11.06,1.302928421945811,1.3615382028481113,1.7550836057615369,0.06337886886532448,0.6081375537713583,-0.6882614475232963,0
10225,59.58,-1.718930412953847,-0.0378867010218419,-1.785025839069702,0.7580273787604709,-0.535992731367536,-1.332149820289441,0
143254,109.45,0.13931963072955983,-1.438426718775404,-1.0063080055930869,0.883971842678526,0.3149284684444221,1.329454878910979,0
142633,10.11,-0.8146856532376702,-0.664267864958582,0.2863784830010945,-0.14332106856435312,-0.05298153989670182,0.10326850438008114,0
164506,42.83,0.06323214651310118,0.906343235397152,1.5328131323234198,-1.0228126440726963,-0.9859135412601079,-1.447337112444998,0
3373,9.17,-0.5772287257105709,0.40153863571920506,1.323760538012268,0.5871143970709833,1.6271194243903881,-0.17003998472445972,0
43585,16.32,0.6276804178744745,0.349827912680088,0.576192750328422,0.05575310349277308,0.5171048387074789,-0.6667243125754525,0
115359,33.38,-1.1586032636594852,-0.8012203598128833,0.9675229949091757,-0.4024836828238803,-0.8090776230133992,0.768736651590219,0
115294,76.31,-0.12492159532356542,0.43504837164044435,0.24023062577044763,1.1118533687966246,-0.859254503978079,-0.07787405267969207,0
124243,19.0,0.07904780215027922,-0.37305866766391554,-0.38876875042958176,1.0799831696342017,1.4695913674337262,1.0605997745553115,0
57091,89.62,-0.3095098859272293,1.209369178334763,0.4924834847446222,0.8025011536933694,1.8100451036644505,-2.3569366958964735,0
150245,75.04,0.27051347546640014,0.2109261619639301,1.5703918403378156,-0.006717666038303616,0.45734868476089546,-2.1016926478173197,0
91353,618.48,1.270088025254897,-0.623180315308064,1.2249814080558845,1.5099739879770104,-0.70189810539909,-2.4503466850785802,0
119246,182.11,0.9156538042583441,-0.24872342408253253,-0.0653107116723949,-1.5814754280421814,-0.7712397992493996,0.4663332954136105,0
156798,44.4,-1.467233530094246,1.4749479651961226,-2.9283759928555284,3.498622766485642,-0.8084716554447767,3.4323865074400586,1
155065,196.94,0.4857471474554596,0.07166413975085133,0.3585477138792277,-0.32410908299910274,0.46708561425001427,-3.1798702396399805,0
169934,141.97,1.1086744199557241,-0.7174986020844216,2.391452662852093,-0.16091672665482043,0.15063434031844264,-0.5356757166597507,0
142810,13.22,-0.1693288571150473,0.7126620321270069,-0.5249265207803991,0.14730521396844534,-0.3271153430915307,-1.9465986776512292,0
122788,17.44,-0.8727849535276425,-0.890831680130782,-0.5384998869943409,1.1469793007809541,1.0108276976651238,0.7873484208498465,0
138877,242.63,-1.0578366186102344,0.5673304769866295,1.099073062553966,-0.8520531376425,-0.7803985784043481,-0.09468406149452392,0
13652,68.7,-0.1045513885685264,0.5210038966049031,-0.4147278813463268,-0.8220766949616712,0.5415941061731595,-0.3842010047704921,0
11302,33.87,0.3417539207135393,-0.5220342898417564,-1.5055713410196836,-0.2407321617440756,-0.8918590703814177,0.21747651411643756,0
156452,11.71,1.4198444873730531,-0.8121571305340674,-0.4644686327775655,0.3223950951269395,-0.605673660093263,0.10621726392200276,0
72303,133.41,0.53034290167058,1.176225706758529,1.3170586779673645,0.0890041105534821,-1.5703491315448055,-0.625036977785615,0
55419,4.59,0.21740585272700344,-0.32497944426132624,0.6031960730586848,-0.07114856219103526,-0.2575659346052936,-1.4075739944962766,0
68926,49.73,-1.410467416412775,0.31103906536807824,0.24126737526553343,-0.8591039801903084,-0.9578064351337342,-1.0324233356645525,0
49067,144.0,2.3330164182526882,0.9513849835007704,-0.8626663578885319,-1.830152213116851,-1.7920493859434081,-0.6807631806102802,0
6910,42.08,-0.47025571626635737,1.6516389486858793,2.3464013239933985,-0.00023548491478317415,-0.15074156863260663,0.001101111525158812,0
10442,38.99,0.76339307958197,-1.7606364433375037,0.37431308954649783,-0.27230575099041127,-1.4891599781454952,0.3659063396404938,0
69092,50.68,-1.2931222504049704,-0.045710754645827495,-0.16596173147292473,0.11623271729256779,0.13318577249500724,0.569940412357366,0
157547,4.93,-0.6892766231523877,0.07086499705513648,-0.03591040363842985,-2.6710619653697556,-0.36389558363425617,0.3586202068075248,0
143252,27.99,-0.5773420157083338,0.4931175272160051,-0.9679183200240504,-0.6116428882049108,-0.6003993896860579,0.027199374182909214,0
86716,4.64,0.365169001048321,1.6737437539834248,-0.5446962871197124,0.7470622500906786,2.533710829130129,1.4803096006619325,0
136672,33.11,-0.2650649968885794,-1.359201268663323,0.14820296862789786,-1.7316575239726546,-0.2147871684668929,-0.42880860870400983,0
146232,14.77,-1.528587982263667,0.7179313858226648,-0.5465211607085788,-1.4195415457708802,3.26428951086901,0.03492840360496897,0
34675,11.15,0.7738771734428223,-0.53972679815177,-0.2084926310202796,-0.12178294301056877,2.1585006059162986,-1.854136477154648,0
136785,92.71,1.1209365124062458,1.783114519992506,0.7332158376215936,-0.5389121666106078,-1.3694356116214286,-0.5008511412315233,0
105947,18.45,0.33396514967619034,-0.6082391480645393,1.370695988904976,1.4097448071981633,2.0478265796557436,0.3476004769326332,0
90536,12.1,-0.17963037272551532,0.6816606513974395,0.2673913007974061,-0.6069316273554748,0.35504860659615634,-0.5054976982602105,0
5704,87.32,-0.9607795582448903,-0.7546043823932729,-0.5809770140746456,-0.7361867100886195,-1.8392752138161772,0.23755561718928486,0
117322,2.63,-1.8825207514674638,-0.2596779635075291,1.7428664700517604,2.082809990208515,0.3936254146418557,-2.957031750978881,0
156497,95.0,1.0440251294423797,0.7566424651069377,0.02197329596321629,-1.064517973083039,1.1069790979677012,0.4320334774580093,0
39121,199.67,-0.031471370203683895,0.3268524062609343,-1.4903498074607975,0.18596125356079854,-0.7123470522541273,-1.135582509617947,0
88059,33.17,2.0403465989064893,1.312549194340226,0.11795017089254153,0.7927651436443759,-1.1711265640368587,-0.3818071154983716,0
165575,16.57,1.0179570524293595,0.30596002443783654,-0.4781467227062784,1.037806941527105,-1.5619665959451805,-0.5804220507854255,0
32154,10.47,0.4891783506377937,1.0868634897218359,-0.6392161407867218,0.2790973372215437,0.5779517823440512,1.0610354048659323,0
149302,39.31,0.24140911637004694,0.47039274200915654,-0.440791696011914,-0.24540239258725827,0.9964319432216039,-1.0491553410602337,0
127309,5.0,0.29657267669430815,0.736227445165127,0.028872480174467825,0.5646507215035573,-0.9061128730223914,0.3871686266268043,0
126688,90.62,0.2688049344392308,-0.604675181631919,-2.6244111660438847,0.2519636041280662,-0.41069299586421504,0.3225906978826006,0
137868,7.34,-1.4168235279491899,-0.48877704491340684,0.10428632223219882,1.3819493215339949,-1.5228997141388207,1.1517603697548982,0
42604,49.36,-1.6239178425699672,2.475313800936102,-2.5460050646214696,0.9856209133365973,-1.7328387541717283,-0.43154580339070847,0
128216,61.64,0.7675090818172975,0.8701781747467708,-0.4589051641234932,-0.6367436229388083,-1.1197609084150395,0.14769422173020996,0
59182,19.85,0.04154184056389461,0.9462436716153141,-0.07151400927298215,-0.39058231264857,0.6406443200098545,0.6420421233619568,0
28982,32.76,1.0556942488831498,0.021626630593564705,1.113521353458339,0.06368995542688848,1.1388262397712992,-0.828857008980842,0
66852,93.43,1.1711190647375707,2.4254125918038927,-0.9555187684192374,1.9116638854577725,-0.7922986835699833,1.231725173710496,0
122811,23.82,0.6174286309273244,-0.45566249801366066,0.7265149187347837,1.862886899544819,0.29335964256383473,-0.5599178441451599,0
31954,125.27,-0.042267998434793036,0.7923950394157345,0.8149874547962647,-0.4802582875241659,1.4036191497494386,1.0991675621278418,0
93179,10.16,-0.9026543599878197,-0.5883400573076859,-0.7027270654272929,-0.2804382811661415,0.45347640464406813,-0.775369011757105,0
43001,13.76,-0.8002227353999037,-0.05171311130804584,-0.6041382867516175,-1.172206617855613,0.5480286120879263,-0.33999111079506095,0
94377,6.8,0.17557408492582183,0.79668416009162,-1.6807796249106517,0.6256228953496078,-1.3223652560550825,0.39497136157639967,0
124302,131.43,0.6727567871994219,0.05047105368346139,-0.7497758750318108,-0.37086202780500893,1.9676556223485,-1.2391619172959618,0
55077,133.28,-0.7287901963773834,-0.5554003994423388,0.5099312413567952,0.5171063770094092,0.7067425969553479,-0.05030439620758712,0
88236,23.42,-1.087748675353668,-0.021332381631087506,-1.4056768077040018,0.1791278137789563,-0.9488588071031127,-1.3034108280355854,0
114894,3.85,1.5591822904823514,-0.4912630276613219,-0.8518059981826698,-0.9281856293781044,0.5105472158936674,0.829817777833716,0
33180,11.43,-1.4442066422205082,3.898924088240566,-2.136730435677681,0.18261581010504302,-0.8662866734211985,0.8728204673031081,1
85445,34.1,0.3899455993834367,-0.9750213849385142,-0.5888015666195007,2.4637756983299304,-0.7366687908953733,-0.2630027072885298,0
52307,7.06,2.004423303675171,-0.7001175918154133,-0.0596098453885342,-1.3018738518727866,-0.6563923876025392,0.06390684983570799,0
126155,34.2,0.7875433243268652,-0.1346440918247952,1.5645812410574145,-0.4877780315085419,-0.8405797480802278,0.18928374157543823,0
50428,53.92,0.3358472647200691,-0.3066882155205,-0.23861702851060518,0.5151119544317794,0.125548391329151,-1.7689252969340425,0
156904,162.87,2.1572158874477374,-2.0437687015264965,1.606347039530311,0.20486430808568756,-0.6455201993917885,-0.8643304624692068,0
29711,45.03,1.4239538455411669,0.47729600880942324,0.8541996486128164,-0.8674143292390752,1.001753433784197,-0.7996142137769388,0
136093,6.87,0.020013805001610485,-0.6050636907219706,0.5892834329575966,1.4593108133537598,0.635128501151511,0.31384309890203466,0
169590,8.2,0.20786050106708062,-0.9891545179929867,-1.3537827607914814,0.02890659332579404,0.46025588931773165,0.4860637793896876,0
127796,2.22,-0.20260577291807386,-0.08496659688814741,0.5552941900136158,1.1425228195041448,-0.20026385920186315,-1.4821275994549805,0
46220,19.01,0.720639231357267,0.15086762851156252,1.1665772055734005,-1.6745488892453049,1.7903091646278466,-0.7803488761150912,0
64925,5.11,-3.1385146662340397,0.13376057405422923,0.9066483858092831,-0.46343291398079656,0.251945618362699,1.5427487877357553,0
5626,132.82,0.0637023597657709,-0.520209013454081,0.34963054166962754,-0.60663456622261,-0.1918264543867467,0.8157614364251219,0
526,11.53,-1.601181198811573,-0.8330082558394399,-0.7122010248506275,-0.5157840675199,0.7478658687259824,-0.864878680862687,0
7543,23.18,1.0641707023410438,-0.20265326282214938,-0.0863849843514986,0.0938329453855689,0.9540340387228873,0.2734586496812827,0
58053,6.22,0.16823054118369438,0.6128840717631837,-2.0813413886427115,0.11939225039419937,-0.5477168588996667,-1.716303122872247,0
5410,24.1,0.12437612230092951,-0.8157060480993442,-1.0892244918732625,1.3180612898373913,-0.03472212770485495,0.19348684759525261,0
87723,107.59,-0.15607326005239597,1.921866666028295,-0.31056304532533285,3.6426284825769493,-2.8933856701553484,0.30146440662243945,1
19149,12.17,0.8730660663320997,-1.370256589207886,-0.9876583295984417,0.3599005576782514,0.570458060099278,-1.0856070057540064,0
49534,31.48,-1.5427482486267834,1.0932547189257527,-1.7991958803016677,1.2982634709387364,-0.9630609752800299,-1.1288360320884672,1
44605,31.77,0.6084916486780788,0.5496698134880496,0.5950088021082799,0.10934701802211301,0.2004156634338564,-0.018775150674940892,0
151456,95.33,-0.11955875662639608,-0.5493500912013305,-1.0832016831846014,-0.15134573464928072,-1.3511062042138016,0.7068636331492262,0
141417,26.71,0.6875507195924941,1.3089894097291122,-0.5936994269872572,0.2015196711487438,1.0781101388421104,-0.8758134047674085,0
93106,35.02,-0.4503681912566681,-1.037795473018184,0.898346125075529,0.41401294194469096,0.9275275880357028,-1.3420578060448387,0
131642,43.13,-1.4951975873031556,0.5870424240678338,0.07205085018665584,-0.7202799841208976,-0.7145303822258926,-0.8802622518266464,0
124577,100.7,-2.013824756281078,-1.7337670900082482,1.007114428981635,-0.8658692669178103,0.879400580053997,-0.380780872340753,0
83122,18.56,-0.9769457393818821,-0.06374992167917787,0.4927193465670251,1.237710696149668,-0.9149066049405631,-0.49227079402366586,0
153240,16.29,0.003582601832783283,-0.8039203442394212,-0.9079917421781208,-1.0229678848680677,-0.02313351908421224,0.2692772737968871,0
124085,29.02,0.10722928841915275,-0.0783866997293929,0.5038599341724908,0.008781547145461293,-0.8149183431349799,0.062252459435203036,0
23051,40.42,0.8717025855988134,-1.07050813463542,-0.6557512606391394,0.4295913033140909,0.007284972241473471,-0.7612422386905463,0
159882,62.93,-0.16128543366114506,-0.09789240517213632,-1.2457661641136228,-0.18752470290034973,0.5762334538931424,0.8200528737110482,0
74744,16.45,-0.7756063614376031,1.2204763910810745,1.5027276807992853,-0.8630071380029918,0.020636540357505586,-0.8200019644956554,0
158670,9.26,-0.7710421571412046,-0.8463469915126599,-0.6541843257603286,-0.1261621289788396,0.6941359433717644,-0.1125151560132924,0
15048,10.72,-0.28478940951539505,0.8247017407860974,-0.5341216416128957,-0.44629511151431916,0.22462469782289296,-0.4817054672268445,0
151519,127.24,-1.1429425463832155,-0.47495670452137745,1.5062959148871558,0.5068269113778173,-0.890196075956866,-1.0616269454591876,0
147309,51.39,-0.6421271738316033,1.3538918593234255,1.017421669808901,0.24620822775401915,-0.12054466785068123,-1.285965486629445,0
107522,58.37,-1.498635497149212,0.2405807577265921,0.902491655557847,-0.9816907161570776,-1.2320084539731764,2.0722772906590694,0
3832,39.59,0.7039646767942336,-0.4519361380059906,-0.04981833090600245,-1.0420678235311058,0.33292272460297095,-0.7011543042845947,0
158823,19.7,-1.5072258203839384,-0.9724506376870051,-0.24132138793785318,1.7724365432959026,-0.3613353866915454,-0.09883748664831034,0
143279,30.49,0.2733112495851642,1.4588191358564693,-1.8474000608555767,1.395033140120689,-0.7478780274483465,0.6650266167215868,0
14060,4.59,-0.15464970656083346,0.5953232878926642,0.41015156771359396,1.1142180702793143,-1.0651268965025706,-1.0802867936962772,0
113499,276.34,-0.425924599317566,-0.6995692785784219,-1.8604115021964944,-0.1342273839339406,1.128309054562671,-0.9518014590450429,0
127006,64.25,-0.3330397757389188,0.5670218329032266,0.2585749007371417,0.2121317372931155,-1.2159980106134696,-0.7987671374300426,0
26069,5.08,-0.836338536496288,-2.520438470619065,0.9469371819552072,0.989184883976036,1.2718816384055578,-1.0405656649726316,0
114879,85.23,0.3093904424598202,0.21987014237394562,0.9009157617853091,-0.8441377236941674,2.3902945049506954,0.8821816420175396,0
25711,5.64,0.34355457703993575,-0.6845856191413306,0.36939486101994184,0.027110953138911875,-0.6553509016152382,0.7113059641874001,0
7597,8.84,-0.32474193508197385,-0.7794562012522323,0.4784096833437766,0.32187038238305715,0.6487882058302696,0.41358829040200284,0
24442,19.79,-0.5159809893490795,0.722776773932773,-1.4820732754824262,0.7806306743514945,0.6565957805982692,-1.1823769376187656,0
83588,27.38,-0.944908722685067,-1.4473960920589406,-0.6626433938280276,-1.1378321507929698,0.30584364441417755,0.7506385840969886,0
84458,36.99,-1.1208969737681593,1.3741358241501094,0.17451566154579515,-0.7132491280839726,-0.3124135638311119,-0.1967204253506947,0
40774,70.79,0.8461184692959337,0.15352845725035097,-0.6757180024155319,0.9436000527945995,0.4027827664450917,0.11289353700788084,0
85956,107.78,-0.922351329061918,1.2235796597592736,0.4260250117929784,-1.348331505280538,-2.279789822963933,0.9308613974488872,0
112856,12.61,-0.4949645508907007,1.277876521041972,-1.0758585618378667,-1.380348353733938,0.8752432175767187,1.201006528762074,0
121826,7.9,1.7464906315946216,-0.5833429328784879,0.02796654397862666,1.1248063066978762,-1.0330850504554903,-1.136751079060671,0
67263,15.38,0.026185149185798437,-1.0496741157567948,0.7311108396894743,-1.2313669260938347,-1.130804204552444,0.38753176905355363,0
20219,23.02,-0.589160387988942,-0.6787041321116114,-1.029129678078305,1.0445465781431837,-0.6441166604860968,-0.6932112437288963,0
5408,290.02,0.18863108156798006,-0.3190629197847001,-0.8776965135165605,0.6769012376943577,0.39215435790883607,0.1424997477860022,0
122096,34.51,-1.5302791359297876,-0.15272994498015613,1.1501286783936322,-0.23191840485901827,-0.7786713476398819,0.8569853478339888,0
139892,5.8,-1.5058324053306205,-0.7269948257170568,0.12991890441127968,0.2050775799837972,0.10336019866256024,-0.4055781849571157,0
144941,11.04,1.6038660672678657,-0.40505095294555277,0.9417488553643707,-0.49582223683145116,0.6615152054288809,-0.21043060591518795,0
113143,61.86,0.7859928127031317,0.06215090608572699,1.6019007847698716,-0.9686672777067142,0.39752283189367665,0.22582017261543996,0
122813,22.13,0.7082662196573998,0.4473862964734275,-0.219107162333627,-1.2508317064844046,2.311303586756249,1.157321897908742,0
158211,67.39,0.3044922016801448,-1.2843719755091987,-0.18173424485361891,-0.39256167735758984,-0.42028207472988716,-0.6465802198073294,0
5906,17.3,1.2228079221334083,1.4761148745657644,-0.890668133245701,-1.1381506450830399,0.21051205844388599,1.4255356771528067,0
65048,19.79,-0.07722171159842571,-1.0085308082526463,0.6768828201532168,1.2816054414959426,0.18545943811694546,-0.2975389585302558,0
56276,269.87,-1.5008020152621748,1.196133717091107,-0.07011414407803107,0.8457750635843653,-0.6105347675728249,1.275897384550694,0
102946,12.0,-0.8509750806815649,-1.1081746964847465,0.29378668827472265,-1.3301003827998792,-1.2305884401773557,0.5663239662643745,0
169899,175.1,-0.3825838427224335,2.1775541886807726,-0.9810872632946813,-1.4623857318673907,-1.1343716033195033,-0.1913817623944925,0
15997,108.2,-0.3492618853479615,1.8146491673230778,-1.2826966226103667,-0.7923692641806491,-0.9971531796200995,-0.046383478771300765,0
152353,47.17,-0.32732557507239574,-2.159268935319768,1.217167134896644,-0.7814908672351211,-0.6116574084743284,-0.6654309301806954,0
55337,11.28,-1.614749862291331,-0.25731650058926747,-0.44781500387176604,-1.1138088850141943,-1.2244102177100717,0.6154780045559826,0
34693,129.74,-0.5011771369530351,0.47911912778277205,-2.115561414118679,0.017237535003070847,-0.5446931873215582,-0.23920621284401772,0
91396,235.06,1.1064571522946443,-0.31818071752668287,-1.0206250405038206,0.03560196790503425,-0.4476743659563957,0.08191091339751748,0
159803,20.25,-0.38749131490543404,-0.8839898989220014,-0.13841785233997445,-0.6798479346534511,-1.0447855375654158,-1.5656636971576086,0
23752,40.83,-0.4351387479620344,-1.0441871788640233,-0.5139962783283388,-0.6859472539047468,-0.008572892387100418,-1.5262642896784135,0
8026,9.15,0.7404212140477514,-1.3448867807811995,0.3233938550656872,1.4620718816687674,-0.05631616494647724,0.9027619892851401,0
6150,34.66,-0.6172857068788872,0.7156090679730908,0.5304234639752379,-0.0807249383129424,-0.5861786338983189,0.8144239716875006,0
112547,130.39,0.5446245744993387,0.8982445728562294,0.8158535100785161,-0.10084134754457509,-0.8536480466142033,0.7010583485062267,0
20176,51.37,-0.5465482962364754,1.7219642881321755,0.687769163796706,1.3219736775218467,-0.9786374886096714,-0.6900562840936011,0
129974,10.06,-0.5561645694219997,0.7104245340914495,-3.2955611799673084,-1.2734890162346568,0.18251313767482133,0.45198764119311563,0
159601,7.08,-0.7634653033091117,0.3397830221392301,-0.2597473833983092,-1.4260490416957121,-0.3260293165574689,-0.41434802073730015,0
89818,27.96,-0.2712965631476405,0.1023821983476529,-0.6308550387124194,0.8897490428140682,0.3438442277788009,1.0204560734176007,0
29118,22.56,-0.18173353761590585,1.4824440287546365,-1.1613468707172474,0.2833051793804862,0.07074222179101906,0.39083781282032287,0
90272,34.13,1.3744849814275593,0.07999585524358216,-0.02576935587725707,-0.24195821154781655,0.10357652177506799,1.0766175886664322,0
38513,229.33,0.7413198169079143,0.26528834478380814,0.4866194801281112,-0.7500936574883064,-1.1690236892193677,0.58332430082867,0
125733,71.23,0.2956655514819996,-0.5869582099762845,-1.3865600587809983,0.837853794767805,-0.193849134422538,0.9710763032750698,0
130273,10.18,-1.31246730344855,0.7258211480387973,1.38238274568994,0.6209215568891648,0.9145032173518324,-1.1810347280068552,0
172257,89.51,-0.8935809679780109,1.1227712402333418,-0.5726385194242033,-0.0936472853382139,0.15308225522302246,0.9686868438045079,0
96646,30.6,-0.21392646635116538,-0.3412312210234211,-1.486162274606616,0.31509094321570386,-0.3603015187600214,0.5580647685685017,0
72307,4.84,0.22271606260096463,0.3544065674743389,-0.09142036196912011,-0.3907397743584403,-0.5278148097979576,0.04510434950974053,0
49739,187.88,-0.839289103361632,-1.7330583252967064,-1.3266179879358777,1.1806853483606892,-0.7429155258932816,1.1178183106158408,1
93095,170.59,-0.38841124098877516,0.01069331179648031,-0.3962353100691686,0.5498928864166234,1.1520223028453769,-0.9662565999100112,0
119119,9.66,-1.8190510153025476,-0.0555905231992714,2.078156617110029,0.2484732179970922,0.7803235903028443,-1.7456055355141646,0
44942,33.51,-0.08933586547104598,1.1974945165643633,-1.1616473856371412,0.3282670454571502,0.9728676418083031,-0.16045165489449617,0
126205,12.28,0.45635597313269627,-0.052447699649119134,1.0468009034913464,0.4927839739235272,-1.5681185898807923,2.1560852079064574,0
18752,21.88,0.6400266183843293,-1.1339463359678041,-0.13244471969957244,-0.18490661701698782,-0.37139638070487635,-2.3017344927901626,0
49393,4.37,-0.9080669707599653,0.8855273723059548,-0.9360325130481806,1.93319422151764,0.0878580116639373,0.8478219987732908,0
86795,32.11,-0.04877626450061687,0.2995204194161605,-0.25390096274087554,-0.09972534768576576,-1.8307727648836627,1.3131828994599333,0
153471,26.8,-1.0237559477078506,0.2567191727957405,-0.31611628063041075,0.10958225043835845,-0.5289055743836024,2.0319510246210855,0
40695,14.77,0.5292999339436693,-0.4167054835910575,0.5702527235436246,0.7585225407647307,0.008772775188144158,-0.2916074837743749,0
83559,112.2,0.09675491843880031,1.7632988002995693,2.0602140726246807,0.6503836913958424,1.6927446168010818,-1.72799785858838,0
3813,189.06,-0.7451430604317524,1.30129508996732,-2.893359050480847,0.7680240299506527,-1.2499832123279195,2.531078192914854,1
136487,47.26,0.8174671266983724,0.26151859672583017,1.3686234226985106,-0.27095067337694356,-0.320490065038658,-1.54075322526698,0
2454,82.29,1.889282454250252,-0.1658409056620021,0.7135661515790268,1.102910701701311,-1.7085465666329984,0.5100277816442633,0
123030,8.11,0.16222321689883193,0.02084148213777202,-0.6809668359129796,-0.2823463723772995,1.3302577791562278,1.3810383237024915,0
153385,19.51,0.405850266692899,-0.14981071874579097,0.8246595628492529,0.009390608018599282,0.8853769905168424,0.9952543946760563,0
124881,13.5,-0.3651329377957845,-0.49309946097629387,-1.1935915640340178,-0.07210315977034798,-1.2455974395363607,1.8036220590320748,0
17640,12.83,0.2112093992244567,1.3879655839733676,-1.8290944139212169,0.3139350723101654,0.50493095461181,-0.7506566604287989,0
87697,26.36,-2.382762352073065,-0.4760100000208513,-0.37920952992655815,-2.502608890607422,-0.494350119949439,0.2966507616578671,0
157361,13.9,-0.682074798023783,0.11108835130483316,-1.6965825400425936,-0.39474962033530625,0.12399078406580802,-0.2806539274850999,0
44547,13.45,0.6369080790029854,1.4507994663087393,0.6568660633095018,1.3365551717522342,0.13554131365244262,-1.1202441959021154,0
7352,29.49,0.6623061423683021,-0.18309078461128447,0.9889229171420731,0.6190189801473731,-0.735570445980655,0.2668115953271454,0
143660,38.43,-0.6418214039443414,-0.5701935976981533,-0.6463575371493634,0.8070605622085191,0.5112357322611427,0.7262084217059598,0
1435,109.19,-1.574341717731963,0.31571942229652405,0.9818219444386037,-0.7609429805669716,0.9723959017278606,-0.5756743521038501,0
139783,24.95,0.28134834748957704,1.2095314011362686,0.7300800925375974,-0.1275013186783045,0.41614818051929126,-0.7524960325306159,0
167296,5.44,-0.36123019291437297,-0.7691452798066177,0.7123833448664562,-1.5882651434415278,-0.5956862261097823,0.0745751909381243,0
6721,19.81,1.1874271516819999,0.2123800860234896,-0.06093951178599691,-0.5954899924892867,-0.09475314631534462,0.47477109722961475,0
137084,11.8,0.2454986817943127,0.09417646917364228,1.873576393897136,0.30257033493578345,1.0446971683681423,0.5061612257039468,0
102885,38.54,-2.468164449464531,0.0856951135199735,-2.794161043655146,3.5124152206379278,-0.5264567143863828,1.3683760238033833,1
4114,29.27,0.6884959745615665,0.2872679291207924,-2.876032282046417,-1.4434130630185737,0.7015888492870094,-0.32224268787810184,0
151385,7.44,-0.11607081012048345,0.4576097419403723,-0.3112652143043535,-0.6963504511076755,0.18631993582022166,-1.196803155979558,0
110659,24.56,0.4838411250264615,-0.55404438408808,0.8802632056007167,-0.18501087749855402,0.3547999477473889,-0.04922550734819195,0
163993,48.59,-0.08621709800745275,-0.2308489679037105,-0.06274852556915117,1.5619407371867822,0.030686352880934832,-0.42143224839021776,0
158038,28.75,0.8185946183432132,-0.48512994209987004,2.1668840348163116,-0.7343205032739754,-0.2622071244464994,-0.4239139963086594,0
11151,64.56,0.09127189816757326,0.4293507136612708,0.8169851431432842,1.684037627431329,0.7843795699167146,0.34430982842332924,0
171334,125.38,-0.6181750421001689,-0.9298479483926507,0.6727204878601408,-0.8748412772332184,-1.6873561751777122,-0.6246973662957356,0
88340,129.44,-1.015663230879826,1.8129072206587489,-0.3169070486057018,-0.1307003267325405,-0.9362603724384269,1.0120309622323458,0
51717,111.13,0.4718699478766758,1.3747979700547797,-1.6295392999652172,0.004098437450524535,0.6496717507687616,0.9717694688979771,0
122564,11.29,-1.5333920889187305,-0.0053305733261247,2.1332646815618554,-2.013998321584507,1.9293533440079624,-0.17276669061050715,0
96347,49.88,-1.2847277664174672,1.5895633328625773,-0.648356370322501,1.2531514008522797,-0.3830466776975072,0.13538879566292597,0
33919,126.38,-1.314748860310423,-0.8450385117162756,-0.17260324761682247,-1.3492552598045449,0.3765247479395033,0.5622959663541561,0
16241,18.34,2.5083062730565633,1.4380287218732621,-1.068203831454317,2.6262892551952284,0.49461410193582,-0.4973607919744184,0
167469,20.95,0.4283529137714487,0.5933365996313634,-0.1300708412835327,2.1759541618354867,-0.5740223439496666,-1.5482306657909177,0
109779,173.06,-0.8474738905650646,0.2909134015923317,-1.2825566930052876,-0.9946514299712064,0.29260724150560335,-0.14674457289483578,0
23199,43.71,-0.7631063534454757,0.5325964876140653,-1.487177814550033,0.9905054244225251,-0.5673451517072902,-1.9378786649767805,0
80818,63.58,0.9765065890631646,-0.6270365091498445,-0.9162930470045603,0.9509221185211658,-0.3664801264273006,0.40848936006400427,0
97883,16.79,-0.0682025303326691,0.5962997854612124,-0.26693968713962596,-0.5483756196343702,-1.065261504260789,0.309939726625601,0
135832,14.18,0.6443884535381822,-0.15378516514619175,-1.6199198031884334,0.015584572569658653,-0.22888420888771063,-0.6654797361254308,0
49733,5.8,0.22629226724343637,0.04323168964489037,0.5697833505344024,1.8559789218064155,1.4151127269680543,0.33254680995681196,0
119121,128.44,0.3780462604278832,-1.4472177792579584,-0.1975293374691683,0.060547820364210025,1.8978858376841823,0.23023411373751032,0
78859,43.24,-1.167757415899921,0.37574688171965837,-0.5111977985613847,-0.1258793273940902,-1.080166776115136,1.0125206348103097,0
150158,7.04,-0.042824379075518997,0.24107897640581327,-0.27005489814431205,-1.271690141519304,-1.5078459640913198,-0.12929409014888252,0
42080,11.54,-0.4507402773027516,1.1529341769747732,-2.6592811840473987,-0.1948928116726721,-1.5280387727866134,-2.0009438349276003,0
16288,65.75,1.8307438248312617,0.29203572173090797,-0.22425879143948552,0.11529226957019256,1.4209578654605897,-0.48883123814387736,0
97888,56.37,-1.4241676001875991,-0.48495554487761494,-0.7181376587627298,-0.05105441276005814,1.0209058835248865,0.048906799275392494,0
4000,8.7,-0.38113769667341885,1.3175408190173998,-0.27910585635994656,-0.9415829664674247,-0.06374331733420606,-1.5847343329729098,0
128301,44.55,0.22992434541793752,0.8027275724376978,-1.5565369342016249,-1.0629703969781317,0.5200022806751929,-1.766528923419959,0
7657,8.21,0.12063476089345412,-0.7058040551156496,-0.25212315877207636,-0.18115087673127475,0.3111864967043543,0.8517658021167832,0
100102,46.6,-0.6710148456624536,-0.959850302216295,-1.4477067680783553,-0.039886752367101534,0.32040352060970073,0.10166511757086046,0
43954,29.44,0.8233568294771726,1.383057398581605,1.2919976261260564,-0.8172251639721504,0.15032388659522092,-0.8252982988286389,0
67391,53.55,0.26118454127962865,-1.1000166420746627,0.9839269092062237,-0.39261273208442393,-2.0255393311311796,-0.8595251117402818,0
52389,112.99,0.553627409358232,-0.9045912137130739,1.0387562896145033,-2.0593542797751767,-0.55063491515459,1.2956237825925556,0
112356,74.95,-1.1229146774475707,2.0988412303524395,-1.3170981967549784,0.08462004839354878,-0.07254661527351064,-0.9645255932833191,0
149503,12.4,0.785345603010283,1.236204978259596,-1.4036983847452424,0.38200720545276307,-0.39159851861226264,-1.1907234558638244,0
78542,60.89,-1.8256151785646464,-1.3507974226106847,-0.6874766264035254,0.20324187387844198,-0.36713699662614385,1.8969687338874128,0
5750,19.99,-0.028489124510392892,0.25223147991929806,-0.0020973173829448243,1.6939572264403355,-1.4167566397745432,0.8949819723400002,0
84289,94.48,0.37105373821536314,0.801639716903692,-0.26610405524621716,-0.4850181730262778,0.6672623472649369,0.26621090638894296,0
18030,8.4,-0.2871095048623429,0.018118477625871335,0.2694234520549011,-1.9404302255083603,0.4767776914387287,0.11100102379152803,0
141633,72.62,1.1748140575856918,-0.3398211683082972,-1.357632444948907,-0.7837601693701695,0.7320142722401903,-1.1929367296870448,0
9277,22.34,0.5379759698264889,0.25555969898680325,-1.3066793306447917,0.5632977958646477,-0.8869380201285353,-0.3553326830312902,0
64106,35.75,0.8229885920033214,0.819973642346786,0.5229715738969453,0.437498296408455,-3.0932256749451623,-0.3446152858154494,0
159529,39.74,-2.3742640084262376,-0.25948154361198994,-1.103604577349443,2.093791224854136,-0.1768718030001456,-1.2084543093149773,1
83042,19.42,0.5935394322931908,1.667797933004515,-0.40901784781493944,0.5577867238861631,-0.6860822894443216,0.29628452930912597,0
48511,4.56,-0.6807755663251802,0.27158220015359236,0.04573912900266335,-0.8174939412147917,0.45653317324605136,-0.3518024755346841,0
166812,17.63,0.757056001819417,0.6287305482596371,1.2791757773481913,-0.7253471292064455,0.7238200157405074,-1.0562928133747795,0
114692,14.64,1.6301299648744103,-0.18271846181432752,0.08259051687541312,-0.8186059044078899,-0.9046513091101898,0.20126441259336528,0
33397,85.53,-0.38479202360407067,-0.09636128558822336,0.01538756450126866,0.14245175905206084,-1.0219835350143256,0.3074030933418858,0
84082,85.22,1.232328605214664,0.016036663013478343,-1.6633867113595329,0.8056914739222492,0.0016913212856527618,0.4477013478651016,0
140938,10.74,-0.22366657180344413,1.5473109830876783,1.2070265134276854,-0.23962788078251399,0.7910230386937182,0.17437186305806213,0
133175,85.47,1.4785138785735428,-0.5198252221735389,-2.44749514234966,0.0879615586179422,1.1559480074850503,0.21188691352859798,0
83276,464.99,-0.5719285461984328,-0.20219033538761957,-0.028366504429595287,0.2556586540972739,-2.2552918196422387,0.2935268326453018,0
98696,26.37,0.08286484186899613,1.0271915600404138,-0.9466099102115474,0.813616536451455,2.2814376451769274,-1.492548016245537,0
159674,25.16,0.8878039355788485,-0.2418179125289801,-1.2346454174818653,-0.5436677438753278,1.5507986150556912,-0.37320963275195645,0
127813,288.6,0.1017883337073275,0.8269460609427997,0.05762276315959555,-0.761418967877422,-0.499356832154739,-0.14576844551003781,0
139316,5.45,0.4021978249123513,2.1009871898131114,1.633584832409058,0.18714748687733387,-0.12863592182953928,1.7890227409090098,0
148702,7.3,-0.41192323438595313,0.7950214592691726,-0.5160481561017785,-0.026296200865641,-0.30109644443978495,-0.6193895114379888,0
123683,175.14,0.10382923503269768,0.6604889823456973,-0.7732760851111978,-0.098494406129539,-0.8963736514067573,0.4569204641757125,0
87958,82.56,-0.1471927507680115,0.3490122686280793,0.6973874787119347,-1.6482497187130287,0.06351555772689924,-0.5575230612432738,0
30949,45.17,-1.1275909512087632,-0.2507876072106319,-1.064377764237964,0.9047639017290136,0.21999147392510457,0.1880621774228491,0
121866,63.36,1.1763440561714547,-0.02238465649681007,1.2739467294749474,-2.505034589481522,0.4405669034911882,0.6220093678536937,0
105487,37.97,-0.6608411967525808,1.0171742141701563,0.6519334010300283,-0.6501290434271516,0.6998712439998862,0.7700118157596085,0
68910,19.51,-1.40822676830745,0.7348113435104173,-0.7693311543504044,-0.1582148108177082,1.320825750164865,1.926275237011487,0
104245,86.69,-1.4511039864667385,1.2719183034223662,0.3922725266505483,-0.6671987984941122,-1.2085151668214802,0.22674809693284917,0
65149,5.32,-0.35854252756260974,-1.6529345623729599,1.32376206283529,0.6741604622479136,1.1958591569425192,0.6830437968590438,0
161147,12.52,1.8968887478720813,-0.11317064829006354,-0.9049779919008093,0.5194644406135062,1.0730797439725925,-1.248668532332627,0
138299,40.48,0.9177681977951373,0.30517263458050775,-0.42524834572950676,-0.6926796792795997,0.6868734189721679,-0.011272619114382883,0
155538,163.11,0.7099327481472374,0.9038914006360014,0.3995845532077593,-0.8092759193872399,-0.3343857558969754,0.24441275920999744,0
25675,7.58,1.0371714725320045,1.4809924041174929,-0.1575619555537773,0.6320793835314138,1.5483177053834132,-1.9662740949042303,0
66203,12.31,1.1433615302058282,-1.5132794691577722,-0.16596840779492483,0.29915097295744597,2.05630101019252,-0.9696324352957565,0
51226,29.93,-1.866700586803942,0.5114152550218797,-2.0936974501301004,0.015422970888983768,0.7449608109494047,-0.08685014625147987,0
131926,67.51,-0.4100294115389108,-0.76825532039177,-0.3280703703646766,-0.949279506705735,-0.5273532434602152,0.5101541930407117,0
122332,85.28,-0.40615141657380355,-1.2581972900269258,0.6262442660633177,-0.06645212366792694,-1.436211925529107,-0.2775714733072315,0
127314,64.72,-0.08860610634860941,0.16954041021828617,1.1726039587430066,-0.08914798782034095,0.801151961960901,-1.3378311804825176,0
96762,65.48,0.6632733812644779,2.231496335202466,-1.5243590701971772,0.5235476578713052,-0.33521279317691743,1.466945106744465,0
99259,16.32,-1.015581379650545,0.04117951694893489,-0.04950464606506815,0.6037890707317585,-0.08404341192746666,0.9806719956878627,0
64046,18.74,0.195162047141818,0.8792639051665606,0.08380235961134057,1.2350557355075837,0.8121381111144732,1.2760676969372846,0
67364,36.59,-0.552692953783497,-0.8727610707885383,-0.9904263620394158,-0.1715091588912414,-0.6816507905692808,-0.8741546945576216,0
11308,25.28,-0.4358573549814069,-0.45947543195264406,0.50981790844696,1.074741250220838,0.7730533060459779,-0.09561077918303074,0
2866,5.96,-0.8784987909695048,1.0708575979124821,-1.4976278660695068,-0.9021809633681757,1.2673601815715507,0.2004826426914454,0
7314,231.64,-0.5738199139101188,1.361037360932807,1.6592706642191906,-0.663746446598944,2.485031975996529,2.361845686913262,0
74707,188.85,-0.12049741389935952,-0.685934503949618,-1.3294935721929189,-0.018819678361340055,-0.06885629150462086,-1.1195832538226196,0
146045,2.2,-0.34610427178001524,1.8286252624418249,0.5384693872544943,0.6755096754925167,-0.4070360469627019,1.6478906416993029,0
47924,47.65,-0.30704834092510147,0.27524868756836424,0.1563251439554436,-0.5954904068068536,-0.9177233578615299,-0.47684865915790237,0
56447,20.08,-0.953157504755092,1.3229733083455433,-1.0634418662617564,0.7411558240849149,-0.5260876875400664,-0.012328198235321318,0
129695,49.2,-0.16681474069839325,-0.7202785765879318,1.4533971058146764,-0.7446649024149137,0.24307829503796438,-0.8571665421299557,0
132473,5.75,0.2753962341432087,0.2258418340373073,-1.0308152774500663,1.0362443550013984,-0.7819893806770777,2.2279714645380406,0
122720,68.23,0.5948543733972447,-0.24977261204038337,1.871714624315838,-0.1558344900070006,0.05917419459422928,-0.4602363372270672,0
98864,75.73,1.1966271208272423,0.6064247283911633,0.9580352686288295,-0.8853275610043386,0.7148600341672774,1.5929311527973564,0
42078,219.3,-0.13954204292790354,0.36013095127756267,-1.4047652216670008,-0.009371558520764512,1.9332925138120347,-0.27473948935922676,0
120312,16.06,-1.2672766883727302,1.0828414339163912,1.3658566253313404,-0.24676253886008834,1.2952712338333454,0.8896776400867716,0
132702,154.89,-1.7577874239420725,-1.5449093695931155,1.4009808496930505,0.34237508962750735,1.6043474337937726,-0.8633680218980636,0
70014,52.0,-0.552750787066322,1.6955158192498565,-0.7066217559562984,1.0743378776770285,0.32666080413649845,0.47845868923613394,0
31881,75.21,1.3951019065022976,-0.15058354837492782,-1.7615824272546483,0.2892722520043055,-0.46739059903916114,-0.3678109583696349,0
336,26.37,-2.7829604323432204,-0.3311642658558212,0.6960423134078911,0.2694563921980581,-0.8968063786658277,0.06213755581199564,0
66617,256.43,-0.04091753519506904,0.4594750589690091,0.10094697028958102,0.6579868297749736,-1.3275283259695465,-0.5348461002515841,0
88920,93.42,-1.0783150666292278,1.0416667330833504,-0.32653660337632845,0.07549800899940326,1.2810775447164946,-1.717159640363207,0
110529,57.09,-1.40005653716338,0.5429852023911051,-0.08762354625423106,1.0837633102609736,-1.537155483089032,-1.6960021871916122,0
103896,28.58,0.24389094162045094,2.8241670094027294,0.07610241646858744,-0.6653358034334415,-0.23334086969700757,-0.030228159459196623,0
137848,10.44,-1.7681310327067183,-0.9044005023308695,-1.181190940595717,1.0829568290406753,-0.17121121184571356,-0.019503065892465806,0
100734,19.4,-0.45768456167907784,1.0168308890128515,-0.7048515107240569,0.9456674478849113,0.2697843988390912,0.48185173804508113,0
34518,13.55,-0.01792796824979873,0.5116050903690205,-0.9891420800806211,0.8502330518370192,-0.46421839632072315,0.46279809526184856,0
76253,26.11,1.4838901537677616,0.06134366424086365,2.5036366422883325,0.9092189210825384,-0.43058757111569645,-1.1437531142419604,0
16389,59.5,0.5647762643141505,-0.6759376648038271,0.29716714722490756,1.2182579226197263,0.7056556992382529,-0.5009649581345399,0
10647,52.36,-0.5642898527190192,-1.5074989166017505,0.07280179436230931,-1.3124963516250174,0.7591366223425597,0.19062807612694327,0
138155,139.09,0.5363892188475762,0.3492927723542075,-0.6665562312330459,0.21197093564998332,0.7294538898178412,-0.47784178690732154,0
15916,24.77,0.701255639443369,-1.5941826797254006,0.585168744209188,0.5134361863480024,-1.8107213051670272,-0.2221367867485983,0
53363,29.25,-1.1693152650864689,-1.2675777045330776,-1.1546185675377267,0.956128605741,0.7675139022007115,-1.2791003712610216,0
41975,20.54,-1.7555055887046276,0.8221108472828129,-0.6196237546892899,0.4480527986049255,0.017269526005648968,0.2509808690711624,0
26756,10.2,-0.7369971427344963,2.998211713573525,-2.5365166308534186,3.1907682466116993,-1.7517969602400547,-0.250044002580865,1
53413,45.7,0.9714123576723597,1.9008318150657448,0.3280097179834053,-1.2816699166529877,-1.4148194574759854,-0.8167937272892717,0
157087,50.14,0.18794177643275645,0.6320232236170215,0.03202534336821736,0.4584725691988813,0.09297415709100419,3.139113997281344,0
91170,61.75,-0.5881085989243096,0.04108086409475417,0.2600545154607801,-1.6859492010692505,-0.7179170301160287,-0.42464676652798083,0
22857,46.99,-1.977609582219814,2.741130733456684,1.0994031829255682,0.5154271492188338,-1.7045288664910263,1.2378865317760201,1
116219,64.87,-0.7712694166774808,-0.9624988349193223,-0.7282175248055448,-0.8451981140855563,-1.3023372395011958,-0.9213187551856187,0
149661,12.4,0.8406067127833832,0.40394041606830444,2.3181022604638017,-0.3406230512281771,0.5315303630682593,-1.008489744441987,0
89780,5.26,0.9429386198972337,-1.5060829104020683,1.8914551152692207,-0.21858020408792528,0.08919151030857912,-1.2689238424658718,0
165421,59.77,-0.6867323955673516,1.5463986871898292,0.6940200870607419,-0.7606817398859019,-0.05632389649333018,-3.4360623896680225,0
50255,10.77,-0.40615018679024073,1.0081383202599241,-2.188028649844286,1.9078200652227213,-0.33084307635516497,2.279242544807569,1
6471,31.53,1.3011020630240928,-0.9096520258330384,0.3878273420089586,-0.6056683817585125,-0.5772878506026698,1.2852852123783778,0
45714,266.68,0.24207067028796736,0.6460453434287315,1.3789112430016826,-0.9271429855355432,-0.8851023587203858,0.8736037442094435,0
90353,50.8,-2.0017060017255335,-0.6913348611627764,0.2972870947599731,-0.16404718814820396,-0.702718637086929,-0.22367509437798383,0
172015,96.08,1.5920248985760834,-0.6855545714835052,-1.5948258549008207,1.8208865915594061,-0.973599064367939,0.9529762685609183,0
89570,35.23,0.2452917426369353,-0.5687057065970534,2.003311880382046,-0.2654463782255031,0.7981077130844103,-1.1029294886061451,0
88009,101.74,-0.7223474046150294,1.9417461220517027,0.5716087108071156,0.1375418294721938,-0.9764336691887306,1.0786637160112869,0
6970,56.45,0.5105353784512363,1.9684512893602903,-0.7834881283458742,-1.1334596390504585,-2.352437445629478,0.317374216168657,0
138013,4.62,1.2692556718986205,-0.8410484303982945,-1.6540355002607023,-0.5797598767240226,0.5843525582753623,-0.6190285007308054,0
168925,12.98,-0.06487144105336112,-0.5283308891104243,0.6092851164158597,0.47887497005245266,0.42530876948877877,0.9441312557802342,0
16566,79.84,-0.03813456882464037,0.9084142390861619,2.17009499187626,0.2620199762396622,0.9070498189055277,-1.3518655610608699,0
48756,8.51,-1.0010095444828142,-1.3830178087444738,0.8675794775062722,2.466588009341556,-1.1055541943978062,-0.6153471506330717,0
166277,25.0,1.2762639878735544,-1.4481247752768684,0.3385741900816487,-0.19140461628401628,1.1982597325501452,-0.132542862202931,0
77960,8.17,1.5498186063283395,0.6015800454021792,1.7441681361472945,1.2813400241943087,-0.14053052784437825,-1.178532620383248,0
75324,6.78,-0.5248594603244346,0.7204568950760697,0.27490211308222157,0.3529365418446809,-1.9742067277326925,1.4485213610415906,0
45113,18.65,-0.17868088760798354,0.576228719595626,0.17431100352657702,-0.8830551216083591,0.4955897101997747,1.0266820744716394,0
61350,31.81,1.6047350122948532,-1.807262309565734,-2.3141639826724685,1.5770748223271638,0.8901453085662238,1.131165893697313,0
168455,99.21,0.45322190228289727,-0.5504882602676295,-0.3989961442222967,-0.09054123974837629,0.13077868197977363,-0.7348169742325424,0
148781,21.65,0.573558836877425,-1.1789961729568956,-0.8790168861647499,1.4983115437496803,1.16493678372679,0.43925948938067555,0
43925,54.94,0.30703923725182186,0.8804864602241314,0.22884920809590747,0.07778434197711431,-0.6738220777596537,-0.26374383622861286,0
41090,57.5,0.9778475646543314,-0.2537097350663985,-1.2855655937111106,-1.2291949523785322,1.6399459487539176,1.8577258289483811,0
81264,27.21,-0.6484692000191374,-0.512493390880902,-1.4485309420337003,-1.1071997978589982,0.344497786503369,-0.6136604679085468,0
112428,9.35,0.312865651490911,-0.2870822031150092,1.9607178320387029,-1.4237178187039348,-0.9650282075649214,-0.3606193673911166,0
76449,10.36,1.3655603704321775,0.07857322096112584,-0.7022972131912357,0.34447844084702445,0.02628084258740832,-0.44491194916551313,0
151222,54.75,-0.2336069609828654,-0.4351933321977932,-0.46834868855944944,0.8729856413425691,0.8056694031809298,-2.3342812088833282,0
108464,143.34,0.03660365656307895,0.8767599891542641,-0.22548667060211924,0.47711472781753167,0.40500471569711505,0.6183472573306694,0
114548,28.59,0.2951409793374166,0.9764977027728893,-0.9246922305235321,-1.4231602771485647,1.6037695928131062,0.919593680191331,0
148980,144.26,1.6049345017539018,-0.6099027069492022,-0.35148363616116995,-1.2082577416210247,1.4414489034089222,-0.07289945915915559,0
37019,7.29,0.23045988062763317,-0.4705391395294173,1.7600437651348573,-0.5188102821748805,1.0408721934084568,0.20116639256583332,0
156256,151.9,-0.97826564926624,-1.504148530947979,0.4567707777004593,1.6665893433755425,0.23294177212022005,0.6163710688728439,0
44041,19.12,0.9940027883688467,-0.0281243239418344,1.1257274293735673,0.9048221191193951,-1.571866188296753,-1.349487704280264,0
91680,39.46,0.9886087934991747,0.2606561547052026,1.4478577661513639,-0.07696453644043502,-0.15189722504775438,1.5651658481700523,0
124932,51.42,1.8068588841465116,0.0688746395137692,0.5395475333610181,-0.09290846984828297,1.4551429352934444,-1.6982369421888497,0
125588,31.28,-1.5166625462859213,-0.08214304557286504,-0.5711700164371942,0.8681792730532202,0.35309157733034563,-0.05463795368621049,0
151538,18.22,0.8219214824159002,0.264824242464778,1.411105009112135,-1.1525966012178852,2.0095396507971155,-0.5024738881964234,0
77373,27.27,-1.0141642181269683,1.7444955493598882,-1.966048412967918,-0.13655710920313543,-0.3515484758043823,-0.16925328582761373,0
24618,9.15,0.2595956466989539,-0.46532251834107735,0.9974209381243507,-0.2614685625409319,0.5831627124828029,-0.6865497441781847,0
156222,7.17,-0.32351494678445714,-0.4899440209739625,0.16509955149322578,-0.017860700974917706,0.6119485672465433,-2.021345151183173,0
76260,62.55,-1.1192502422206438,-0.5297782520307184,-0.3416652836197584,-1.0820515457923974,-0.22358637314075414,-1.5136456237421843,0
49153,37.03,-0.6132118924759965,0.5285392018314015,0.3545902786046827,2.451625371836304,-1.980631328544664,1.9184677665297645,0
53276,26.88,0.4070903833988318,-0.27879497977155304,0.16802560175953143,-0.6806964191617907,0.8985269930814788,1.0778227611621554,0
71354,25.02,0.4301429743153713,0.33512613307366396,-0.3776049530579387,-1.6861054624716796,-1.9575962938105422,-0.2222611626984101,0
88461,29.57,-0.09390356871304721,0.6420450918935612,2.5197076456453744,-0.22552782732172874,0.33617133231164,0.6136810281166335,0
89431,15.47,-1.7394252442322782,-0.9447528520088898,0.672452775386156,0.8520537818100243,0.3886214802009952,0.4375673456371321,0
165243,7.61,0.11835006565517724,-1.312840273092726,1.0243462019858247,-1.0106000406510562,0.12275782140935802,0.8965041830082391,0
21312,219.68,-0.07398478153626888,-0.05255416192019341,-0.5148196623973748,-0.4545664225417623,-0.12870917681509025,0.24241986583901803,0
146108,34.27,0.2808911266011715,-0.2617876736240963,-0.3301680625068308,-1.280987923737443,-1.2073319968398417,-0.41596898981793645,0
88535,53.26,-0.2227482131520212,0.19365531663149269,-0.07405653664407366,0.11626267741417287,0.47922755166995484,0.9263875444446998,0
146649,3.7,-0.8460396726276345,-1.335016245648024,-0.8033128584071165,0.6129560841662747,-0.43482462107457687,-0.7921530063728321,0
125899,20.15,1.6170449245216825,-0.29343140231331255,0.7310375253855356,0.27607900554815457,0.583211774787939,0.5737421427808328,0
6305,72.47,0.04226306496497919,0.8782139981549947,0.8298197674916881,1.2446945270238519,0.40557236905180105,-2.314407091298903,0
163707,7.04,1.8076308056706858,1.371098813911922,-0.09138967205026136,0.7635226679048231,-0.3407686494240583,0.10668880840678961,0
140431,21.11,1.635007165731419,-0.4506681775680075,0.9207504681638696,0.44285349383848666,0.6681493790420897,0.12763259648281905,0
165596,14.94,-0.22788428838190591,-0.348308395044006,-1.6176638046330563,-0.7377677306541011,1.0832711990364863,-1.5913824131580943,0
51474,53.15,0.5095135639296859,-0.935082836427547,1.6834148447426684,-0.44131900440009764,-0.40179424295989924,1.2492893562748564,0
166319,30.03,0.7410169513364492,0.40608510987442903,-0.8404347626697068,-1.5586998053939083,-0.5991619175459322,1.6680284385448894,0
28172,14.84,-0.9501045691456493,-0.5261653710601875,0.777508667265898,-0.9686084954537172,-0.19969908193814329,1.0067496355982357,0
113569,24.95,-1.9320651585199595,0.32762621732841496,-0.20565191185338647,1.9801963416895896,1.5342869753036579,-1.0894192658759205,0
130576,153.37,-0.588018519036967,-1.316569792887215,-0.30837846923364687,0.7328649768192781,-0.9820084134190988,-0.24443994810098513,0
64044,29.65,0.2637555848225758,-0.5791288370068761,1.2776333498078092,-1.214043872573394,-1.5717629732272154,-0.7989512101530608,0
121237,200.62,-0.20057118065576857,0.6321516296907728,-0.23824430189845403,-2.2979125327857317,-0.43219390349530523,-2.156482133927654,0
82722,44.61,0.5065343913859176,0.037647372169360274,-0.3910263177655551,-0.7958449595234681,1.4538591044464073,0.2689535543767578,0
124375,119.04,2.6366691419455885,0.6371190404112276,1.4262342580797647,-0.19904928260845492,0.3023227474312732,-0.023764587902756967,0
13947,5.74,0.03537141708863912,1.1818282939420395,0.6385165792483638,0.5568683168289861,-0.21111389571485958,-2.4935734259176807,0
170047,83.84,0.22732590682319032,-2.567435909739,-0.3771557828112729,-0.234259457201112,0.5886118460328457,0.35128521845423205,0
164685,6.97,0.6314186062724064,-1.324861303850239,0.8740934027649491,0.42248462193427205,1.03814669602009,0.8459896873570448,0
115598,86.85,-3.3755791001776,-0.003477209701936022,1.2092795388889936,-0.9021663615047605,0.5591381878793416,-1.8158459788198926,0
83596,98.14,-1.0033018309754966,-1.6101697979934344,0.02570488202790712,0.005586620867348287,-0.11894142123231492,0.3875918273064956,0
48231,10.72,-0.5131272463642831,-1.8920849255849255,0.08543868521990976,-0.47099942075297796,0.3497927665296289,-0.22706516564371237,0
140905,1.95,1.0692837063951832,-0.5456553943625845,-0.07131789051481921,-0.8545094777299357,-0.8103141571972697,0.8107912830404045,0
158280,8.25,0.6970509788397266,0.27509347694375413,-0.9615226873292143,-1.4084491406020445,-0.8861399330140974,-0.6406499944489928,0
162962,3.25,-0.30209704102460566,0.9979543221425496,0.9260675932328454,0.6752124304135045,-0.9859199657503048,0.1589936912553264,0
62551,23.9,-1.2083035156593327,0.180321249177299,1.3125093439544353,-1.1115623424882675,-1.7318036989259478,-0.1315944180380557,0
12411,15.24,0.13734132456510456,0.17536524065533415,-1.0870303280012752,-0.1534498511268846,-0.6554025229908949,-0.9491805333536313,0
146867,7.05,1.4980117703044276,-0.34986266307643743,-0.982416240480937,-0.3945994667391139,-0.47476324181487695,0.4837062946446253,0
27990,37.91,-1.6795027929134034,-1.5234420581356198,-1.8640648250557121,-0.5276639851456674,-0.8788089291659094,0.06688215442182134,0
138402,25.68,-1.8718590223232288,3.2931712838789706,-2.1970693564198016,-1.6519076694167416,-1.5945753823033402,0.3097852540028253,1
170954,95.59,-1.0345979596066548,-0.5017577611697203,-2.6154689600038497,-1.298814858264458,-0.06918461973283323,0.09620904152697465,0
20128,113.32,1.8418156093866072,-0.8988738108773296,-0.4334316376401446,1.0421398926351775,-1.535957298442066,-1.5206935588047945,0
19996,8.96,1.3354738978506546,0.3912849571208737,-0.7965255751603473,0.030851948510462992,0.925797043432969,-0.6941870693037439,0
63878,3.64,-0.4350526002358597,1.370962760129293,1.1619011299565059,0.19106181728130361,0.14490593433976803,1.3424738519339037,0
67468,12.45,0.509887247921195,1.613358929079484,1.3328017304760988,0.4876073675611219,-0.7219477163447218,0.6447210295020399,0
139649,22.81,0.9109444038394753,0.3860246187085598,-0.4281522530879146,0.24543762257878912,0.14196217740917633,0.05914594230748268,0
144098,8.25,-1.2245569402250898,0.51486117993516,-2.179781191964252,0.38520543284018044,-0.08258846310812236,1.1908710299594518,0
123961,90.66,1.0481167592691547,0.7333480071781809,-0.599721845931381,-0.17702945591481717,-1.2474286150220928,0.1289310440383889,0
172760,7.81,0.44670361080914417,0.36202455098846575,0.9163788273633305,-1.3047857514585275,-0.029470956717776595,1.5990193321002086,0
138368,60.56,-0.5427989717169651,-1.0960120478710536,-0.006392320059787118,0.3749440085596946,-1.4061751862672949,-0.23430091500583808,0
95028,33.15,0.6879020828923982,-0.3723183535704842,-0.3292045633289162,-0.7429879026720885,-0.6038386269228911,0.8822867059430941,0
192,11.49,-0.6362568349860365,-0.5703967395967432,0.2973525428275529,-1.4644520551248152,-2.5632897868965667,0.9255980528949994,0
55350,144.77,0.1847686502490239,-0.7726733906604571,-0.9104176741697237,-0.3781245803695937,-0.8799206025050699,-1.3337046590436523,0
29257,32.92,-1.532598234597762,0.24733330168252382,0.31988796785441165,1.9259273205022611,0.33959860858214885,-1.3140535046976827,0
126161,5.0,0.729236949310753,1.6018987915899814,0.04167142213935586,-0.2384908570507993,-1.1945896470218709,-0.19314227680807125,0
49811,68.13,-1.3326784410252037,-1.3872865134308663,0.40741803465197535,-1.5582298485678703,0.8816636484090471,0.058566967681915515,0
142709,52.69,-1.2039136489663802,-0.6873544343582936,-0.2762103812003258,-0.8186850432111983,0.2316888209552501,-1.624276596206746,0
33039,11.18,0.2802359460024943,-0.9022382027147666,0.24822550741034183,0.5087407198072074,-1.1164395315002533,0.0461813237578895,0
1306,3.37,1.7347627931235772,-1.195469716665512,0.5636343254431193,-0.23886439117963779,2.200923817571368,-1.0269808928448108,0
119891,27.48,0.4337476093485353,0.39412651043414787,-1.6179106457900545,-0.1370588154137025,0.049249935919674095,0.6305308163254753,0
33866,8.32,-0.8136645751375527,-0.943940643332437,-0.2542156502880655,-1.3804320822431462,-1.2639407698251313,0.5010216584844239,0
45619,11.05,1.035916209432034,0.5438066538881178,-0.5445411809550487,-1.112332173668987,-1.0462571993245264,0.5502538059020111,0
25851,2.21,-0.6284426891553463,1.0388397119820936,0.155575112758557,-0.4469183622860159,0.9594235570618448,0.7711275687567691,0
46163,8.15,0.0773637302840967,0.18587788362226634,0.558124013083395,-0.29112587869322787,0.18315203870928057,-1.2336529387674924,0
128232,18.46,-2.7452995536723845,-1.1871303322833242,0.4661471304949542,0.04358766394178335,1.2595077599561242,0.20241778729041893,0
119101,60.84,1.2638559390963884,1.1478027917597526,0.5389630726557222,0.8074191823824282,-0.060237237691590756,-0.15699904061802855,0
31027,13.51,0.5475398201690533,-1.0280678124641107,-0.610458265727776,-0.3968801448777876,-0.2310797369129438,0.9325227164793982,0
130064,13.17,0.6089844464924351,-0.006616244153488004,-0.6822389947743331,-1.929509689541672,-0.9884394104476036,-1.1407694656660385,0
90276,87.6,-1.7377334710960608,2.745418707844192,-1.9827288650799757,0.783472441116703,-1.2127303729943235,-1.0173960297239883,1
11344,18.9,-0.33186486182197916,-0.6958299463922752,0.39580494073020817,-1.538282942130636,-1.1122931557964109,-0.8330942943013667,0
128803,49.31,1.794524848392212,-0.21048803053703335,1.8209672252662306,-1.3638631496671385,-0.5436930431123843,0.3856750168384012,0
112296,57.63,1.135620585491476,0.02166541170356352,0.357192878994939,-0.12950371362733745,0.9644356443147198,0.7891857357629004,0
1016,57.57,1.1361913746425423,1.8549873574806566,0.7978518254783004,-0.09605508617007594,-1.581701173724899,-0.3148740686730598,0
65618,22.55,0.3467240162419504,0.12037312895556077,-0.34418905182977283,1.6319910071126291,-0.7986140101436061,0.8912278712918772,0
34560,41.33,1.2812386535229803,-0.3998226835954676,-2.342246870407298,-1.4904659940538516,2.384644978371872,0.6955735134157004,0
25945,54.13,0.23386510100924698,-1.051547558340161,-1.5301309287433318,0.33776031993531075,0.15478120400977172,-0.6078129620198454,0
118874,22.28,-0.20937561331191326,0.20485730021769077,0.1323090206885346,-0.7649603531086354,0.07719203356003806,-0.00010277460339985703,0
80559,37.91,0.3310389028172135,1.9933835005824139,-0.8133599364488912,-0.008033603559272125,-1.5865975613210967,-1.040775105395876,0
40635,96.52,-0.10186386597332153,-0.17749920410327324,0.8213604603930891,2.927410654757118,-0.800299010501809,1.276843799230819,1
161004,48.7,0.3066969420298376,1.2530637269289127,-0.5377765558045478,-1.5634134727416404,-0.9915635600467156,-0.8435392391301706,0
78229,31.08,1.0095859678911938,0.9191861536769533,-0.2329550134485338,0.9334404081685476,-0.3600148598254862,-0.9160355644463679,0
71324,30.32,0.6658778237063901,-0.13331580651810626,1.1612222731541635,-0.28466455043527067,-1.2855551671918546,1.7882156399829787,0
115584,27.87,-1.6110027678851675,0.6913563810805253,-0.23358973227799906,0.6742992460371041,-0.37691501648456616,-0.9351765960285233,0
2261,14.34,-0.0785907959688194,0.11046875588613572,2.0305457232242023,0.5527197446498667,0.9091179275980095,-1.1291160561174003,0
75033,10.03,-1.3306490830206263,-0.22676079665014473,-0.4337129066910224,-0.43606931804636434,-1.2625158092685047,-1.6662824421457996,0
69298,20.41,0.9926281029794295,1.359718213000896,1.0027214151773136,-0.3906403152194575,-0.8777452927801963,1.3181456363396653,0
149865,53.15,-0.5717358227493337,-0.44271706953217543,0.9821153121650608,0.47842620083445625,0.7771623859264323,0.23849762146693082,0
110091,73.46,-1.7737751322025186,-0.8153111147881075,0.1535479764239154,-0.5348428545247115,-0.14646340199771613,-0.3744993391753191,0
34707,130.83,-0.24258303628979377,0.9964626154129835,0.6917051136079876,2.4393342787192664,0.40138139078037866,-0.4426506960487956,0
31653,54.25,0.6734727961582307,-0.379907966540577,1.184695797881003,-0.5132741367946773,-0.15172325290401972,0.3094103207159382,0
106752,533.77,-1.3412597272367377,-2.567585117933758,0.05966189369697816,0.7295904209844546,-1.4184043274872655,1.0529774569252168,0
83014,49.15,-1.4335639229654407,-0.3678632936964837,0.07453400022224349,0.06809748720309289,-1.2605660106498981,-0.015490022116927378,0
104792,250.28,-0.03287448515243416,-1.5309276325126464,0.582828069456139,1.7002886422979921,0.19089509761622744,0.038530277656444685,0
137701,230.96,-0.08081557316355767,0.5510601242159328,-0.5660097285200234,0.9230969470625273,-0.33579055111002465,-0.11833634492132052,0
30099,46.81,0.09502788527207305,1.087726751338853,-0.11678452577639813,-0.30449145407532596,-0.8397175571153462,-1.3989214260045872,0
39954,29.86,0.4800636179041039,1.7097080286755186,1.2854869497089854,0.36661224429402106,-0.9543320129867869,-0.03817150510742225,0
64110,18.02,-0.5373625893133998,-1.422633469214404,-1.6106942949172454,-1.1442149551363905,-2.3224870505935393,-0.8714583655289032,0
89709,16.17,0.8437900258815756,-0.8555326699056159,-0.7527574968571061,-1.854609310898411,-0.31271237723295997,-1.1170019091117969,0
113632,92.48,1.2428625628583145,0.9283886791361711,-0.8708988204679343,-1.5018265189141187,2.04527991766605,-1.1784716159185302,0
92241,18.72,0.10338199621209512,-0.24735092714891319,1.132405540709269,-0.1226536722546745,-1.0024266815709695,1.09902993258149,0
89116,17.62,0.45134754786463266,-0.5954243852430158,-0.2849308186431779,-1.0366241611867317,-1.3527348851099972,1.5393663028842566,0
103754,141.56,-0.72839031324171,0.645296958431043,-0.32853722208854036,0.6981236054063564,0.6672719921988349,-0.34501572027673644,0
107228,66.92,-1.0149165707990837,0.44504269989418677,0.6895068283290587,0.05503581903054495,0.24722547006929957,-0.09586726733486632,0
54748,18.29,2.1934495502883857,0.7569527361278201,-1.14820729197171,1.5669788473699928,-0.9335752517003891,1.4980433353899014,0
154983,18.14,-0.31830101410433403,0.22032329169091802,-0.13894435086533452,0.9277159187500846,-1.2700847385126517,0.07068670075654385,0
117407,20.76,0.5280360045479643,0.48114589076518677,0.004210520875785671,-0.7221348703287477,-1.2758061927655187,0.5159240026814056,0
69166,18.46,-1.2722376272319633,0.6518415719803556,-1.4951396584838834,1.3927341187550268,-0.7555982483439989,-0.2861634302199443,0
74441,31.88,-0.06616593454643473,-2.8183042862021788,-0.11481703964842598,-1.7658314961745936,-1.1535035725421259,-1.0046113142068624,0
20609,142.91,-0.18354032201646558,1.5065286363122667,-0.4615131352549084,-0.06029851553437441,0.24215240732251037,1.109663663601451,0
3709,12.51,-0.4362630321800288,0.16700292169573833,-0.7180330821722741,1.469643886658424,-1.556135180473943,0.3414752659548451,0
111888,10.24,-1.0553241585924595,0.7069550099205425,-1.1328828133542732,0.5972003706314267,-0.28112522906845117,0.7523933811268934,0
28454,32.32,0.8509826785067651,0.3066197869819221,0.39589810694336847,0.3431106634313661,0.029491194598528805,-0.5574421938468871,0
118570,15.56,-0.8228676049979778,0.2906664931130496,1.2254210614586665,1.1393883584065825,-0.865738728396943,0.5175985956695969,0
37405,354.0,0.5063867472328947,0.11704103558126315,-1.3669391585821093,-0.7244888613832092,-0.2601444187390589,-0.0056584518627058955,0
95081,34.36,0.612171618618584,-0.4851100193040616,0.9991495946171859,-0.3260603224520199,0.6082426625071672,-0.889738750373621,0
109945,22.48,-0.5775342640192128,-0.561660556925426,-2.424264870697286,1.67818537889891,-0.6366592465699283,0.630363909526798,0
12497,23.24,-1.3177997521089737,-0.8341940938737827,1.23779650381161,0.8370230063709317,0.5621028400329908,0.6884933938660034,0
61576,119.77,-1.026710491785266,0.377618406420093,2.126441827526385,0.2729131851660362,-1.9458117700615774,-0.8759061546935356,0
160840,22.75,-2.051052407853855,-1.56410176347928,-0.7758643055602588,0.4116673282159038,0.3563624649933631,-0.39952109017824877,0
154222,21.68,0.42124737869098017,0.14328667188202532,1.4159106404926767,-0.8270375650347882,0.27940754625575154,0.02621029151865091,0
26958,25.85,0.20548642756002017,0.9607400118240353,0.9047498032588243,0.9182308804777409,0.25285824589835154,-0.266357058595479,0
121465,40.94,0.8976557716497436,0.7451868818938278,-0.3522173188974568,0.579044897937837,-0.674875359916566,-1.8683113111391456,0
142386,12.26,1.2561974394136823,1.4832588848565909,-1.6647890014327629,-1.588084115044374,0.7762359884828354,-1.556766461128056,0
89959,581.27,0.23167268419506085,1.081580728364782,0.48700896780815517,0.09444332549865539,-0.7965601937708673,-0.7218381972624011,0
76619,14.5,0.47263976299001165,-0.3722565201257048,1.4094494831021676,0.2736459874697901,0.4353942484799116,1.1068406100255201,0
78116,38.39,-0.5033567380494731,-0.24409556215854147,-0.5746029215340153,-1.5052342183545473,-0.25856463122935547,-1.1578365887232838,0
96546,26.55,-0.37146202108768545,1.1433042743300137,-1.1046249740939926,1.77088220766044,-0.394047285397147,-0.2697331837066766,0
90768,47.49,0.1288496213559143,0.11088050289283735,-0.08160192434705991,0.06344672866533706,-1.5709130539812346,0.33304679615941246,0
130970,5.02,0.5205124966282796,-1.8415656164845604,-1.1393116720675505,0.32984899026550274,-0.9307936236932695,0.6140713589847901,0
12828,43.82,-0.6414157900234342,-0.10734682245096279,0.17020282461353894,-0.1905372897269811,0.10418609336157737,-0.04877411658967404,0
168048,29.53,-1.424971171815412,0.6980834649176682,-1.0082860679643277,0.32822033198098743,-0.3044852815097398,0.976440605102376,0
161633,41.13,-0.7982060763581541,0.24618394429596727,-0.7962241227738193,-0.09098613803923626,2.851407645284945,1.0846179907362428,0
45084,43.04,1.734041954422619,-1.7417641123833023,-0.7321087746883707,-0.9910173361055483,0.12804424301252007,-1.100622622803708,0
120018,119.44,1.2285720820619974,-0.9653820207044944,-0.3330029719863096,0.7867985921172455,0.42151364715646206,-1.0975471896093472,0
138419,17.63,1.0904721690569938,1.2283277105444614,0.7154784317830334,0.5241070031833391,-0.5661469398585538,-1.2038184468082436,0
114752,38.23,-0.5209685512310958,1.9425771788306316,0.2516538689865537,-0.9922697131279948,-0.0016773171336001585,-0.4444338880704218,0
26734,15.81,0.46330151023423083,0.12944664254744423,0.8232949943553307,-1.6128509347641686,0.5800630473706277,1.1499371558400613,0
60920,6.48,0.49982163597380935,-0.8238613106230867,0.646870464896778,-2.075146966167788,2.6948223321955105,0.6033888432648137,0
103355,40.06,-1.1419418191613115,0.8052398579044068,0.29248418794229586,-1.230476058177251,-0.7905285690539755,1.016356831603006,0
4426,5.51,-0.7193216868081737,2.1639763333015805,-0.1565046486008555,-0.6078422064264841,0.01661540467044677,-1.3131485867149486,0
125576,26.1,0.5125436283994018,0.4448749166771231,-0.2753225280871538,0.7600761123884141,0.7537689306975566,-0.13055922891086488,0
71854,37.49,-0.381771196674043,1.6095416570383692,-0.21771304121749013,0.13930840923593518,0.7500013962715297,-1.3696174651129163,0
66983,4.42,0.13155164017749568,0.9957835101574903,-1.636827842152863,0.7521329079821167,0.1275436494695905,-0.8256406320771338,0
92124,141.47,2.1563496317292987,-0.6481324338877777,0.003773856555206271,-1.782875016271333,-0.6092234802635622,-0.5825135959083622,0
64200,16.15,-0.198669133822903,0.5282699389151054,2.141982640147936,-1.3520364270678293,-0.017386888612843297,-0.12491746767394656,0
22852,79.16,-0.9723350038161881,-0.07051955272741914,-0.18142386111809947,-0.9171974456425503,-0.13621858546750398,-0.280418167983188,0
8007,11.59,-0.22327158843330958,0.23151877204646154,0.8292235856371121,-0.2413010217013114,0.09298186220498811,-1.169329846815045,0
22431,360.82,0.2588875157127058,-0.21268973430511875,-0.3030418209470751,-0.6250421346000665,1.4851555637091622,-0.4812822223818036,0
136570,37.68,-0.5895789959361277,-0.4690706179438185,-1.5478404612786616,0.011996068938586246,-1.5191735588465338,1.4994726795518816,0
45913,15.3,-2.273172202546832,-0.3027745451255383,1.5124557258472144,-0.3202809505060926,-1.0893887574613736,-0.686812733680816,0
159892,120.21,-2.5782928501405302,-0.6431539972011118,0.11349434622574224,-1.1643117743972096,-1.8127877243469486,-0.23572946928579877,0
119719,31.1,-0.9906232233772576,-0.7372616763919609,-0.6511762938917753,0.19418090559442003,0.8407965238326931,-0.9800285772120445,0
99977,87.08,0.8560480947755128,0.3421194201096571,-0.45933512405256655,-1.8547864514608354,0.020296284226277106,0.26620531238892353,0
18099,42.23,-0.8644303136735378,1.8331141483984492,-1.3412098118670472,-1.5069871846261038,-0.7424448597125031,-0.19167108697225677,0
116148,14.88,-0.9358312297905655,-0.09803107127978798,-0.9460400182515531,1.0027245500816246,-0.033602797261205374,-0.9152394286377644,0
17455,66.7,-2.6181206629516547,2.5714901973592013,-2.9846508392780544,2.0581713807589854,0.4878007493831167,0.2867851503886215,1
170526,264.48,-1.2309784968052595,1.0314159064340078,1.238283210855647,0.18423808059768376,-0.9540593420202919,0.7744900968270563,0
25566,13.79,0.20152960578250198,-0.18759882127683974,-0.5300113040413865,0.840779372341814,-1.14200453531302,1.704794157624586,0
150774,26.48,1.3561067142103251,-0.3897621361164312,0.7550277935196478,0.44532816217557747,0.07841769795665741,-0.2881468896381896,0
113931,14.83,-0.7155127661227486,1.5489179534182032,-1.229318020812504,-0.35358481302821,0.24966305193110497,-0.7229892186338133,0
71180,2.74,0.20199901075732124,-0.8747762242543677,0.8215388173082104,-0.43818111919734926,-0.1643209369308024,0.3174443590465533,0
123728,139.51,-0.2128598827563673,1.607404549823429,0.6739443903503098,0.19477547189091382,-1.1316506367888417,1.460009899660185,0
44238,39.18,0.8848425828011585,-1.2424196738324118,0.6010529350741034,1.5439506047611449,0.40334496767854056,-0.6709135511914759,0
128583,64.2,-0.20141990007697352,-0.6402304954680139,1.3451846553462978,-0.9823938111016954,1.1279361599938218,0.9142130009833046,0
24596,33.41,-1.3157974082181412,0.9248262123767372,-0.5862276942809993,0.7260387931103602,-1.1527341511396405,0.29721669288730695,0
164957,40.12,0.0956075441125776,0.1923689270375111,-0.8128104895617866,-1.1299202649946272,-1.2284873178523772,-1.889362204707217,0
154834,62.65,-0.09512487755346981,-0.3294411047248347,0.9430406415610397,0.6768621373344127,-0.7324100363594926,0.16457461773873588,0
11093,10.87,-1.178179687334277,0.8793072927089763,2.5111325476900084,-0.14134320547470453,-1.3194830401400899,0.5665957344899969,0
10756,49.04,-0.8554826959255813,-0.6671595500663265,-0.4193130309844765,-0.5270169873833069,1.911648183486101,1.0983230777184048,0
34228,36.71,-1.165974185680461,-0.4040694502524733,-2.965210529885341,1.321442740235342,-2.0600194166787373,0.38172399009546853,0
107240,91.79,-1.5060059732272548,-0.8477643656712843,0.5393117198143929,0.98414203627722,-1.759884421989563,0.2701198092299807,1
122883,90.87,-0.2230256812664022,1.623843744269257,-0.24506508704326077,-0.39571611087514297,0.579509315637012,1.779171797279794,0
163324,7.97,0.6455980789595456,-0.6500937553086553,0.4454791746875265,-0.5450508044162853,0.17470964863067906,-0.9707987324719148,0
19029,55.53,0.03302330719303323,1.2246387312151752,1.0610418591835804,-1.1834918823758225,0.032928366756948886,-1.6241006779780383,0
82617,42.9,-1.4120756063156303,-1.364033164839314,0.28107222501761947,1.774418532880004,-0.754717836942107,-0.18926642207948785,0
100500,65.89,0.25100354315014656,-1.1955753282234454,0.21960168181354867,-0.166317059929684,-0.7247550882349062,-1.2622868177332438,0
132414,58.59,-0.546407619463673,1.8295625963212392,0.5033287738455666,-2.191985298524414,-1.1919970065362928,-0.4449302995664328,0
81938,4.7,2.2369710770616296,0.15567538768838682,-0.659954013146598,-0.8979520518666041,-0.45225277070890396,1.2565204353172128,0
19963,64.37,0.05245738688944395,-0.9229768983740939,-1.0499135453695274,-1.3272840378781467,1.001868807621903,0.36476785286150176,0
21949,181.85,0.19200423696867674,-0.6662633863607912,-0.4706731449821802,0.15864745121227877,-1.5590963210815283,0.47771598010434885,0
70271,136.8,-0.08837328752639602,1.7075488893217605,0.5207764447340067,1.8196365716115683,-1.0452586898456537,-1.3645289830360323,0
46540,111.97,0.5303691889987993,1.799738291727098,0.775765385282725,0.9279735374200438,0.7621815831989261,-1.2348013863667844,0
23524,34.45,-0.8741992700141499,0.6290854090140003,0.7731318638032247,0.23734811948953083,1.7072211849538592,-0.07416620456121728,0
138367,118.24,1.3442845752345964,0.3520248287892806,0.08189667520079116,0.03163401617891492,-0.07218341453010418,1.3966518031533512,0
7788,25.16,0.12249092537445466,-0.9340055020627144,-0.7876615918104071,-1.8689114064706538,-0.6755520406248401,-1.236913723593805,0
44936,50.27,-0.1564092787928027,-0.9247118804011716,-2.293662022370661,-2.0172889772789793,0.2632912480718034,-0.25407298955955926,0
155604,138.21,0.04406463491293769,-0.142285692445148,0.3578544011046551,1.1597719623776943,0.3087628210367523,-1.194565503439707,0
123633,132.47,-1.3477092303094034,0.20103350371657064,0.774914554913987,1.3719520506791563,1.3209921885493194,0.43631043064229813,0
85305,51.89,0.059905256796438384,-0.03644732025803771,-0.36240243368808,0.41426689979139125,0.3230954213178931,1.7955704027791475,0
88664,19.71,0.4080960585699445,-0.4414758053129096,1.3458710583756384,-1.2206001072268307,1.399441679203903,-0.09650855081441553,0
159096,59.3,0.5308671620671488,0.9592533764490382,0.34253098972959317,-0.05577433767981306,-1.705493443844894,-1.5982523594990603,0
155930,87.89,-0.9888723476355838,0.8498203653189064,0.5161349660879432,-0.6331869405492045,0.7634238129842029,-0.9246230443302299,0
97579,6.61,-0.12389236323520093,1.6826629146481138,-1.5364597035461218,-0.6484461354162487,-0.4685157153855137,-0.8082616024671286,0
131060,30.96,-0.611188502250286,-0.5236855326768944,1.0213976838403982,0.0021255421579162827,0.6136795028204439,0.12687474079670522,0
168636,51.03,0.13394188295201317,0.8810133471652023,-0.7829430792723844,-0.7660884247427251,0.0132091450647669,-1.4335068889800684,0
110719,32.68,-0.5198341457252261,-1.1020845647760653,-1.8081229539416237,-0.9321312151135317,-0.2332020300591821,-0.5991490976026251,0
103937,120.36,0.6381840407282129,0.17215866960644105,-1.462717335427299,-0.35540890558047256,1.7518217810242103,1.3470908931399792,0
121929,14.67,-0.7163942937007461,0.5970560997385407,0.3636726478389822,2.3250550158755865,-0.3766841534307651,-2.379778221675134,0
1622,19.61,1.278434957965715,0.9478207764124668,1.6259779600063986,-0.33058533845833193,1.0638003508787186,-0.11033610837671276,0
65953,6.7,-0.7234866224198,-0.5969870310455316,-0.44392649443489174,0.583050730963885,0.19241807081743018,2.4373046240101695,0
102638,13.14,0.3275927311429576,-0.12907998804685242,-1.5459547779230411,2.0392020447224484,-0.27634564506213244,0.4064313888247452,0
58643,18.32,0.47474210483989104,0.999991005059611,0.9293115872076053,1.3230092687080401,-0.7749325381750329,-0.5179257981707803,0
87955,55.7,0.18087111148243243,1.7009715194164998,0.2991956221800896,0.5604542529498073,0.7774101157576864,1.1838042165776832,0
23328,79.56,-2.9431415654717332,-0.9557543578226444,1.0162879427566356,-0.08593947249682984,-0.2715319167223954,0.2459005514683208,0
160359,4.2,-0.019318304271835673,-0.29789534474353074,-0.32810928836024106,0.3113935010780726,-1.345413674383331,0.5351336235116191,0
92578,5.36,-0.43884999047817147,-0.8142046773853758,0.05463944164503786,-1.0316983197683316,0.553875900933227,-1.0058186607974131,0
60774,40.88,1.6772005099660963,0.1447654911176404,-1.2233070477865036,0.6974810908111866,1.1956639377845328,-1.3321611832378866,0
61063,8.75,1.8115557731939131,0.0953033991536178,0.5465244160535132,-1.3844356039063366,-0.9003699030639426,-0.029638657007196346,0
26962,17.49,-0.9869427365015568,0.4972179804531937,-1.4288661504496623,-0.2834759915543116,1.0607088663165192,-0.19868111556839854,0
171672,41.39,-0.25111783464244086,0.5745617175367154,-0.16327838522830335,-1.2425321147227057,-0.6841768637993143,-0.0019846241380282945,0
149646,47.5,0.8011817639881827,0.10714532973756831,-0.09074675733912281,0.538229311830416,-1.2541866343186818,0.6783468853190315,0
66677,7.93,-1.1419860706926814,-0.17858226951422537,-0.10743975483696008,2.2664896549816915,-1.4409808153590788,-0.5998778989747807,0
12297,209.85,-1.0152923742498159,0.8986278667304854,1.0303166954736713,0.5927694855232551,-1.3167692510055098,0.38689730875197265,0
15485,60.59,-1.636403019206485,1.5162884505560141,-1.910965935592205,-1.2845888314176803,-0.3364098692938567,-0.6925639658695976,0
36609,154.54,-0.6302320736464391,-0.0878083516348536,0.22622628142460888,0.06493297857269315,-0.926717162470084,-1.1790518927758218,0
95742,7.42,1.68076571338819,-1.198361546999097,-0.39613472036556435,0.4462535099572446,0.1605770378342815,1.1550274524446362,0
23705,15.71,-0.4112604304834833,0.00692472104371437,-0.7721646868646517,-1.6930728538314095,0.17346566566864968,-1.4086769243843102,0
77454,67.75,0.48253370982118504,1.8578501512906649,0.24322157325222585,2.3000306851444514,-1.6801998923213677,1.7299307141653786,0
54917,40.39,0.14880876167959034,-1.0534690340732769,-1.1330751730921569,-0.8584916002454605,-0.31284659560597644,-0.4458598349255892,0
61813,10.81,-1.1241218588607733,-1.6950177929753076,0.14155926689579443,1.5169053533358814,-1.197157420692021,-0.45727515147832093,0
105432,18.72,0.8549039226364025,-0.3149604124547449,-1.4886726837818571,1.2648036182171838,-0.3262932244047908,-0.2978611921969897,0
12109,13.45,-0.6969414601380967,-0.14968094791531705,0.47781184626938444,-1.0643307126037362,-1.4972630890388055,0.04775330857156707,0
135683,18.9,-0.6248346184344824,0.08112458341850291,1.445635046658087,-0.09961994978047371,-1.0685880696434649,-2.5476066726620523,0
5939,6.9,1.4939281436421976,0.2898111955666193,0.3191964446421203,-0.6836923396092914,-1.3084746309253235,0.30092443700754573,0
25954,221.97,0.11375768348027737,0.2905803478745374,0.5515735388198252,-0.07831368342943493,0.048453495422748336,-0.4313581368719318,0
77603,64.5,-0.19399479256662508,-0.6763158635773625,-0.38269514108280356,0.3502610479670479,0.312419820099923,-1.293982154515715,0
70031,233.52,0.351662354974059,1.0674678510706859,-0.6326482514400192,-0.32170031193359855,-0.6251126178710411,-0.7380175884796651,0
34084,10.19,-0.4409021886108555,-1.5941763252676036,0.7438296345821243,0.8149850354042416,-1.1395406977396898,0.7529109537257803,0
14026,69.4,-0.3162965363648446,1.9696566849510955,-0.9100264465438659,0.620483523927288,0.8088922453701387,-0.018613354083096178,0
84526,16.92,-0.30093529297013316,-1.0691042911659632,1.2511489130189024,-0.21868061522051468,-0.11051417070792717,-0.2544427915317947,0
126446,55.16,0.12390681652107108,0.2774211112373432,-0.71438655970402,0.9046574819098411,1.7247000541665105,-1.517440364607229,0
21839,10.65,-1.2212973846052253,-0.06088597690670255,1.7648737104525094,0.892102040446999,-0.8878930134431609,0.9089117241666606,0
49708,30.59,-0.43042769880071585,-0.5076927701800915,-1.3776256560635605,0.7344816559779378,0.2329886674814239,-0.6935896806233268,0
55029,11.12,-1.314878664404412,0.8479287533552818,-0.27813433828981726,0.27448290762842115,1.0083694338346114,1.438439036386863,0
25537,65.58,0.19145071595735258,0.9133910908021826,-0.4686605094797979,-0.8135425727055355,1.8248891519232369,-0.5308739961123049,0
76213,46.46,1.4538402371218848,0.15709865064383013,0.38365502386678896,1.0054110154824312,1.1129553382106698,-0.44162954463066756,0
48874,12.6,-0.22652747238283805,0.8609101045414628,-0.6128579946744069,-0.051560318322649144,1.070350951071872,0.7787702830260547,0
56088,38.68,-0.7148072589914705,-0.9899153130235488,-0.9587037291435838,0.9719186938202443,0.59891600447091,0.11157405505227999,0
4748,116.66,-0.09600066173385824,0.038915828017330296,0.033649958535531356,0.09851222107969118,-0.7838842022602973,-0.16379382902566175,0
126439,36.02,-0.9744525476102961,-2.754521628398373,-1.3544896173623504,-0.7000202929355765,-0.8583875339011758,0.33488902581791796,0
147977,101.35,0.19366176451679923,1.0177959690359604,0.21635653459128767,-0.967940214272983,-0.8391465791708572,-1.4529813548115285,0
145556,34.82,-0.47553444673535483,1.7804527512924062,-0.18269977192188713,1.276694199339649,0.7794340720248285,-0.18893225393896665,0
35503,23.62,-1.0622403173432842,1.2194310829547725,0.11151422425388119,-0.31521018040569243,0.4192170130797689,0.6687641609342164,0
62491,38.3,-0.04003720752109928,0.011332378367734082,-1.074498389658808,1.0417101985426294,1.6387612469500321,-2.021161759965521,0
38714,22.59,1.2724283828165954,-0.8337472407191158,0.5198829317679478,0.8137867449220965,-0.5861362637630572,-0.42042625575299997,0
37823,9.83,-0.7084881015290911,-0.8492809619100916,0.9910470469274518,0.007031797849549579,-0.2071011056632473,0.5718029209336017,0
11349,53.67,0.3821171705925179,-1.3383306268204636,-0.46491307555602296,-0.6878351933422787,0.9365504295877474,-1.059668557457832,0
160196,127.26,-0.07878840008029991,1.0406424427996679,0.9435168181527083,0.9368991943041058,-0.8219127764178962,-1.1024372693184634,0
46850,108.43,0.3987128017903442,-1.0921199097223964,1.2460589249202312,1.4476799904711186,-0.5734215137672173,0.7980481544675636,0
124714,70.1,-0.10210305889143893,1.0835485233278697,0.1451486961703552,2.5874412287774575,-0.9968741191528923,-0.9166944943831813,0
38225,23.73,1.6147832542473273,0.36471177320848547,-0.948831871623343,-1.2950227259585751,0.2561320936591714,-0.01693858290554884,0
146902,38.17,-0.05510144973232095,-1.4749506797103382,-2.3038449694880216,0.10690692929125487,-0.6972345168506925,-1.2011823651709141,0
154786,3.71,0.9280156591516868,-1.8858646178642093,-1.8259010941126057,-0.2885164751955654,-2.504466609080049,-1.055111535008702,0
146971,11.52,-0.42447591759177994,-0.3093284927742968,-1.5117465380881643,-2.089233473843379,-0.7378331977174909,0.411109055030255,0
165140,24.41,0.13982135851821087,1.5861141314213119,0.4504119599294666,0.30028689158750516,0.31926752079566106,0.4104222749050681,0
53664,38.53,-0.614423524447842,0.3278187158159839,-0.9460277459896131,1.581515118731809,-1.2837172390377283,0.21686676129199955,0
160878,170.16,-1.173630392546798,-0.1855485345928537,0.029621141956916314,0.42593811094858863,0.38069653022978056,1.0870008867798273,0
47574,22.24,0.726870523744936,0.49941460793906933,-2.2537564153607175,-0.5727333547430408,1.5129853114126866,-0.5754938958563004,0
70316,6.13,0.2569974455858305,-1.2463402936208738,-0.33674303004789563,-1.6980761479195645,0.07613355383977831,0.16770632411545522,0
73506,58.63,-0.45822302925650094,-0.18769393142176521,0.7240942025060932,-0.7817404722245345,-1.340554294540665,0.35379650799198925,0
112360,33.99,0.10307822153084817,0.44570914013536694,0.27004961344519623,1.311926575331251,-1.2990890349254696,0.8088027597023184,0
168785,121.83,-0.23186850662578992,-1.5075851347639375,0.7950317937850347,0.4390338346953026,-0.5784162376782022,0.3120670490885751,0
160381,64.04,-0.20331828541750677,-0.7175586392000529,-0.07434951480792218,-0.9614891990614646,-0.213332916201082,0.7423329335252394,0
17413,100.15,0.5582321068783032,1.3057765782875206,-1.8788569137431494,-0.22040938321600484,-0.8791293679871233,0.7921911853127348,0
122232,39.82,1.645354952270745,-0.4172348352383145,0.2925984457408303,0.22175774643338916,-0.4946103468956681,-1.0812659295458893,0
125816,18.02,-1.0469217501069061,-1.2841982109111607,-0.7053283309426673,-1.5530369295124498,-0.927273418395512,-1.2297385121689113,0
141559,22.5,0.5951311859137686,0.5236847413791645,-0.2624968604607547,0.7836491298705383,-0.9841727817125441,1.0638133957038243,0
138808,184.18,1.198225393201287,-0.19368366004438056,-0.20290897858326112,-1.5475310254889354,0.8283374677817912,0.5012041823841213,0
69519,7.16,0.12079023250111028,-0.0971895438234364,-0.21752938383354903,0.04801781715807684,0.2903376352416373,0.1331760859936854,0
9686,37.47,1.117933822727152,-0.9803137459505973,1.4375467509326465,0.03998193423012464,-1.59105400062393,1.1219677374278254,0
155914,54.48,-0.07937614002031229,0.8520150349084945,-0.4482872642453222,-0.5107316820164134,0.30364180040609795,1.1866695768493973,0
127896,3.75,0.579076300875503,0.7810089546071515,0.09526406437671531,-0.434073821759407,0.1799085264201432,-0.9756893427052143,0
37772,55.74,0.8603325594167204,0.6682481239413528,-0.9330279708412645,-0.6762615106134099,1.8229226161542995,-0.7079316397276982,0
71569,105.99,-0.7176391376105407,-0.23259923843548608,0.4876176752337977,-0.31326143774403825,0.3262267357202956,1.9555260855097958,0
21172,21.54,0.33649978882090087,-0.5967724763676152,0.12798836367726404,0.6039309286803327,-0.657355341661313,1.5346556886871234,0
147595,75.67,-2.707565693672108,0.5451408795105409,-0.3101449950106793,0.3386012463207343,-1.2759665695146472,1.4657903738483646,0
45833,24.31,0.018999082259871004,0.23586506574957086,-0.47818669723369966,-0.6988930958298374,-1.4629148869780788,1.7230934464632142,0
141013,9.73,-0.3499700803512888,-0.4590044602229095,2.7427966043700196,0.7770392663683057,-1.2008465937956947,-0.7683929477727645,0
23711,182.02,-0.9807648436625377,0.196637741750245,0.8656341848196735,0.054975871562285256,-0.5285967149183771,0.8117678410332766,0
156683,32.79,-0.7783085530065034,0.5882367945150587,-1.113844377401017,0.4864990167320297,0.9648998690273849,-1.1054025249608839,0
31279,16.12,0.10142296423965788,0.10654467643437403,-1.507313581481862,-1.2326625434337566,0.09017849669256522,0.23585808107660516,0
20953,120.45,-0.03756350936619123,0.8623905759176876,0.04420617488045252,2.0523954921212058,-1.8665676828303954,-0.9181996526405863,0
105423,25.81,-1.0071949875269783,0.5567179766334188,-1.2006437323210952,-1.4585764078459824,1.172863523008714,0.1470895818380148,0
113711,4.27,0.02050172936766847,0.3460344109108019,-0.5680935515910258,0.3976168340531924,0.3339136813532421,-0.4930471858484473,0
102747,15.39,-1.0311060532942633,0.7168795348194515,0.058438694883587584,0.025755350923262824,-0.3692248831854975,-0.4616477458590575,0
59765,56.51,1.1983685693734596,-1.3358268451505217,2.013320946097442,-0.16409725111239673,-1.3292310545303723,0.5977153154262959,0
168798,51.5,-0.8097354673898115,0.20541327045775085,-0.7415926390940565,-2.168859845702551,-0.665384438996181,0.5414510939081782,0
98723,9.37,0.3915511752600938,-2.187380914976043,-0.6714975139474861,1.1095782415009494,-0.5669498832104164,-0.09470111788131681,0
126083,22.11,-1.4572992875838315,0.19627233844086328,0.7745633043824588,0.20540077260191011,-0.09904818587567783,-2.2193137129633054,0
169316,14.34,-0.07502700039680087,-0.5160265317217283,2.4504557341315008,-1.9251518126262714,-0.5226488881400086,1.0842592868027388,0
62823,45.23,-0.39115637225284255,-0.044919538154433135,2.706687940975501,1.1682325990194617,-0.8514718787533673,0.7236882270525697,0
155423,68.85,-1.0446665306312433,-0.23681784303685838,0.4683091756212118,-0.0407260787451847,-0.5030130525315085,-0.15872686885329557,0
87388,58.45,0.6255845936750005,-0.3152781874521438,-0.8363384996646277,1.7934649248771786,-0.8754185044450941,0.05137608568018117,0
111195,6.68,-1.153706323630364,-1.7357339369476272,1.2913307290649598,-1.5321824160814554,-1.0717347263670085,0.2654303760645662,0
96055,96.69,0.21671964212288297,0.3354213204803695,-0.2636990658730787,0.6509316224999498,-0.9415566811796708,0.7348451931294571,0
61681,108.23,-1.0658027113487583,-0.2877028881291165,-0.5455537804115271,-1.8513587079899194,-0.005792889235225176,0.12832608405840165,0
165396,17.04,-2.388531462477686,0.011168009506327682,-0.5992744782651446,-2.6285211403979574,-0.40814452268976165,-0.4195070824803589,0
67435,18.42,-1.4419103561118092,1.7379047618352501,-1.3205962897466004,1.039632329301116,-1.4408363787709808,0.5143164345328268,0
49115,10.26,1.5895230361038624,-0.05305199192510611,1.0541831646373074,-0.6098212167272987,0.8787723785828048,0.8808774710457029,0
10954,31.21,0.8259235830306532,2.0191992527112643,-0.9670858727995406,-0.6417010304225171,0.402345148424548,0.6288307169074809,0
106616,16.05,0.38416017796747753,-0.30638136416235745,-0.37840250591744795,-0.05394044293607976,-0.1637378672731814,-0.8577969791329284,0
12175,17.7,-1.7047757442280442,-0.2810231972760544,-0.35230487334917043,0.37561387714565736,-0.6192761692867904,0.9153183154243771,0
74182,268.59,1.143566044928613,-1.5843275778483972,1.3782298466701495,-0.04693432583560569,-0.7888815353355542,-0.8395608608844418,0
42533,17.82,0.9498890682492921,0.6675849604766076,-2.0675233201984087,0.6535966839459677,0.45150510871139354,-0.465032339520143,0
56886,41.44,0.9459295852703784,-0.9750988557869399,1.292408930468729,-1.03651263075859,-2.135294750079688,-0.7713840314141572,0
58596,129.36,-0.3072462256617315,1.3150480595242016,0.5205607958438698,0.6449549840273966,-1.3080189744641566,0.07909349686638796,0
146920,11.05,-1.451834745168435,0.45596839988058907,-1.0824410437804357,0.1767988850112951,0.32940078983846927,-1.1108867239627265,0
125501,15.26,-0.44494639089525284,-1.3294051033250818,-1.3983570744602225,0.29941193801748717,-1.8147617871278494,0.7969325646390534,0
138746,17.26,-0.05786615921434102,1.3427476033167658,-0.1277072071486352,1.4932415594721045,-0.7072114456978758,-1.1856179643680285,0
31707,27.98,-2.035902570104776,-1.1783461248068456,0.1403629067208431,0.7467422428108753,-2.542519032310562,-0.9857173794825126,0
58606,13.46,0.8687983383055493,-0.4278342157178725,0.3276392367214207,-2.496829991220924,-0.724001723003373,-0.20091866957092785,0
143938,38.05,3.377768241289362,-0.22085428012955155,0.4602389432279179,0.47584037684396674,-1.0523720224359485,-0.237543510969575,0
149859,77.67,-0.9864404990992466,-0.7225967814014777,-0.6217656875888323,0.9779082692731105,-0.12022243353477892,-0.008218900979220473,0
31551,4.26,0.7890752013999099,1.5279815736395113,-1.8622133264488476,0.617685612811298,-0.8294737988777039,-1.7841947720306777,0
83300,18.37,-0.4326595133965921,-0.7100250868151013,0.05262213001726112,-1.7259184481696488,-0.6174963756639779,0.3652402750183186,0
123489,60.19,-1.3268775593670228,0.5662707080586883,0.8638420936387817,-0.41420500115789877,1.8847395547871757,-0.36527538958389244,0
165838,15.6,1.1211881425699046,1.1289567351829475,-0.3837529809130093,-0.5578922599036563,0.8477612113436787,1.1118880849471793,0
70342,14.52,1.4137696482912587,0.21751349593878547,-0.23145221498765425,-0.37059643177535007,0.8121964425068829,-0.04124482936281515,0
33380,2.7,-0.49705248683568226,-1.1963398992102119,-1.2606441159886557,-1.2321580247480433,0.9537878470877154,0.04175148798945976,0
15523,113.38,-1.4910799236114736,-1.1710410396618163,0.016914217176603973,0.20490538869251923,2.064389151850951,1.48588754883218,0
165714,47.48,-0.782179453952634,-0.22139825818509487,0.5105926708043899,-0.04363346973801527,0.05996947931600299,-0.9233190536236641,0
23091,7.86,0.21747348301422456,0.12872868073964833,0.4730079549674051,-0.24677313147089774,0.14722501101269264,-1.5193420734923568,0
43303,70.18,-1.8132934720171585,-1.4058596858654655,-1.0380485814246605,0.4018846631275464,1.2581831082516959,-1.2680580991954225,0
146424,9.32,1.2114275036324305,0.3265959599163561,0.5680874206116735,0.19802280057807073,-0.9269881819745178,-0.8952232616519866,0
79414,185.5,-0.32107942945924683,-1.0109969600760071,1.8128902199409256,0.8435504091688937,0.6366699411613376,-1.5417509549171189,0
135530,69.48,-0.26284049946239324,1.669383459547647,-1.3644405588512607,1.2992244243462943,0.7187512431068305,1.1024406317817634,0
151054,8.23,0.5019002337006719,1.0286987158898995,-0.7203688548966539,-0.8161364900510906,-0.5536614486187944,-0.7486327239940261,0
155834,11.53,-0.7598021319877752,-0.3469734531051173,0.46313847997504015,0.5523771930093442,-1.6270717152454592,0.18721001848413446,0
55745,13.13,-2.799964302593586,0.5170003025139351,0.5388387035370963,-1.155645109293048,-0.5253600037300187,1.07482524701321,0
52375,16.67,-0.7957176635206115,-0.8483665364230907,0.6429931547333338,-0.3746623090721766,-1.315690890463473,0.7484910077952158,0
168280,8.17,-1.9111593252604877,-0.0742521074930824,0.25289279569030954,0.24877116004719282,0.8607424252369403,-0.4608112067171354,0
166981,9.08,0.5568747223681456,0.5209768734917716,-1.117197665740445,0.6967929604960715,-0.24568348139133167,-0.6399278523280171,0
51831,4.73,-1.3099875117317676,0.2563246529688533,-0.724221313830929,0.1807438949282192,-0.006961345836061187,0.3789275656833261,0
148510,103.13,-1.2704882455818216,-0.023870968309452716,0.6121619263953538,0.14165790312128204,0.02254526705804166,-0.6648058859799196,0
12289,294.45,-0.3043448710539514,0.04342340881641101,0.8930678269867728,-1.7196471400903521,-0.9745311014618905,0.49117305788254606,0
76125,50.87,-1.0575146702934315,0.02002733980403,0.047888782675214944,-0.5546441080460088,-0.900991897570923,0.044691782662283595,0
86346,191.18,0.16969315797128373,-0.7510233913905242,-1.5136541744623178,1.0158261447343475,0.41102105489233554,-0.748313978166258,0
24071,45.44,0.629360633428892,-2.370885373306438,0.508267321463349,-0.9733574194340967,0.39334651602644144,-0.8074367714419114,0
92787,5.74,2.9928105700606413,-0.8157877251685722,0.8166247432622288,0.7941159345735455,-0.3634019832294243,0.18356061991391084,0
131932,97.78,-0.3128364730515222,0.6495813316461732,-0.4304147086872844,0.39670569151391666,1.254656044926688,0.2271484375512827,0
123279,68.32,0.5052613431742017,-0.9101987062279108,-0.2561659062458337,-0.614981753410632,0.40986998927496626,1.2513648985189492,0
81532,30.35,-0.07627815173958268,0.14623527902236097,-0.47241214410834226,0.5445132224284427,-0.7378551296404019,0.7302265725826957,0
170604,55.67,0.12341913350096105,-0.6277549867574896,-0.21311375409278915,-0.8198441185598999,0.39349507350397567,-1.0294125947234665,0
73688,28.47,-0.6631645901261828,0.25668523089147866,2.0476519038968495,1.7614025499361152,0.005627205244409949,-0.21329152514805583,0
6823,7.65,-0.39222961134402384,0.2896698121381407,0.4572126362119861,0.4303095645066175,-0.37854285375546254,0.7667229234936916,0
9496,22.8,-0.4970306906659087,1.0833921435833522,-0.9830329867197537,1.4791278884554424,0.7118273685976673,0.2432841473963409,0
78958,32.74,-0.17281335189340633,-0.6119130526418207,0.2778428094718478,0.02586651028829931,-0.6695913936398925,-1.9996228847982345,0
112230,7.53,0.42076656251858635,1.5287788357103074,0.41222069356544727,1.541835744840774,-0.7247923193638015,0.19702964184208055,0
115374,169.88,0.19022322184489376,0.3312227598598763,-0.15994214829883396,0.4832904964290231,-0.1488775480668366,-0.2561706752715692,0
92447,6.11,-1.1097501278882742,-0.04244852901175601,0.15068422885191396,0.012943980145232497,-0.7461724066718001,-0.1319815253157142,0
43753,120.63,0.09546204135829657,-1.0108814965896014,-1.69842690923735,0.15368176317690393,-0.37918298556553387,-0.2625442100412391,0
20103,49.07,0.8967973320332352,-0.9604469539838816,0.5789130237728995,-0.3898430544175937,-2.6579632604532417,0.7246049784433547,0
67384,18.56,0.09637712311403587,-0.47945941095045846,0.15856669546860983,0.33884709644161004,0.20028644146179478,0.10813344228746591,0
133541,133.38,0.36075575466383486,-0.8179372904264822,0.7839731429926151,1.105089086835444,-0.7609867903106803,2.677060531207597,0
27624,33.8,-0.8263652852658686,0.6160257087476715,0.9085910951875514,0.5220455362447083,0.8050822384378519,-0.8135574541942521,0
95102,8.61,-0.3564271205250787,-2.2301302529146136,-0.9422611938939608,-0.6711491080756229,-0.5865312904342913,-0.8254095747162776,0
109373,24.54,1.9380948993931397,-0.08244595914915345,-0.7223336238502043,1.7280637986418301,-1.2258195725288397,0.9869151932831538,0
124358,22.29,-0.9915270411046322,0.41732930166043963,0.13584174810811248,-0.7517435646871881,-1.9986215252539388,-0.37198575909367,0
170515,8.2,2.305636837367189,-2.070273544513395,0.6288138283327617,-0.46728062016821964,-0.41521264313204453,0.6754013279510187,0
152679,5.26,0.012575769600314238,-0.39026753093161815,1.1939822731788443,0.5492170846651478,1.0444986441418134,-0.9371689825086071,0
128335,22.75,-0.5387848378473886,1.8575908766496656,-0.7922540927747564,-2.3193981398964385,0.7357930539797147,1.5609530256227653,0
135870,14.8,-0.5668133178023392,1.4571018262274051,0.1559185860511121,0.029671824977444982,-0.5221498621133875,0.4283986104600037,0
13428,71.89,1.3636072951996998,-0.15136290357574236,0.18056093819747002,-0.29932697329588437,2.073709431489805,-1.507955381145747,0
54400,3.31,-0.5751864496435164,-0.9908607540167149,0.17281227977128397,0.7954044732409332,0.22210536924228982,0.8622221644007858,0
123781,18.23,-0.1453494223138852,-2.9538234854006244,-0.3877609228162241,0.22417948485379244,-0.06854003632721566,-0.38600522258115055,0
124116,10.86,0.05202065043961975,-0.2024431741833357,-0.05087965164398104,0.7609345774136242,0.46737777684604814,0.7886845446289292,0
111317,27.04,-0.38281748098675,0.49891440096441453,-0.8419130408340553,0.22181114833096185,1.250661507786149,0.4694542398375617,0
28054,30.64,-0.5993027886237254,0.27892309716744346,1.6361813010570987,-2.678142385853146,-1.0495592663586093,1.4076661345536252,0
31778,31.15,-0.466227391717112,0.36614652596568237,1.188599180534435,0.19337875134129315,0.10543112294902098,-0.7241993756333547,0
143217,44.99,1.5206400960170445,0.15565829767174108,-1.0468579584583377,0.41882668570450926,1.4391165341989665,-0.3728966394065869,0
6640,8.52,0.701823040543344,-0.5881531253205687,-1.8575714451669172,-0.9205909444695907,0.2916222506631849,0.029617587334061623,0
151165,28.99,0.9937402628679574,0.3663274835410772,0.058460456834025704,0.517806586977143,1.1989094501567816,-0.4682741736274495,0
5898,20.0,-0.07170634628496836,1.2917478507326312,-0.3429648364467441,0.5222025446714093,0.681660125287843,-0.13600032419034233,0
3812,66.21,-0.30226939208252646,0.7060669498554304,-0.04917413002709046,0.2918613130146538,-0.05175323929271306,0.6151793284289413,0
118248,157.63,0.3566676072498469,-0.45731290655670426,-0.31916448321816865,-0.1767541819348135,0.7751285262709626,-0.3581949996430141,0
139883,15.65,0.2669757831275602,0.19305080295811483,0.18161521479442014,-0.5622991848948815,-0.05775249725132784,-0.2879945478850487,0
108125,46.15,1.9529445539995067,-0.9114274375379638,0.4995007969689037,1.4469099448204576,0.8177441610899081,1.151030141335539,0
31598,19.84,-1.873240111819152,0.0432040486855039,0.4221181149044621,0.9107009710246312,-1.1229436433360496,-0.19785642882595886,0
154893,26.68,-2.19750100526203,1.3303435074897187,-0.2644803487686226,-0.3454069518325343,-0.7422676907922764,-0.2291246270097348,0
167658,9.69,1.1422073928855578,-0.540763354977222,0.9687446211672515,0.45014976005973206,0.6116695080985893,1.1824416310929473,0
43619,23.9,-0.26257565931562216,0.8904080051868413,0.12900275801378372,0.21150426233818476,2.227139060535686,-0.9352563651254158,0
61842,8.46,0.43128381688629847,0.08164470901825371,-1.726836148020152,0.2676836945338513,-0.5251833566044607,0.41458406435809686,0
57009,35.84,1.1896426454852358,0.24048764946776105,0.21309057486897096,1.1507032746667285,0.1574108075529652,-0.10063463692310684,0
9847,18.03,0.3188083396282559,0.6141058052896843,-0.015113590085947844,-0.4413736136969297,-1.7757582898062534,-1.217238649889543,0
134869,137.07,-0.347524942518858,-0.27110969264679446,-0.4805434256067757,-0.07750118878771532,-1.3509910353888523,1.731692988653624,0
112727,7.25,-0.7329260381085351,-1.7420539417718304,-0.6715106053010765,0.0200032198274639,-1.4386370162357494,0.9533783388016771,0
151014,66.28,-0.2434064747951195,-1.332128954630901,-0.8937452821176533,0.40480136393978533,-1.0741189314575168,0.45854175384171414,0
20581,10.45,-0.30971081180657256,-0.22598154534406228,-0.6505419960415696,0.37885122923497444,-0.7950520898094712,-0.0240263262179077,0
124184,37.22,0.11835020112343628,-1.5436305218736848,-2.0160302195142723,0.050447442774460144,0.3898654545349406,-0.35724863006404317,0
145271,48.78,-0.09426907076490067,-0.17920265431914087,0.5341359422659844,0.018382032771019827,-1.1423820250394405,-1.2362427842497445,0
108464,14.06,0.08486545836110417,0.2879196212460003,-0.7922759541714712,0.5248137030093496,1.3266951829766158,-0.3499068662887256,0
143184,22.94,-0.24266646142712253,-0.519391322090543,-0.22252208025806164,0.7698539577714733,1.3170219744805909,-0.020466724909825356,0
1014,59.88,-1.0429282618087377,0.01290129556830568,0.9242969323081122,0.1534409530919999,1.0235755955682535,-1.807087037649139,0
121950,86.51,0.4595754883110654,0.1432130832061304,-0.054424300371305634,0.2016662474867759,-0.47535476332425175,-1.3952295488901634,0
31007,28.96,-0.2812035954027669,-0.9329484701730206,0.2976689153127944,1.0382984117696008,1.9929821198444915,-0.06451827133999226,0
4234,20.62,-0.07158569289387905,1.8744244469332438,-0.16913496067196493,0.04424177539385089,0.5261112100651981,0.4886001937453581,0
96487,48.45,-0.7412514712741418,0.06490354098755047,-0.9846024020718963,0.548312619366125,-0.09811363415847862,1.7965185663795022,1
147992,29.9,1.6857017540349715,0.41362637771433536,-1.6432690345702778,0.5641169264001977,-1.4925959941304103,0.5891519388074778,0
119619,10.01,-0.1271585968748843,-1.0471843552482283,0.2886096512984931,-1.3865950065571653,1.2567252018433608,-2.4528273546879737,0
139639,120.38,1.4929526227538277,-1.0105906031585947,-0.8003406320359496,-0.2623525541600184,-1.0397183576789604,0.7527106011060749,0
146721,14.56,0.6099513873319773,1.1185414093359494,-3.2129536105150227,-0.4905488454051715,-0.4931904370886025,-0.7350673774562619,0
159034,4.34,-0.49687612734152825,0.2828281601187029,1.3494731052616238,0.010943114783474185,-0.1346085694900931,0.9038425628127866,0
5949,51.21,1.3523625459261506,-0.8850286322627987,0.6751644009882938,-0.9869193832323313,-0.39747013971900746,0.49520955464020494,0
19675,23.58,-0.46039233265665513,-0.8562881236602804,-0.9218586799275783,-0.9122422519845744,0.9064525405197977,0.8849626664124879,0
45927,270.27,-0.9947717179316954,0.4121143007306019,0.9083110412118409,-0.13339518883726725,0.31229936420360715,-1.2159669950518106,0
100311,12.91,1.110753172414642,-0.9123255140663579,-0.3125670580213269,-0.11970573304069894,-1.0627117606434355,0.4047481429082984,0
10916,7.88,-0.11184710408631295,-0.6227305810037479,0.5130429233658149,0.07843450719759962,1.452043595199184,0.19385942153815938,0
59101,9.24,0.19495509241218734,0.8340554518493689,-0.5383494575109768,0.8261286338229519,0.5155868453535185,-2.5974345162187507,0
20862,106.33,0.11523986697201831,0.3982327846922724,-1.1586550973229164,0.53417885495355,-0.5266334417074939,0.3855760361110734,0
47333,10.45,-0.18722732150688023,-1.0816510962640609,-0.12277142568681056,-1.203657625911923,-0.339605503191841,2.2161865787128594,0
20922,63.1,0.8324005385905596,-0.9658716342550967,1.0752413069613191,0.9646312551920374,-0.08088372172354036,-0.5002552081837564,0
95259,22.89,-0.5442961463142919,0.2522130033628634,0.5141326999931192,-0.7912271766469846,0.6355772034557065,0.3606333477066806,0
163187,13.03,1.0049302940678833,-0.5472184402659728,-0.2140577706320174,0.1434175529526955,1.0849248358982795,0.017757957491121273,0
114014,48.58,1.9856764110148397,0.015784773360650053,-1.5222053049258542,-0.5570701936223185,0.12195702337604605,-0.26950380663946094,0
45740,55.6,-3.033989362145269,1.761501893492003,-1.1188465181313738,0.46870296724940946,-2.029348130065603,0.5064176961986897,0
143888,101.65,0.6440649229572226,1.547640773595271,0.9686237857058371,0.3921843100416817,-1.7325613427047113,0.05317794790313622,0
65155,28.2,0.04456961088927163,1.4588853886324693,0.14853101564150475,1.0317987545994007,0.4458979848066523,0.7727814664596581,0
107692,117.75,1.0994637713956532,0.48801348637600983,0.23457001993653365,0.9381093589705979,1.2419075306547247,0.3413083973938672,0
42668,67.31,-0.22257492722485295,-0.41987416228435775,0.7888642158521251,-1.195256799383643,-0.022347950564689918,2.0805453315952125,0
84700,280.22,-0.18770160587403686,-1.0308251267194486,-0.3353570705459931,0.5692578552242005,-0.21230454157659961,-1.7376200172511338,0
154324,15.79,1.2149441068549691,1.1420545923522467,1.3700263763762275,1.3462127661126204,-0.07403700626459676,-1.401419119615013,0
5741,21.32,1.088092463208589,1.0347991305262363,2.451712624997291,-1.4080813100245035,1.177718035390598,-1.6041191579208722,0
18070,168.76,0.33237683351960967,0.3624508686256106,0.4760108000656256,0.423553396035471,-1.471152761975045,-1.812357282672106,0
134066,25.27,-1.3708420448290057,0.7899077468538932,-0.5002158635937571,-1.0692089250694312,0.40588646541969775,0.5558251736336192,0
147661,17.53,0.5981721503347945,-2.147132099966032,0.5242025730471778,0.046348698637989585,0.45058298146422965,-1.50460181268344,0
49879,53.86,0.3820337057160107,1.1322873748389386,-1.4743828693181482,-0.1069827719544813,-0.04242403458324075,-1.2441401840672461,0
133629,13.83,1.0578010075419184,-0.1816451389062335,2.239965192231448,-1.3227829747262372,0.11412607435910055,0.5846506004057759,0
120029,16.68,-0.422495895432434,-0.6543418710551034,-0.7607338467770106,-0.15808462795791162,0.2276393992468176,1.731252309290564,0
153252,10.79,1.7872399646046684,0.3796100564144805,-0.4621159637998562,0.5390425910626099,0.2501889199803346,0.335824511969017,0
70316,110.22,0.16585902679867273,-1.0326426981220578,0.3375737334390134,0.4822293600551622,-0.09643822115936947,0.44132217772987986,0
47591,38.26,0.7851265854600545,0.562979181904856,0.00030496426228980426,-1.2554175643832894,-0.8750274215974253,-1.614522523521391,0
2869,37.88,0.781497239460632,-0.2413149037447287,-0.0809879094021674,0.33406936216138733,-0.18416551780497972,1.206735195739604,0
12763,13.25,-1.443200793785794,-0.9287363155327847,-1.1368711816344155,-0.1433795048399753,0.27234068013162743,-1.8000568117798457,0
6949,21.15,-0.3755089806394995,0.09004158386695832,-0.052611873356375655,0.8486609521722227,-1.176458157132154,-0.40738432306281896,0
103727,60.54,-0.4093405752186243,-0.5300895860048698,1.311602029723922,-0.8837232981868416,-0.6767910418308728,0.9626196204280031,0
63208,42.86,1.6414286277223145,0.017969915016470623,-1.0532063960426628,0.9598754612848892,0.0753672400402629,0.6732747217457513,0
93008,23.07,1.9126881343567956,1.4401101200691737,-0.09844531417674846,1.1954064989229398,0.5767924879259563,-0.3705617528676653,0
86365,167.99,0.6185563569779244,-1.1315053013521625,1.2171299211561122,0.8880528540452571,-0.07009454536562351,-0.4911101478193541,0
83524,71.44,-0.22847254380954055,0.0811438318496202,-1.67963549770663,-0.21620691778332585,-0.38775191452612895,-0.1863438621466802,0
75277,59.63,-0.5225209294096369,1.4470046175850602,-0.5851858525992847,0.49668561930448013,-0.3046510841258466,-1.1600373698625195,0
136312,10.13,0.2674753888980612,0.17001021898020968,-0.798185893896966,-0.5248291214389753,0.9103838498109822,-0.5346220952961119,0
102811,128.93,-0.5515157301029805,0.7429954109391514,0.12335479220716372,-1.137244528881294,0.4965738871826296,-0.03685390675098414,0
135542,174.82,-1.0296109710894006,-0.13879640094553602,-1.9385268369397537,-0.34494931521447475,-0.2704168934620731,-1.296049239606369,0
34148,4.64,0.8898569517854946,-0.6034378344886075,-0.42464332891591067,-1.4059526635856727,-0.9590446774119618,-0.05680177655794101,0
159450,17.17,-1.008013223170678,1.2683586114960674,1.3740565511599814,-1.1437847538029047,0.23552028920666174,-0.4807556850236828,0
27364,64.3,1.2979165056607622,-0.4088961749894955,1.3742909135733763,1.0381744766942347,1.2997973304279393,0.0328195129298009,0
152864,66.92,-1.7684154256380724,-1.4467571063284652,-0.21328841338594717,0.30925026955243373,0.4165918665041686,1.3213711056665753,0
130299,4.17,-0.9501525300518722,-0.0897255763277786,0.14020512617124528,-1.4194757186028033,1.1849413676210472,-0.4923058249734765,0
156921,70.56,-0.5632097340426203,-0.7106919924670108,1.9825130636978765,1.060828686985884,-1.5406671311912938,-2.9010706290439163,0
43088,41.5,-0.06433764737916652,0.03990669451976115,0.9412563966689189,-1.1429671986454508,-0.9591879620959133,-0.45847846098413136,0
117858,13.72,1.121689142387919,1.8551185730353463,-0.16252796467625671,0.8305051886334915,0.7281837130895294,-1.06986580766092,0
83986,42.5,1.1584719964733277,-0.6070771913756997,-0.14346973030439783,0.5355125448653145,-0.13926599637494513,-0.22957918057221743,0
27192,6.9,-0.7423280128765718,0.169597676394935,-0.008413665971365013,1.9351522682653173,-2.7105666215792708,0.6955004804472307,0
1708,62.95,-0.0963846363148971,-0.8302346336672846,0.19902111276273207,-0.20995356781042931,-0.1870925129292241,-0.7700563022042354,0
1252,12.24,2.0512469432694633,-0.4773448584438344,1.3867806572852113,-1.0728901157149175,0.8622857168015928,-0.9638881893174405,0
124123,31.38,-0.1877270235798839,2.3330355621114673,1.0264193771346004,0.3066926996134137,-0.20969915421321628,1.1073550441674833,0
127426,7.65,-0.40231002275272265,-0.08815486887039078,0.0008213367794600936,0.5965433865230575,-0.7817391430916868,-0.7629480726497019,0
8259,106.26,0.7932624959550306,0.4453967721142857,-0.19377632021569816,-1.4899361498525714,-0.7807668702460516,-1.2286553247596401,0
46163,46.43,1.050319552276355,-0.8652992751348513,0.4280587476511656,0.8705507172005115,1.06879555515764,-1.0133526164968634,0
160829,44.2,-0.7322995497370884,-2.196446261643099,-0.32447515749642497,-0.18175581078019307,1.6777885630885263,0.3358171199543676,0
111929,68.5,-0.9180118095891057,2.634226689033931,-0.5478737322324919,2.7270273787192885,0.12354914286555041,1.2737038340067497,1
64820,20.84,-0.5652587392104036,1.0129428846697812,2.1157708095629846,-2.147703239266853,1.518993087748583,-2.102285368910717,0
80388,15.55,0.16344774661747724,1.1285457775311865,1.1398566043617029,1.778077876751641,0.878372969688513,0.43766355677731045,0
37991,9.0,0.21655473837820582,-1.2269156762952407,-1.190709431945161,0.7670441288752773,0.8168448965985797,0.06522498166927751,0
105426,5.31,-0.4644017814099108,-0.9646575888950566,-1.770774422591056,1.7076867171533705,-0.6832852632175852,0.36810138544700505,0
42101,86.51,-1.3512904026984345,-1.999986560310291,-1.6686294265007857,-0.859386131070751,0.22121233378936508,-0.6554927127836386,0
96038,35.49,-0.9849461251170324,1.1221417339195243,0.9910594242225638,2.587830497760499,1.8442006889324398,-0.5886005110474349,0
25510,44.49,-0.3997705114430575,0.2676962543586619,-0.31316152288011356,-1.5693974211366089,1.1338473668809983,0.24438014486314683,0
112217,17.77,1.2959278615737506,-1.5697766847188763,0.10984309313381067,-0.7263553019229068,-0.5296113902524683,2.620345599983932,0
110384,12.52,-0.6893290680800719,-1.757423370402755,-0.06086837742020141,0.19499029209949587,2.011491112588921,-0.07557055790495845,0
169530,31.2,-0.5442744329245381,2.036042832840112,0.43535812704814747,0.4234624916014198,-0.6925663948070852,-0.5933141619367829,0
66803,67.67,0.9531762543293538,-1.3411300326557107,-0.22366927419791616,1.0109095653427445,0.2978971754604735,-1.175019136928643,0
32097,37.75,0.23604306382437004,-0.15619390009719572,0.44162506781421695,1.2346952791942618,-1.9506968944201075,0.3951717850367753,0
87959,61.35,-0.5572813096145535,0.8090542890877785,1.3723639452651701,-0.8367556911025861,-0.5013920459765787,-0.9277222687537345,0
26736,80.88,0.6823387820596591,0.8564598131487865,-0.49122441461711286,-0.2682299353397865,-0.5805046772180082,-0.13339262920384803,0
17087,74.99,-0.7426591657723782,-0.0942438435247516,0.08402176093309313,0.4266948423043742,0.8043143414202529,1.8576972728134695,0
88668,22.33,0.8049425736373473,-0.18292329841259092,0.5627098375725612,-0.10300787576864179,0.1302729690747601,-0.8914168626960192,0
34911,42.25,1.6641920547838993,-1.399343047785875,-0.47083037650378173,-1.0277739179138536,-0.9653244697473485,-1.9132721095935363,0
81557,24.51,0.9948686937879384,1.9046798820816377,-0.1732786482934271,0.6746715356076624,1.2581668124839103,-0.3818828668656508,0
58002,20.91,-0.571902849809924,2.483765992587508,0.19460759846102424,0.3984108241501123,-2.137448706399794,0.14394199312767722,0
121008,200.08,-0.8144028209931906,-1.3631030805815938,-0.710282037151078,-1.7607193132486463,0.2414524250402884,-0.05289232502541122,0
31822,14.26,-0.6462423241465945,0.9901247868928167,-0.3646420541171327,0.3511701427617313,-0.13937030827390118,-0.7077123732080544,0
97239,557.98,-0.9201522314576858,-1.9483785067321513,1.3627408269989625,0.5923173021274616,0.3762049997251888,0.23378496625334821,0
142180,14.79,-2.2243841086088687,-0.34072077153208186,-0.24809704963181028,0.08654764761797734,1.0995834452105484,0.24924988204345938,0
55568,17.61,0.009426360563773238,0.6135361291851883,-0.42474438987100777,-0.8727834278536748,0.5840901804351359,0.2134918316969355,0
30678,21.83,-0.08920329769166797,-1.9550861139181497,-0.514864662403782,-0.23384321513413248,-0.4547338869574728,-0.4730244651798012,0
132992,11.53,-0.21556794341894983,0.6565060831752271,-0.7277593014914427,-0.30556379464283706,0.10975760599336436,-0.6084086494201553,0
63972,76.19,-0.09762069577407609,1.4218930887043426,-0.5916473985157515,-0.8380070202415129,0.23938089074283816,-0.21657587675034085,0
91362,8.39,-0.790017096815208,1.4381955852087482,1.5122349106655983,-0.4777037159744287,0.14973273450804908,-1.3714191992442606,0
105532,23.67,-1.3089990935944473,1.7405941964699512,-1.6515850014670592,0.8767587467011652,0.016152610074260942,0.8905640232864989,1
66262,120.9,-1.8582914882251074,-1.474778541238395,-1.6510533950619155,0.41762151637174566,0.1780105259259068,-0.7952704709063896,0
74740,37.57,-1.7059590948907353,-1.007962234913638,0.1311121961784342,0.02340451074413049,-0.33447341843160483,-0.7445903849335743,0
33623,8.63,-0.18657325305536468,0.6739651517100497,-1.1103541609416774,1.2223934376505747,0.8822730430340756,-0.023632448000508566,0
47362,48.38,1.4152045267018234,0.6121568069555516,0.2385575315418043,-1.3822859041360303,0.17466955573157403,-0.8592192763599443,0
98989,63.81,0.5069157201363107,-0.7757859893125999,2.3388229415282447,-1.4443855144982707,-1.248688327662228,-0.2992522558833806,0
107237,22.52,0.7002098475187654,1.001326134799592,0.3465331468192452,0.7395312866837512,-1.9803287869523725,-0.008656047063539419,0
165070,22.39,1.557186632376758,2.014113723359744,0.01949402327685635,-1.9798213656006851,1.311571386827943,0.015003532142187833,0
96044,158.89,0.33516056653511783,-0.4818643154847231,0.508368676721951,3.2153741962128324,0.5773682982138633,1.2614610307762235,0
43395,5.58,-0.8539202975207183,0.6176206650846504,2.123320513281019,-1.8256350870169995,1.361711456225998,-0.09071432284511756,0
163121,4.4,0.29282884358668343,1.5112831241107423,-1.1032927428246264,0.19927221274844584,-0.17083802561648,-0.009068630142160621,0
127449,93.32,-0.48667632288159673,0.0233851251561811,-0.2504079935680075,-0.142488851726558,0.7591539739471846,0.46993708041215404,0
125991,71.08,0.44176064964947936,0.554967164998613,1.7032709260173449,0.03984930415032582,-0.11729637222989897,-0.5545346023296309,0
58160,17.28,-1.5732129395617072,0.26157748406540704,-0.3305531873668884,-1.193629089365043,-0.09117490907576876,0.8452454659371279,0
59711,112.96,0.6868274954528385,-1.2592955518800382,-0.32051772366596937,0.048155554219508956,-1.040948901171178,0.20992157221867755,0
75450,29.99,-1.4464982035406873,-0.11387660773574096,1.7839186066074848,-1.6270019227815473,-0.15233754654020037,-0.6218954749588583,0
98934,20.0,-1.6368018643107916,0.7479953986272,-0.23654657964093476,0.16940008059354883,-1.4843264358857589,-1.973972741411612,0
138186,50.48,-1.1123274696705807,-2.22834243994978,-1.199995580093643,0.528777158908762,0.8892981192934595,-0.07548235316110327,0
103746,67.09,0.08739142892012171,-2.0527824331705253,0.09171894974836545,0.3935720111545927,-0.9225463284480828,-1.1265941729605462,0
52874,81.33,0.028320263677764197,0.6709926520889239,-0.654220261327759,0.6734214070919132,-1.245068253983848,-0.40713955817638847,0
82750,54.9,0.9252818927168314,0.28244976405560046,0.7539120651921329,0.3195007664155189,-0.1978399342270118,-0.9066321640953793,0
169509,24.24,1.0570590113565772,-0.5220719044983598,0.6611380133380368,1.8981170158185048,-1.3958984607370188,0.888147843889421,0
112669,13.08,-1.2814149797780263,0.8543173391737832,-0.3919536681786087,-1.2393041812736587,-0.36711548496652324,-0.20976524563626445,0
145406,36.59,-0.9794157382151545,0.9112622830378235,0.5747469291255051,1.2924069009115537,-0.9783678756554336,0.29817570277746885,0
128267,32.65,-0.4592203979892406,0.48190163204033865,0.5548672402144881,-1.057016504055358,-0.2265642756779332,-2.7472321421142714,0
100235,65.5,2.052073311421935,-1.5050658569037048,1.3227428318797865,0.5116430634695749,0.9242146929146647,0.21469863117818005,0
165888,848.18,0.6443105001082005,0.9465513614234737,-0.2531485000429449,1.1754406449558652,-1.0064125030588773,1.0234263666161731,0
128876,21.87,-1.4844390681934263,-0.782541286326445,-0.22598320335224872,-0.20066314311180655,-1.086728551873672,0.46181120519539837,0
137162,10.26,-1.1646633485123947,-0.05169793937523165,-0.3690001892515323,0.8138405706506889,0.6071273038496771,-1.3720932431328694,0
41869,197.82,0.6491477210704204,0.9347177458284922,-0.1965690342166925,-0.4930524964703344,0.8430693010591931,-0.3144398780140151,0
141699,24.82,-0.42369071691067595,0.238566126142076,1.3597392550370186,0.547706193163144,1.34729690018783,0.3279625737248222,0
126209,9.69,0.5168252658244509,0.4408197989057157,-0.09561302341192035,-0.6062040770452595,-0.45482205166409206,0.8355389162540695,0
113776,10.24,0.5087633310493045,-0.889252162470918,-1.8777248639102067,-1.0143170467307878,0.4760824897782047,-0.07383294899811627,0
38405,100.11,0.2079200673839576,0.4165235447151714,1.042746632841343,-0.8228614157581384,0.687049346723827,-0.6639007459804149,0
92764,38.37,0.9363801346166222,-1.3510744584514975,-0.09912051915662319,0.9151563375047472,-0.17885782559576285,-1.417803360554182,0
56683,74.11,-0.9741674281722221,-0.4309438004852274,-0.0008231888639018695,1.534367014198286,0.8864591021364524,0.12862806981147606,0
8666,21.01,-0.08317177193461948,-0.7883092647749634,-1.1814412615773098,0.843184219245011,1.0237608101373041,-0.377163761191214,0
114914,7.37,2.1173241443709534,0.19144204734460896,-1.5886441685966566,-1.0939892059513625,-0.12121805072117849,1.401928253102732,0
7006,71.34,-0.367114170072311,1.7301167692088393,-0.32565968059360106,0.6585259624305833,-0.3505693925533944,1.0097147675438718,0
102870,33.4,0.019545844798181757,0.612411652915375,-0.5643604246840334,-1.2293532382141148,0.8230113569242725,0.2818324840548217,0
33776,170.22,1.044980495133194,-0.6370256098728607,-0.12288604197691305,-0.5452737255812189,0.216094866352704,-0.14636617649776656,0
54245,18.41,0.24489730171272925,1.4663118029178595,1.2905109976279934,0.9159955631528404,-0.04853252597824866,-1.3749656476773362,0
77794,32.46,-0.5019919601812046,-0.015949726976770034,-0.16283403955110465,-0.5941922705388568,0.46485198087037755,0.9083664271640899,0
152826,27.72,0.2075422948887419,-0.16392597675551596,0.6830625815082649,0.4363575934111188,0.5574710623736896,0.45530190347754224,0
98511,7.41,0.7735577062068134,0.5569478823405032,-0.49548368109930824,0.6959699432813283,0.6674954987133563,-0.6045377257106385,0
25464,44.17,0.3920445038685057,-0.8730525596772274,-0.18268976668132056,-0.010362242041000806,1.1765516333280692,-1.0691979935618996,0
166601,4.2,0.40921257860654675,0.0467201202649723,-0.48457654350506235,-0.12811209511746938,2.2084077700637312,-0.4556045025388133,0
114225,6.71,-1.3115439660370012,-0.6614878852815197,-0.3226077728016462,-1.3458804147600452,-2.197186941008039,-1.6615340699006595,0
11093,12.62,-1.9899462698211248,0.13175010974729173,-1.7772637986896467,-0.5812559499755355,-0.6100782440139709,-1.1657430528109622,0
56250,70.63,0.9669566453448166,1.436089346182016,0.8928405543192964,0.10780832831123513,-0.4324795732463792,-0.23317529784036273,0
5451,66.86,-1.6833821330428256,-0.1890579208523746,-0.612734175014757,2.4826777621743212,-0.2522898602867978,0.2111814224374303,0
131410,6.81,0.7497666284891851,-1.8255121089847097,-1.0595185846941766,0.1928900118850813,-1.2412116559419497,0.8882547981923957,0
126324,1.95,-0.7402322525487084,1.075103453808939,-1.8414947093364584,-0.02865566103526391,0.12710696497508725,-2.067266069058368,0
62021,9.54,-0.9126787606958671,0.34508618601508256,-0.5481628789401488,-2.012348509320861,-0.619073100430896,1.0603572933755796,0
45648,8.27,-1.1889411180533487,0.04132683187700316,1.2689650254316331,0.4517753858746905,0.9094232964068631,0.9265004853115019,0
149359,85.35,0.6325827996421973,0.3776395717866411,0.24176688988430992,0.6683933705907869,-1.355462330515652,-0.026756335988941612,0
96258,57.56,1.1469628682551696,1.358949951267116,2.348018508653876,-0.14688810390199103,0.2447850879665718,0.5027148723024969,0
118015,8.65,0.38818579565473343,1.2655229214185404,-0.4918794548144672,-0.7461360206959045,0.4254256392388936,-1.1409444878664698,0
91649,81.3,-1.4509129285940126,-0.3443459049337084,-0.025733794839247516,0.2549438414237493,0.750512419611869,-0.893406585093258,0
157584,31.23,0.2066776285391162,1.5153967492635925,0.22459063324999182,1.0048312570109361,-1.480457111519996,-1.1255817392259106,0
155,17.54,1.298693290993424,-1.2125219470836786,-0.8110052394638876,0.46461996034513564,-0.05252510169935318,2.131763959240565,0
50583,38.39,0.05461178291007045,-1.2117682074893643,-1.2696522661013012,1.8552641095763638,0.8059483887390206,0.9645415731366714,0
35440,49.98,-1.1858523292388699,1.5597419472839638,0.7356085703155483,1.2806555608822612,-0.23323847216851126,0.08602663459895767,0
30620,53.28,0.5161630229264693,0.03986420749158606,1.4357400609348814,-1.7732385782624127,-0.43469985946125794,1.4791162029869056,0
49811,40.18,-0.47935394265608433,0.27092134270744134,0.7694573108029035,1.9122004206089338,1.610028715740119,0.2000234056665911,0
152850,11.03,-0.28568654809226357,-0.6484148089588124,-0.592332204854028,-0.07108613278531384,1.1358742770149732,-0.3320397503700924,0
104488,58.7,0.8187659708488161,0.8185487164399984,-0.8899625565571414,-1.1872204097428893,-0.42633981766531753,0.5653541872859558,0
51374,8.14,0.5085353176271308,0.3646018037048318,1.0611627323738506,0.09742879619551134,0.09805548991963844,-0.10347790758550285,0
77129,18.54,0.5368074692249037,1.8224633429937909,-0.8781350730726438,0.05472642511002143,-0.26113733542062817,-1.6227253551788592,0
93557,20.06,1.5283315634862455,1.988884638754853,0.5227667423667182,-0.4155482714426437,-1.6368410927267576,-0.36086130101533487,0
89135,9.88,-1.2689825772544985,-0.16624207232083046,1.3969434562328211,-0.6108380022781855,1.4713657032531664,1.088183568933797,0
120076,32.6,-0.6125509023540618,-1.298741686610492,2.368393468235372,1.4009147761692962,0.12086216760273172,0.2662572073877487,0
52870,105.22,0.32868234949648295,0.2000940591283936,-0.0027083268483496454,0.762733046131995,1.7883383534627457,0.3900209560943685,0
34543,193.38,0.23287657887931656,0.776529125127066,0.5720311540045597,0.33994833416122927,-0.4182450872236742,1.639840176107866,1
150528,39.92,0.0833453509750919,-0.9653961591817005,-0.020787183890901204,-0.2899767799828719,0.2866572685671504,-0.8081745841977696,0
172075,35.8,2.2022432733729134,1.1301646922661168,-1.722554827880282,0.1868362375314767,-0.4984379811732735,0.451647941971666,0
156730,2.75,-0.4149162781203273,0.510098731207273,0.8460450088894076,2.0429448611350307,1.4727227413757202,0.828652592724934,0
165582,13.03,-2.336069605021263,-0.593729193685742,0.13172528806515155,1.4184850326034728,-0.4712030397799009,0.6637109605412289,0
61753,22.04,1.2306458041780113,0.6530079383099038,-1.32211794144374,-0.16615056029936615,-0.49951502376283974,-0.6642710100718509,0
82180,21.93,-0.9880028180029409,-0.8665705544254966,0.004529291051558021,2.2715744589045603,-0.5161448693582567,1.3271931036461422,0
19457,191.51,1.1644117405352703,2.3984492855880695,0.792961605445475,0.21236205380807743,-0.23606982961503353,0.13437028758210917,0
35954,39.03,0.383455014854216,1.520664172981186,-0.8840363742048806,-1.4400105363200304,-0.6558259447427762,0.32441347084853595,0
123099,61.26,0.9403696886232976,-0.818524805650065,-1.2692215303532202,0.6091596117483914,-0.22359014013222114,0.0033424528885718555,0
64435,66.73,1.2782809474594865,-0.3139521869158607,0.4342071778618859,-1.9309082005201545,1.0181314841847162,1.3216428012500598,0
164044,71.52,-1.2043298271789604,-0.2314180612049924,-0.22659111852722916,1.3899538176810096,-0.26209020036287395,-1.2238249378907575,0
33243,61.96,-3.0185567705677925,-0.015865918453513532,-0.08185774635966271,-0.23153942311748107,0.7403211861820447,0.5314059749810482,0
68008,25.19,0.4728150699278325,0.4515474912395065,3.6028321358108735,0.006547891718373756,0.17010647865734285,1.0288133240380664,0
2396,39.17,0.8092586281232986,-0.31841685371830375,-0.431765488993373,0.14583626624197032,-1.5546211237758736,0.21330815986899987,0
57134,31.77,0.3939905721750079,-0.8796063091639899,-0.02541136932159493,0.08582584001300768,-1.3153260850518884,-0.38130810080264066,0
44262,45.29,-0.7619412381350837,1.1522506518727484,-0.08191229572560826,-0.27133916522600965,1.4865441403370998,-0.3356767379037513,0
86269,14.62,0.0490947313056715,-0.6068253417863988,-0.8466048423882574,0.5478752369947015,-0.9370702843593306,0.3942743180785552,0
146377,64.39,-0.9846336870179554,0.035843294858049234,0.9291895615477108,0.5136012339746958,0.492924303024004,-0.16958915366915414,0
118696,107.58,-1.196515048150933,-0.5685393048890007,0.6063215333663162,1.1281367471219346,-0.9833516905833866,-0.47774217877761227,0
108944,58.79,0.6899402768960868,-0.18759700009161193,0.7348969425383328,0.8966135898251485,-0.6271061079587706,1.0711133698724304,0
106984,163.07,0.5553988606517399,-1.215543212051057,0.11233206838720484,0.5252009660156798,-0.5328453764695744,0.16880380992407706,0
161888,18.33,-0.37077059666050965,0.20400038107769147,2.5651540585996915,1.1992489984137564,-0.1605128520915885,-0.12504554572252996,0
103591,33.82,2.4398744669855015,-0.7722530708831956,0.4499088888312278,-1.3225379316172075,0.41810653819691085,-1.1172636989875397,0
51955,41.2,0.5698763759795229,0.6400560810329173,-0.9487015346631669,0.6065908615428617,-0.4059886015648107,0.5345478010892165,0
51151,32.86,0.690700889348637,-1.2463294777484246,0.16845076993249436,1.7858508911882716,-1.3416521204833574,-1.0298450372451993,0
141398,92.7,0.7032538280959473,-2.335953618801436,0.9587078449618279,-0.3277876896242152,2.5663655728087473,-1.076991226186515,0
151379,35.96,0.18609302087593527,-1.1971665926902302,0.6982655364920956,-0.11929030569573905,-0.5334852601458465,-0.7068547044893564,0
15641,25.07,-1.212740614874805,0.2140143897008368,-0.4294639895276082,-0.8611078780710153,-0.11947817607274841,-0.8046520281764187,0
25934,36.72,-0.49731714635766955,1.6828883889478314,1.1093715694592854,-0.8031922951270563,-1.334509072112128,-1.9258652750401701,0
36081,4.27,-1.8249777469611168,-1.4353688270468892,-0.2798390758429393,0.5865122189668235,0.6507151024415878,-0.018167632908799185,0
8946,22.2,0.33531725639730775,-0.14717164784843637,-0.5199418374222072,0.6200865894994544,-0.5460513800970288,0.662607186675204,0
166251,96.83,1.9292699966212825,-1.00920315243739,0.21503581213723,0.9680202747231439,0.45873644792146917,-1.4549544662522913,0
146664,70.45,-0.2802827130771807,-0.6729872191652566,0.7322676199282319,-0.668367624731245,-0.7266577972596497,-0.19783189111047741,0
113053,64.22,-0.7230731049121446,1.1130006991386807,-0.5793405695758157,0.025659849098721006,-0.961882966805388,-1.909119651113275,0
130798,22.13,1.0064110400265547,0.4182150782661971,0.5994410153062589,-0.5296301127017028,2.427067395554913,-0.2249913540911673,0
70390,75.44,0.5789098180691342,-0.24770719843449732,-1.0440859358238408,0.24333956526416234,-0.4579530002033566,-1.1355301102068804,0
74071,25.49,0.7489361138059267,-0.8725112766056362,-0.839098222571048,-1.1401611393658972,-1.6095380769790235,0.36565418686936824,0
87896,39.63,1.1026920460743783,-0.3548507313518155,-0.5698979194121059,-0.9276351508875105,-0.05965401030449736,0.6175408707065995,0
869,30.74,1.959683981955883,-0.4398532631004059,0.634252876471426,0.8971975522735459,-0.5899798682127707,0.7247470946164272,0
38660,96.6,-1.874892064047533,-1.4264639114237452,-0.6133756284731867,1.5500788239610925,-0.23033953910050364,-0.23884645668998278,0
166844,24.11,0.021222650834258405,1.1961502215261264,-0.007237313449535615,-1.5643303264490933,1.086056522693717,-1.3116213774267385,0
19610,46.62,0.5080877144207865,0.03946219930393072,-0.26721202369464575,-1.1331960129701018,-0.49466805790039187,0.17735365775491632,0
11205,25.58,-0.4828777192911349,0.2316699390187268,0.4673311296456491,-0.38336882422806395,-1.3737292724646786,-0.4893911124239613,0
72516,114.82,-0.14963594425179252,1.9553262161497902,-0.027983992670794922,1.4466861694873017,-0.06175892369635511,1.3818938751017622,0
90084,324.29,-0.07083684791609023,-0.5179672992165097,0.04868388490154364,0.7461740537000482,0.20262159585594974,0.9884623473533571,0
152638,48.49,0.24889396913325643,0.7639453637154662,-1.1970550048264106,0.7760028599347263,0.8671911257613155,1.5085055300123005,0
63870,31.42,-1.1084970907967833,-0.5095665028698317,1.2668036084433343,-1.0507231951943208,-0.05126961473433782,0.013271752391360402,0
52428,43.34,-0.9677523395470999,1.815677455080316,-1.2217363696925094,0.22637520284006693,-2.3924848315411182,-0.5122335084433345,0
127959,69.66,-1.3646763259005417,0.20792969196167435,-1.7302954798957517,-1.0224559007493514,0.4173783621434519,-0.12673822808398344,0
13350,93.35,0.36191427073052657,-0.20296834314788534,-0.9747351819124206,-1.0495464594818074,-1.4792152544449093,1.3936967508477665,0
16999,23.14,0.5333250306143476,1.4318890637745134,-1.7072411352053674,0.211458945051747,0.7299211969049114,1.8872134301648316,0
18047,11.72,0.9262574910843923,-1.6984505684002509,-1.1093075324979949,-0.49101613654919685,-0.11675895533471585,1.1653018662957284,0
130523,35.13,-0.3266137806612126,2.0699477390696788,0.9626072740766523,-1.2257917407817274,-0.18597834708330468,0.9818720840361634,0
1700,119.87,-0.5517378518322928,-0.5916458153424456,-0.5582775962080532,-1.014791688690731,-1.1861924157388257,-1.014430410967562,0
7564,53.91,0.7152365838912327,-0.054254602864147856,0.7275473737906202,-0.8537863800280407,1.2341167999418716,-0.5702563850236023,0
159292,21.61,1.2537347862197346,0.021605547591684655,1.9793336183838781,0.42644271626094254,-0.8732566768525382,1.7950589674972575,0
131456,84.19,-0.10381248440296688,-0.9617624207732018,-0.5910457207268417,-0.08524292913945923,-0.2786547303915934,-0.944823893643764,0
67494,47.48,0.6887127445547695,-0.4396161530170061,0.6389230223745517,0.26979907455798763,0.33523357337308185,0.4664242341649626,0
139347,35.09,-1.8360052833568312,1.3990974792634143,-0.9508453344590697,-0.15117767335236626,-0.5876859536890603,0.21901613815395193,0
23510,45.8,-0.21800563112112403,-0.5448700708235121,1.1004284422568642,0.6799398728347459,0.7764534331564866,1.0452579140309335,0
86475,423.69,-0.15627633670504304,-1.7001208688282619,0.569301667889382,-1.0271644596879284,0.8962785583732785,0.4979327656021008,0
22800,41.17,0.4963816465288452,0.3670467929299679,-0.32562128314999605,-0.43562157875265417,-0.24696476839222972,-0.5453779545349459,0
107059,51.57,-0.12243598974739747,0.4827127605561378,-1.460285906058812,0.06990665445882359,-0.49076982400303953,0.6991365945669791,0
77475,25.7,1.5246385964827562,2.099752547995989,0.016440928619381696,-0.36350024436550565,0.4953477451837054,-1.4435945815002516,0
84703,22.34,0.17969538110620695,-0.8308826638551301,-1.3635358637280326,-0.8531209690758187,-1.1151034521867482,0.9057220718679299,0
89132,53.8,-0.36671766857603316,-1.2561552745073867,-1.9608451414681916,-0.9131615563266586,0.31316308787932257,0.17458827752600908,0
50612,128.02,0.4091409227759939,0.35196107420805567,-1.6865300596903368,-0.5280806401033457,0.7112192726828654,1.44811766104496,0
128681,15.68,1.134768614866765,0.1331664893627056,-0.6932761239231569,0.1741762564046003,-1.6454760870359149,0.9630293861642395,0
168490,7.95,-0.8781217036054526,-0.563066199795102,1.2844943775351327,1.1010743868931026,0.15191578196714817,1.4446298347367703,0
85436,17.49,0.2483054757359842,0.061788270229648265,0.7191833809492872,-1.1101279409822966,0.533302173403151,-2.1794930022729853,0
203,11.43,0.5491266755583651,1.2330391334509456,-0.13661869147757238,1.0261424032359665,-0.7977006664410287,0.25077200972984653,0
35488,35.92,0.4547043964167744,-0.61959998010369,0.8601841202180764,-1.2340001207399278,0.7123109326704704,-0.3083461394938386,0
35292,258.22,0.13349941906137147,-0.6687782387811225,0.48052966252196005,-1.0764820498948993,0.7499947052911516,1.361074975736483,0
91007,180.5,-0.7504101277546562,-0.3908882671723887,0.9512773888765313,-0.8816651280823552,-0.4588055765275088,1.0761614273528792,0
104648,118.04,1.419064413357521,0.9574098452321899,1.744311252423273,-1.1092624779072835,1.5950362643755869,0.36641778969082495,0
137513,4.16,0.4508123363317998,-0.5012379575000783,-0.7068433463146004,1.8340004182804073,0.9969377208017967,-1.9004702789566612,0
28380,11.08,0.8369911546336737,-0.12331159906616056,-0.4030922897540097,-0.4125150493235687,-0.015355737515756635,1.5309407165975353,0
37487,9.99,0.5990841852948223,0.3473634035161247,0.849381577377611,-1.844216703867239,1.508473240120409,0.45918055483258596,0
34620,69.04,-0.9780230235225682,0.1361246340758442,-0.08096142473677351,-0.5726082756051067,-0.3195104271328753,-2.9543905990807193,0
13545,71.95,-0.7841638583598328,0.5090451447971439,1.3542109252450831,-1.684224797530156,-2.32141825861615,0.06255246215253596,0
106884,20.95,0.20713943677856853,0.6983991213294012,0.3539819326710066,-1.9808538474953072,-1.6127403690511788,-0.3897563896385157,0
169831,13.33,0.7681941281058479,0.44108266186040374,-0.14337026497196806,1.0965472662862232,-1.1019098449744804,-1.1385788851296799,0
155394,132.99,-0.22666220372399956,0.14171179031750872,-0.10060167515618698,-0.5184973366243467,-0.5622218265457437,-0.22901207261796944,0
92268,50.52,-2.2690772729524014,-0.006603910483364725,1.5875809128423666,-0.9298477130152097,-0.8499599239738012,0.05414116123232685,0
127556,12.26,1.8486630689665502,-0.2243068279436459,0.2748930089109721,-0.5500932918560765,-0.5991223927055405,0.773936342304273,0
155489,22.13,0.17048468069691408,-0.048495861548826256,-0.11941766989216007,-0.3449620674936655,-0.05101156810368099,0.12307636799957726,0
127815,106.82,-2.55254015202075,-0.148882796020883,1.0965937891821234,-0.844999909091625,1.171169662628841,0.3039496665758532,0
149092,21.9,-0.7586652015427723,1.0511217477579984,1.0581056179960362,0.5857585601622237,0.48103681309431556,0.04832674582102094,0
23411,99.09,-0.863189712166828,-0.7412553675094832,-0.8811530623462598,0.6134432666501503,0.7906807582779593,1.254503859840713,0
86188,7.54,0.1358559015662905,1.2322838295108312,0.4762650172565557,1.1068536244725686,-0.822871073139642,1.73818111507634,0
125341,22.53,-0.42657125283057357,-1.2806121453611083,-1.3443404721448917,1.2247245219097556,0.33283614315262783,-0.2646082963626374,0
49334,91.84,-1.6724045258123525,-0.15592609748290798,-0.6272574628615696,2.519332791243617,1.124582628448704,0.5955633817868445,0
85090,44.31,0.30297187358728317,-1.1442548162646202,0.902916551413958,1.1442047979041359,2.1578350720798922,-0.14243133679410933,0
164053,135.22,1.5579054323183568,0.5251446587882714,0.07374078620654491,-1.402000623428112,0.8117183992815746,-0.0057697164272695525,0
165682,35.59,-0.5972789358462477,0.7349359742543154,1.2576769778532042,1.113695678385025,1.4578588396606011,-0.4761293480034064,0
172330,113.17,0.29315722532296834,-0.3518737962865159,-2.0228761572290894,3.1323261508084617,0.44243691288071474,-0.40916388466479314,0
26649,34.5,-0.17870688456349573,-1.2222257195919537,1.5006608494600309,0.08122792409576554,1.167030175472735,0.2707075954457206,0
116216,105.54,-0.6292206728473624,1.1967632249804385,-0.6988661804419937,-0.5077894908066064,0.4310621293964528,1.2317627094192147,0
74910,22.1,0.36660624701380495,0.2553281717450444,-2.911549919320649,0.36668677385507503,-0.571904892245483,-0.22350775149705865,0
57993,23.43,1.5991232408367342,1.181221634220601,1.0605598780918188,0.14113489074529878,-0.032556094221418586,0.7419197397053606,0
39194,15.14,-0.4917666126562028,0.34678255459419616,-0.35432234024909864,-0.32905999994413937,-0.3865748763290467,1.5582729897346623,0
76559,21.19,0.22399496890104872,-1.959181608735977,0.6542973934742754,0.7003291706062024,-0.5632163855275838,-0.2761536977781553,0
55778,217.0,-1.661580989177992,0.5912895892934729,0.48878647378239914,0.11399358939169314,-0.5813900212799901,-0.05851409750547615,0
50939,67.73,0.4733366755549671,-0.016801315977740417,-0.3013318614033824,1.4365683517268375,0.6589847334742065,-1.4269882580578632,0
24300,110.01,-0.6973642279161708,1.0295669238227512,0.1325080968421812,0.5782785192762222,-0.20224524385042006,0.4554608412714052,0
90009,34.92,1.2359432022281034,1.1285940674785802,0.6846249963118912,0.9706041766183706,-0.6068457712934849,1.416311989693794,0
76872,4.13,1.482832866385907,-1.4635031033044061,-0.12523471471530392,-0.5870569384810068,-0.5003528928247095,0.11674829321912303,0
65428,7.55,-1.715093347182539,0.11656565681533587,-0.9172066963350255,-0.2799105731704815,0.5355799678560016,0.43475052987282753,0
154245,50.24,1.0033658927291456,-0.1889812445126243,1.263189123018033,-0.5147625279182043,-0.22897866919380577,-1.3334412827857005,0
17633,36.03,0.2736601192125019,0.03580260003584014,-2.8941850575715837,-1.127856246145756,-0.267067698147786,0.22024507853168648,0
110226,14.81,2.2096055760423776,-0.912804486601195,0.5683521485426429,0.4198746227917677,0.484597102508585,-0.024496014517257973,0
88835,220.94,-0.6903518661262891,-1.0301221052967755,-1.365054443070417,-1.1116273304811475,-1.147155377478833,0.4089254624218011,0
144745,33.77,-1.6819687839854107,-2.074959680895303,1.1087766603072329,-0.46005924222016575,-0.6593823354384302,0.2613514372550319,0
145298,52.93,0.9035206838035016,-0.009082794095686441,0.0584770684681394,0.04546652623319363,-0.2291478429729563,0.9264791208981332,0
167260,9.59,-0.8489046563704645,-1.997047436617975,-0.9377866663411604,-0.6101546392025484,0.6826527175642255,1.223707890358543,0
146922,68.85,0.372842248655825,-0.28002423292176953,1.0428654095596086,-0.3423808553386246,0.339725422190299,-1.2792974977895843,0
661,17.28,1.6764549619146627,-0.4182489152798312,-1.4738408968097159,-0.15221095100560478,0.34113222126110754,-1.4820395719865844,0
114816,16.62,-0.8320704677327967,0.08434103219821125,-0.17292658300140687,0.5842302068737311,-1.5360898326199077,-1.2076536059757257,0
153512,8.62,-0.18716554786386091,0.6685626163371267,-0.4577893528590192,0.7538996372736357,0.5531207796800928,0.6320990777021411,0
155130,34.62,1.9235134876034545,0.027177167672463982,-1.0503841073498064,-0.1938551562972839,0.951822053051617,-3.22116749784043,0
46843,6.24,-0.17387382031458634,-1.1668227695340663,-0.07232900130230689,-0.7090341115287021,2.211730350396213,0.987327129510452,0
85280,39.77,-0.8853264322180604,0.7939351209105097,-2.1023053913449403,0.3560404439880864,-0.9847531049585951,-0.9531843385632386,0
133168,41.29,-1.8537322412191233,-0.12735766812111177,-0.27424350847644696,0.7934296597024786,1.4552403021497493,0.13850384443209868,0
110448,27.17,-0.32390885321592183,-1.3803529354131852,-1.5730085426495004,1.359137683302019,1.051556183810413,0.11091107340960563,0
128046,33.64,-0.2686216239380641,-0.6085918055692785,-0.5615120214444915,0.5632918957711972,0.07389555010360419,0.17200582720152116,0
18354,11.7,-0.5237042828895252,-0.6825400461535457,-0.4240765933669789,0.221025231151047,0.6256913711088117,-0.6108239556042889,0
20538,16.88,-0.2805717065985525,-1.3578232070654421,1.4310197801252555,-0.23901221118687904,2.2757700482854415,-2.034639238011982,0
53747,36.49,1.065963719731826,0.8326657578803607,-1.0492147690071647,1.7400572691967342,0.3186630921757059,-0.9317567818050291,0
171918,45.06,1.9941237407344399,1.306280475728203,-1.4198575345849727,-1.1877781917985912,-0.03396062190125185,0.5481756440542481,0
150830,55.77,1.5200917409911012,-0.9911942176245544,-1.0172453692868415,-0.9883710624141014,0.050504890486286605,0.8329959184641228,0
64093,50.8,-0.21035760377691182,-0.11359692763474837,-0.17559613466295235,0.299641187443805,0.307815013556337,-0.36351831476005964,0
144133,311.05,-1.3854940596225414,0.7634583180953538,-1.927474393726622,2.1660838074332376,-0.144215677193701,3.1014202156145543,1
33893,31.82,-0.6713075913710861,-0.32016950822072576,-0.4574308375083948,0.7587138248319099,-0.3687675453051798,0.7424101387684635,0
160372,7.43,-0.8501977458146558,0.24310305832841442,-1.5068016448352908,-0.16177138463883597,0.9261708048199818,-1.6739959873620514,0
77988,87.3,0.18146106348063867,-1.4898030653651742,-0.499290590805561,-1.1335708210474553,-1.4718738428399167,-0.5179305623209891,0
152872,30.57,1.5789450927179753,-0.8878013803376538,0.11302071029882846,-0.019088750235941546,-0.8846113036358534,-1.1440952328397398,0
30355,46.35,-1.0685207540824389,1.366746736694397,-0.14842264715919978,0.20732583419364153,0.1355242975292022,-0.5001554754572896,0
121789,20.81,1.0323893981263967,0.012654464148654489,-1.2524111844855446,-1.3186559092178678,-1.033485467256076,-0.23070326968305513,0
172070,19.44,-0.031261414154246076,0.1381927477913204,1.8041190919644037,-0.8574763465429882,0.073302029353185,-1.5383355802373202,0
52495,24.05,-0.6336398659105773,1.8966040685739283,-1.3235943920134368,0.3543764471488165,0.4276436772762946,-2.6044599784501172,0
163165,77.05,0.42903956756754863,-0.0033576200399812245,-0.6688462928687765,-0.7118561543791159,0.45709879365478806,-0.4482859492940523,0
115005,19.09,-0.15195112347198586,-0.6237160349163927,0.5931709909980298,1.8289096324371783,-0.512730556401243,1.7151918109213173,0
119273,6.12,-0.4434294182350357,0.721921252408372,0.22665735964899383,0.19176563310249223,1.1610926999917404,0.32926932540814957,0
78002,55.63,-0.4225684190212185,-0.35975501660563197,0.6912624910088047,-0.31170421420774647,-1.2415162853732897,0.4601201871158502,0
5569,323.81,-0.6307252734634742,1.355611326742198,-0.49492115956613103,1.9323179971524045,-2.5927353220781555,1.3857740023691054,1
21826,102.28,-2.17554877698757,-0.31909603425102373,-0.5445281169346958,0.5664449867790268,1.448754116136872,-0.6622494893675276,0
41427,8.04,-0.8796436755512407,-0.8594381867953109,0.8710452931452174,-1.214064523072579,-0.9740935544852762,0.6753008298668369,0
148690,13.77,0.7833042370887136,0.5967937773308142,-0.6065820191190638,-0.7201880116760442,0.8057152847766823,-0.17524948640989166,0
160445,40.58,-2.521604801462043,-2.0152219054323766,0.3459436679800666,-1.0804177358283704,0.7989076727917958,-0.46728560120220713,0
105292,15.29,-0.15326055339930542,0.24478461960349976,0.8381468968971604,-1.6030394844354783,-0.0648797329702767,-0.0457446887596508,0
75886,118.85,-0.14817853349822913,0.7495550374451283,0.8420688603779013,1.7690620531528607,-0.6434884536488127,-1.8625886532292635,0
120575,17.17,-0.6537420298069675,-0.621159243445229,0.5944664815532273,1.3242777631296714,0.2854942032863437,-1.725509601035492,0
2719,184.76,-0.8034342741712571,-1.6139014554789917,-0.2821595359874645,-0.36848491357670143,0.7665080008396467,-0.6736466591106411,0
156410,86.95,-0.14584443297218957,0.7287415864657592,0.39638172250933723,0.551518008469582,-1.341530570826467,1.6609388186997895,0
59500,7.92,-1.9128513533478293,-0.20822270961275288,-1.6880218445968753,0.7064066086532242,-0.7850270002020256,0.6681892430111306,0
166667,60.94,-0.8591042740501407,0.8967077783687035,0.9680227066762607,0.6549150986875256,0.03312812167093255,-0.9796085967942189,0
163273,43.86,-1.1678653072917102,0.7996645153475748,-0.5737555504043761,-0.8408128015597823,-0.4105653221238096,-1.296931835501249,0
91911,13.13,1.6826475940132972,-0.727949867474313,-1.0869238165005535,0.5355541388113065,-0.38411012703916314,0.13700825820792759,0
38211,9.22,-0.552924016236234,0.6690752544963648,0.08186134108175565,-1.3949888985806513,1.1290829682869186,-0.9211856309507295,0
65215,46.02,0.5405895418122408,-0.05474639567621555,-0.11417026776048074,-1.2091229713961391,-0.07970112643933606,1.8140712001120263,0
61215,9.12,-1.8559332871884366,0.47334118338514336,0.4047475053155036,0.033703812257508486,-0.09839182710802215,1.4990454810416698,0
47055,93.7,-1.7821150819848288,1.71511821817878,-0.3267445899410919,0.2943330451365102,-0.67456655725155,0.4492209787288519,0
63344,19.76,0.9192610916812918,-0.5791861411469302,-1.3840889920124233,0.059465927375476235,0.3891846739243447,0.9336939018151047,0
168418,17.23,-0.7113199105465682,0.06301765889922856,0.7963100828535359,0.39145949793353263,-1.1286930007626592,0.8331599112859588,0
13669,21.15,-0.8343736122951215,0.527568116112033,-0.6645854879485937,0.019827153765367127,0.5122753415777298,1.388322204587887,0
167280,3.61,1.1288474875493895,-0.5693611920908682,0.34527050961228883,1.701325106456654,-0.6786389926675862,-0.9257317238634896,0
132596,21.99,-0.1296730520286007,0.809846061119427,0.6001164552445062,0.5202348958254609,0.27911842475073945,-1.3558930257612087,0
79239,211.77,1.6833145759275296,0.9026781426992484,0.005785114826653559,1.2107577396175906,-0.9368930284616538,-0.26081585553093184,0
127881,16.47,-0.7418431610084755,0.008537615179168945,-0.5291126672745058,1.931507734726779,1.0446044599494295,-0.16532771932957394,0
87893,28.59,0.6280786969002486,-1.7562302344795768,0.300416099551269,0.11267934624906932,0.04170100492912409,1.4759646948424598,0
79239,9.48,-1.9425705714374064,-1.5648544249554606,1.7839141981831486,0.24040561191611917,-1.5903009014295166,0.25477334897189235,0
61929,358.42,-0.0006084823222894505,0.3763259576465752,0.6734588757272225,0.49558614250970723,0.7542352785642843,0.25177902183883716,0
137326,28.49,-0.7346710936768595,2.307688227735451,-0.23781388214842067,-0.21432806614491376,-0.17220774315528867,-0.1307051188032152,0
116748,9.22,0.5598284488280599,0.5687696953394487,0.20935433018761473,0.10895371727080708,1.4684934043621283,1.1755239713559191,0
131374,107.97,0.5163966677865788,0.22964305556779677,-2.1530094386441214,1.8082240091491482,-0.6872281378082329,-0.5212973950643286,0
136602,12.86,-0.5434204297765169,-0.9680129645892809,0.47849973179588984,1.2633640849509191,0.9160944020171458,0.10262962936767005,0
81486,31.25,1.7123046874375993,-1.3007350703873357,0.7603193157594238,-1.0400345278722052,0.1460558482978913,1.3632901651657772,0
109079,22.98,-0.2673170231678089,-0.7838417390846841,0.8813614866061223,-0.8192475127286687,-0.16633302823215815,-0.6359894778305586,0
48847,49.36,0.8435502912221203,-0.9820924068002156,-0.5439397669715936,1.7794485922701138,-1.1782188256696058,0.30511363314765494,0
166183,102.3,-0.9972649579684154,0.5858129835546556,1.126457757129158,-0.6617404082330068,1.0000765575452306,-0.9755719198590362,0
99165,5.09,1.1974885400381745,0.19392147688393416,-1.7000721649783064,-1.582958077214753,-0.04800273167768038,-2.5835193568450343,0
36320,14.38,-0.7726368896531003,0.21359657456431608,0.1395631528213373,-1.4138312917103495,0.7909746721224697,-1.1426988863036047,0
8597,44.4,-0.7962901889920904,-2.756462797090711,-1.3687545355960296,1.1143557781904612,1.1594979535736338,1.404302289827988,0
156590,14.72,-0.24707943680771946,-0.6695523263758105,1.5931062215029255,-0.48068040997651684,0.9202154051909595,0.0012791803695095816,0
19337,338.56,0.9067842666754293,0.3995468410157058,0.9314695195539889,0.34466230464398234,-0.35320789551945164,0.1882813886599442,0
115668,58.8,0.7124817644338045,2.3845978003314694,-0.9547098336929226,0.5273547467523633,0.6051996003018213,-1.3928127863304445,0
108777,29.12,-1.4873744464039769,1.9440176500004416,1.1392418183632884,0.12180132231336971,-2.912160024645764,1.3271785081222118,0
71386,17.5,-2.0343558678843627,0.3220204796552139,0.44110448436702115,-0.41480762717087216,-0.09627645979926186,-0.06472058724389121,0
105113,12.58,1.4201849387819487,-0.1487295878173936,-0.9833767229486798,0.5017163242341968,-0.15005440722114216,2.535385011682016,0
16715,23.74,-0.033068001361767865,1.2812696454013426,-0.03430835657245901,0.576094728144831,1.743439820030832,-0.49274258966568213,0
93635,56.3,-0.24272858931102861,-0.2697406066116577,0.28114325269156065,-0.3076579412009145,-0.23681187478932472,-0.5723492376497428,0
164796,52.51,1.3534515614761184,0.9456890374971552,0.31643568342645223,-1.0788509613285897,0.580091726498003,-0.2991022505097704,0
48555,45.49,0.10527862390967795,0.52423017995203,0.13935120789892844,-0.03861713354871464,1.6683111195645148,0.05934679468340926,0
81132,110.59,0.7047894424389869,0.9626135747116324,-0.9783929401273533,-1.5904145367608216,-1.2577036658592413,0.11273975115933205,0
23478,89.66,0.8290984400183357,-1.4670339514387187,0.33615317011402485,0.8288751482565307,-0.3476047821477652,0.01416515938242159,0
137710,10.45,2.322609225262766,0.7929053718372018,0.2523299733716759,-0.39858366430086173,-0.22833878669334084,1.2315643660168978,0
7287,18.58,1.1951774115114164,1.5271323841551305,0.040798218223812355,0.1606218250814536,-0.6875224224957607,1.0106008528835686,0
140836,29.56,-0.5154692730838591,1.3919915761813313,1.364869373855072,0.2061867036845048,-0.7180529119443911,-0.2322488655976625,0
8512,294.15,-0.9384671057410849,1.780638599477708,-0.6799666949320253,0.33555585463959803,0.2898399570570885,-0.4665229262332153,0
102239,18.43,-0.4469775528060408,0.7065207734206274,-0.30126468457423644,-0.3872540540989525,-0.044519447930577986,0.6071282753567034,0
72982,28.49,0.11666175116950343,-0.4956487528793405,-0.8169012518275693,0.268461899866732,0.9508609577657172,-1.9248552199653335,0
78279,360.67,1.007117823412373,-2.019926173942275,-0.7295610781475912,0.6351310389802319,-1.7548290597350802,-0.36864745830265205,0
5569,5.63,1.4338328386598447,-0.16291219337623528,-1.0783641637948653,-0.7585232609792003,-1.2480759525898173,-1.1922005533657254,0
30676,19.01,-1.7551020312711616,-1.0174910628880784,0.23837740484116443,-1.601236321616965,2.017370472395671,-0.2276012297894855,0
118581,9.87,0.4203098174852043,0.9328287040921978,1.0688892755441985,-0.07777963100956568,-1.0140248941583359,1.0896024673459852,0
44064,2.75,2.2106897260157643,0.9167064725890186,0.004438522609814357,0.9077255197086991,0.2929652938630931,-1.5921323341379825,0
134055,15.91,1.9065637420579795,1.0062907984588205,-0.7066785630029315,2.0909531168057587,-0.5495644350995932,-0.5660528037715005,1
156685,12.42,0.16769153485956126,0.13982527132605319,0.32962553117474036,-0.7516627543050256,1.426132819595001,0.048895850696547866,0
3631,23.4,-0.5277014119206057,-0.36070450044957353,1.9080108509791196,0.5056925012974529,0.9885557325118116,-0.7685214602785865,0
100158,18.1,0.07128726054946169,-0.44672686572282877,-0.6391392177850403,-0.9666901089250267,0.5090683899290029,-0.6363507273948811,0
49104,338.55,0.17567371249177932,0.014655909870126726,-0.6123998596057125,0.3789793623634307,-1.794691658915877,-0.15883598037252938,0
111668,74.39,-0.691054377393896,-0.32158768442570723,0.1495882855706858,0.5615768839160554,0.6109833490487265,-1.1339356171360842,0
14489,9.98,0.4131474759526224,0.2820005425545109,0.8033160427378291,-0.36888104296604934,0.4854617229245677,0.8494906050461858,0
79767,26.06,-0.3574150481706999,0.8246686246914298,-0.41451621746765044,-1.1655293895763117,-1.0006901163414852,3.335268189808144,0
108036,10.17,-0.9656679138472309,-0.7601923217408988,0.45858677994858266,0.4514238187962298,1.0657511289970436,-1.582735902482666,0
97359,8.71,-0.1482228888431208,0.9987265700830984,-0.6998149436579741,0.6678539132878224,-0.19518395109929465,-0.20691816824627107,0
39711,34.07,0.10163005353342468,0.618289303310708,-0.047597245118507034,1.164733042113315,0.6588277771404029,-0.41926128066524043,0
85376,25.39,0.6418790614777692,-0.803409459792437,-0.9769318210905635,0.33659203890206146,-1.0313628176412637,0.7348302461490009,0
111562,42.5,-0.30173305395863576,0.4394858279957648,1.1452166865716589,-0.7259519002992479,1.7171191539945574,-1.1073076373988764,0
160703,45.82,-0.46262927659289066,-0.7161945136133265,-0.8901945732223427,-1.3584292451072284,-1.9198704101423343,0.311303605987119,0
75897,10.08,-1.2774366038453426,-2.3831121810859233,-0.3707442202941741,-0.620175623514756,0.4727684683865754,0.059572478429726725,0
56958,162.48,0.3160678697299512,-0.581443086342757,1.7582721578752782,-0.6581277255566853,0.05174334820897214,0.42686864996065715,0
139227,34.21,0.6223791184731187,-0.8291589224854,0.35484015557029747,-2.1136434143849523,1.1691180434137616,-0.8500196911431195,0
18017,79.22,-0.034564239843803336,-0.8519712450499742,-0.3191180896979034,1.139186313350772,-1.2230575838913904,1.346013822926349,0
80811,54.89,0.37120676347005876,-0.20388346897985454,1.7832298917445188,-0.31766941379465224,-1.5899306717542343,-0.05043398467809789,0
73698,46.88,-0.6590238266596705,0.14805741389081464,0.12255515695077152,0.6505364889776019,-0.599774369181513,0.34954698616459456,0
52265,27.29,0.9392028516620472,-1.3843781442136902,-2.673003643884066,0.4662712597732377,-0.5093741983254958,0.7283555133270138,0
34594,35.25,-0.6886944334452347,-0.07618566995191904,-1.529407723231631,0.2972916277054057,-0.45365405676930665,-1.196599388711698,0
70202,4.93,0.20139455871528109,0.7582823861179211,-0.3088646305731551,1.310144387633882,-0.6836682039434183,1.9093031537309764,0
20389,8.85,0.3067899624614518,0.13035720265710996,1.9536567479767233,-1.7004944386263916,0.015131077348556518,1.488499910290449,0
116895,42.68,1.2160065389114765,1.4554982920789432,-0.05464694476447034,1.74127205621912,1.796405855159646,-0.5950674874515303,0
166703,67.45,-1.998344967144626,1.2371509754787164,1.3773665787811513,-0.28748416990487213,1.4446039833597262,-0.8495603536747404,0
14924,33.89,-0.13560123990088283,0.3091381873347979,0.15278236710023552,2.0495073181835366,1.1354848448198194,0.4099582396142124,0
134327,64.54,-0.3912998898983776,0.42825439751686323,1.3943390520546883,1.0630474839828306,-0.40826510999561705,0.06747288943996312,0
13682,13.58,1.8142528277002747,-0.6205408754456606,-0.6095744397731283,1.3565788685922786,0.594489129883649,-0.9625871605172955,0
77240,14.74,-0.8043615017626171,-1.041005218283787,0.8910786773973972,0.6523733807597761,0.6219137002084548,1.015298601822176,0
141407,11.83,0.1367465026484631,1.1892834534396428,-1.7961646591685814,-1.1188770141097768,-0.08798606741139482,0.7041972061427514,0
88147,177.05,-2.2507573933509266,2.387746978330651,-1.0115365160878211,2.5677696618412873,0.12052363698056967,0.9502057450889395,1
142159,58.19,-0.4333505550845262,1.1924774025075715,1.3187796851467892,-0.40685307226322603,1.00295181583541,0.580701836897825,0
94476,14.84,-0.11717200497437547,0.1676813334492398,1.1754540123391348,-1.263075650525921,0.3491583837872805,2.306313314976487,0
164529,23.97,-0.29003040146619263,-0.26552286143334874,-0.41279384435229194,0.8182867587615089,-1.010878142281039,1.119761878554883,0
10692,32.98,0.5022347203519739,0.12477857967741192,0.5551717689786619,-1.2984998504533216,-0.7215147780859675,1.4086154010445082,0
5486,79.79,-0.6838489004995763,-0.6438720111083527,-0.5900566735280575,-0.6411124275444524,-0.42401293125215883,-0.4356484991321843,0
29437,5.91,0.1902109593428422,0.06310712149202398,-0.2402568398344221,0.24146979713515487,0.1180523244147983,0.7006581545926325,0
154626,24.39,-1.3945284378654765,0.07985683576930377,0.7858464131561501,1.619313979630682,0.6452448203221168,0.5970756919475536,0
106081,75.96,-1.5594357791262254,0.028565762777586125,0.3079615520802954,2.9427526460054367,-0.046862811862824864,-0.28399994328688083,0
6960,4.21,0.03277363755578143,-0.9346089125902313,-0.5916436402635217,-0.6241202228669391,-0.20996890625816428,-0.030572784342494407,0
85896,9.75,1.1850069835830157,0.31015382610150705,1.0122459076529051,-0.14353843726200877,-0.6810096727739703,0.38101167624550664,0
143996,49.14,-0.2451724218513857,0.9076118110467684,-0.15823013651088605,-0.029943447057749532,-1.013264308591272,1.7043245157606308,0
153619,10.73,2.448586988174057,-0.1326817797198955,1.9024298804711979,0.9394694872838987,0.2364954976482552,-0.3693648727307723,0
120585,20.58,0.6054045047627467,-0.5844934327943987,1.1151302518328152,-1.0658741004848424,2.323069327220917,-0.13272375947454765,0
61169,107.4,-1.671972471792552,-1.3815490588794384,-0.327368690943752,-2.815810494477294,-1.040610679884507,0.236156406987923,0
167670,14.62,-1.3387237061355735,-0.5142689715706409,-1.5608777064808073,1.056024745140268,2.4056796744394484,1.1224812759745062,0
147796,78.46,-0.11382477230747688,0.474603923034761,1.389775295320786,-1.1689245018219347,0.8298336916434127,-2.1925688594329387,0
66358,19.34,-0.9242684025950716,1.7097632516645733,0.3470662722002771,-0.8129946594099369,1.449339756460838,-1.0581297179272997,0
26385,61.97,0.6769940973750542,-1.1550084973999026,0.38986515806571725,0.24041121366865606,0.3910158348435843,-0.8699918113988403,0
46154,38.0,-0.34201734580477505,0.9084451656457725,1.118169414895207,-1.53537627357569,0.20449204185500447,2.4186527483478866,0
150043,13.65,-0.3746228193260549,0.14674747220522566,1.3824186300071535,-0.6680439078485115,1.4166748407239182,0.38016204116175073,0
132161,16.48,-0.7946591841458039,0.08922828687474911,0.894657451692005,0.6744991984345704,0.456697562490096,0.9788266599955283,0
132028,4.26,-0.115188328776479,-1.7383975785217862,0.670167262130463,0.17732836314114375,1.3817197241311379,0.8616750444926806,0
84995,176.42,-0.44352159983711503,-0.6666451929579779,1.0254065707512867,-0.19911623844902007,0.3939368139952677,2.5046681450834716,0
143521,27.89,-1.1096093679030308,-0.7391365592307034,-0.14996202289627097,-0.7882374651705827,-0.6108877920708671,-0.21068491871541328,0
59766,118.44,-0.25460798601388357,1.1418309277362335,1.5788561203734834,0.99277930009227,-1.036248654818225,0.23540025052057978,0
155159,11.9,1.3698682233619108,-1.4431152891778112,-0.6758783643523114,0.5948410212322582,2.1387301072682567,-0.33957717323157377,0
74842,74.33,0.9361535941282105,0.06875005676357226,1.0949695696960795,0.022448919705427506,0.9565799310177128,1.2140393646559657,0
92122,12.13,0.6095098962124401,0.41566337253860625,-1.5062148709065084,1.8880602412458254,1.2748335572840124,0.4350034496746448,0
33591,21.86,-0.7687664100385205,-1.3550860657750061,0.05465612091269875,1.2168597091290014,0.39604596440221623,0.5492414784287455,0
44363,22.98,-1.7890123905014412,1.685064345333184,-0.5230839966946594,-1.0645334203617114,1.0905681467828723,-1.064219700672856,0
90880,13.33,0.8747396215802571,-1.4216690480590324,-0.22333436943410231,-0.10533812279152627,-0.22915313590075417,0.09752720449497873,0
23419,5.86,0.2811920179102754,0.4379522629797555,2.8220002498383985,-1.982626328199508,1.2528109453836513,-0.6596821959750356,0
65942,15.98,-0.33149938829951425,-0.7654812204420857,0.8686540584366282,-0.8197088012267528,-1.0756676095682847,-1.1338517369605237,0
128202,71.62,-1.047774946139099,1.0687049801346178,0.622664215918158,-0.06685285755151667,-1.1228059331585614,1.1693271266407097,0
167093,66.42,0.18700772147472028,0.9365066060570079,0.9072736847917083,0.12129770922223503,-1.203596215393132,-0.04720352075153966,0
96468,59.11,1.5083107487475504,0.4330463786039467,0.877909797753002,-0.8947229994386405,0.05521235360038612,0.10514698402456396,0
28699,7.98,0.9435977762729458,1.02719478824286,-0.4983229729424129,0.8480871588009244,-0.0010638854749819638,0.11407416709394286,0
12857,166.72,-0.2927579187724547,1.8453996812503788,0.34822110414416885,-0.8528881258303576,-1.3363564310295297,1.1069406333011844,0
20611,6.12,1.6010743061643926,-1.2914555644869643,1.3162472971612738,1.8511540620191151,-1.397092726394032,-1.7742841922242647,0
22190,66.61,-1.3657959280509446,-0.5167675675462897,-0.2634994729260388,-6.124562755371822e-05,0.24107999919922046,1.9327958553329974,0
6941,20.94,-1.138072402186868,0.40207861731286476,-2.420430485035013,0.8521964028763405,-1.3396793546942147,3.2910224673179798,1
127810,5.22,-0.3346038545302957,-0.10833388324458919,1.7216926121351421,-1.5834894011131166,0.3484962524285009,0.815978130127899,0
151599,46.21,0.8671568891001863,-1.031997891365239,0.8138412692605569,0.7825951266852254,0.07638298968727418,0.7741413163443898,0
85457,8.11,-0.22572263161213502,1.094934055641929,0.3209357543208677,0.162961670856347,-1.0123799738276023,-0.055673868874349455,0
144475,49.43,1.6264307346088593,-0.1891803351589201,-0.5245367390000981,-1.8985264102225723,-0.9567460765772849,-1.247274884629391,0
153686,81.04,2.572752389244474,-0.4076605785659349,-1.7547584182762586,-1.5675503716910393,-1.009296793005887,-1.1063432565651852,0
105864,23.55,-0.556717897857163,0.4660667482786038,-0.2889772582661584,-1.3767888249571572,-0.024367842495843037,-0.7490791985096188,0
141550,22.2,0.38082641834525377,0.2876820436757222,-0.7322824104302025,0.5667863905882048,-1.49459500177305,0.32917467307223547,0
126060,37.56,-0.08145598777787942,0.20104766428169443,-1.6227065707438688,-0.8929905170802298,0.8297738511443541,-0.8412779625566462,0
152185,95.27,2.3683345424004374,0.6101335450879344,-2.002142724832433,0.8693291040462117,-0.47754671392953596,-1.4440701747938907,0
107524,20.38,0.7854825898295763,-0.30083528695503226,0.9525147585958975,-0.4775298529987034,0.2696394875383339,-0.5602958900485238,0
122225,8.51,0.3420994815573816,0.07236038990838448,-0.3096817820367279,-0.8259323545912736,-0.5316179364615454,0.339064981418829,0
73788,123.23,-0.4561683474800591,-0.28509551582833836,0.27566358173523053,-0.15222325467982392,0.013668457540914473,0.28817129647396195,0
16456,25.59,0.6992124386719866,0.592521009760872,1.7418184149597142,0.9605613534832284,0.40146249920536903,-0.3133762610203736,0
98317,14.79,-1.1068702915340567,-0.030593064230755616,1.177570414149464,0.05351465257966726,-0.46357284617112404,0.44923101318499303,0
155026,11.99,1.187713384138455,-2.6055767556885328,1.3427953154217054,-0.006664500390261396,0.5736437931365846,-1.0676455718593634,0
78262,77.32,-1.7720789647803945,2.616392567347199,-0.3425414555352436,1.7341940437184156,-0.18944308968411028,0.7084686680172338,1
81912,12.79,-0.8324766217233888,-0.770226983110142,-0.5084835740185372,0.5722367269445582,-1.0105908273937865,-0.1638308303391922,0
61858,16.33,-2.3960822883304163,0.2638884943500218,-0.9065077809327704,0.8388708606780273,-0.040139005986954676,-0.7576348720903119,0
27518,179.03,0.543339596999048,1.318607828178045,-0.32325695304860746,0.2956691349947631,0.6613180596003198,-1.084166203198927,0
91328,44.58,-1.7376861982453433,-0.24673728055347494,-1.4250325069036731,1.0021926538032544,1.0000000260772435,-1.4270986909370476,0
72954,97.66,-0.687784294825431,-0.812584514255267,0.15751749733279974,0.13622316237666343,-1.6094141434174631,-0.387775383551393,0
104797,3.49,0.7914974359729572,1.1494770608285296,-1.656966455738728,0.5930234772130807,0.12186318356926855,-2.133995392000717,0
167527,21.25,0.1028142431550689,0.16025928664166553,0.14339884303353057,0.6915158558653307,0.18448544844506723,-0.3095955177570466,0
11094,116.85,0.00031861146506831443,0.554254476026521,-1.564915924160071,0.8519437783962633,-0.8237888751853936,-1.7842328729554744,0
84754,26.53,-0.09427271723096599,-1.208192458358039,0.24688690153226664,1.4142206726903268,-1.4495180163723127,-0.27792387201509405,0
137488,17.61,-0.5338446438149185,-0.006461594079039767,-0.00800004827628134,-1.010225929052133,0.8658490355174857,0.051219484615089336,0
15282,63.17,-1.0236597461307144,-0.5866157355597524,-0.03984542278078571,-1.4626349037319257,0.33520824203254546,-1.1333707475996242,0
55204,129.04,-1.227828566056992,0.86535870905007,0.06839386063666252,-0.05400720191925828,-2.0302751513473365,0.4100006155204225,0
19816,8.58,-1.0731902740670494,-0.22669326989871927,-1.3354652934481188,0.13302073809059622,1.1312871063587266,-0.17317087076504872,0
18681,35.98,0.23492812508811559,0.18847899108948643,1.5628898196781764,0.42794744058852835,-1.9882609223095518,1.2876944131841719,0
55099,50.6,0.006131450435226853,-0.7256174565632872,-0.506402418274334,-0.06223105697249944,-1.6183765656674622,0.5302076068713477,0
151353,6.04,-0.6512874649831818,0.7750894117456407,0.9347481295413476,-1.2368931875707139,0.5765099527560802,-1.955579322217269,0
93070,30.18,-1.162938986852913,-1.4292668796711452,0.26140450254721065,0.6719877401364955,1.876899275376681,0.15343038651465163,0
67411,182.61,-0.6553275232007943,0.13945246602919717,1.5818760934989877,2.143365982742418,-1.5270406324123211,0.8842171709772725,0
46240,13.73,0.5709456946038727,0.1469922842885556,0.13916846173262085,-0.5941236099655645,0.07009895894239775,-0.697631905399534,0
22436,87.38,-1.185921599186856,1.4395979274301354,0.3548565402577775,1.0988707878439867,-1.7769188248270267,0.5156840540697027,0
45033,36.86,-0.3109714664860723,0.9363373808293303,0.35976570416601955,0.23471773284215555,0.07479226318580581,-2.3186605964369806,0
144356,95.96,-0.0325038930576894,0.9089374968885997,0.09669070288681957,0.2036604227261782,-1.3832107297333576,-0.8323154695467397,0
91922,10.18,-1.0043378262939064,1.321880992159802,-0.4884460913386509,0.7840955963724985,0.38160842039535703,-0.060409294752570404,0
74532,89.8,-1.9255673603328771,-0.6984737582131462,-1.1390566661397103,-0.918694360920061,-0.4701660795618385,-1.131551666747279,0
94297,31.06,-1.32484578093274,0.3524229143843145,1.3430080837361311,1.1151243154949684,0.0287300298878513,-0.6870701980098629,0
72588,6.1,-0.21673178915646166,-1.312912976758239,-0.0718131428510346,-0.6030598293979578,-0.0717115163754094,0.688017720664664,0
127157,14.06,0.2472714521087559,-0.8319711080785314,-0.3797311250338392,-0.23544445787350907,1.4006565745681998,-0.19339580116069902,0
168553,38.53,-0.3317787717721222,-2.510222141040413,-0.8993732013418966,-0.883406160335368,2.3470359479462966,1.4676250199727816,0
23929,9.43,-0.5196744782036353,0.9790358254675168,-0.4165940456521597,0.5170285631908718,-0.9028441590357865,-0.12878767590384546,0
89152,131.43,1.6742707660711302,-0.9599725191440409,-0.7427455710970785,-0.9362342057574482,1.7179473598796449,0.2289989646791519,0
162777,75.37,0.44049449616333775,0.8468537431799008,0.60666651348988,-0.15954527988460382,-1.7321861581367204,0.5462331917883374,0
60710,103.27,0.9661470124092959,-0.5043652003806066,-1.3762212204043263,-0.4400587730399219,0.7438687190329611,0.415318262494437,0
88733,612.88,-0.6226717665523829,0.8930774345656918,-1.0719596368460775,-0.5590945721049398,1.33487442272127,-0.6009576288967384,0
36191,52.8,-0.4691307161274624,-0.31213136754128723,-2.2071865179343146,-1.2764825266664916,-0.8607438046485579,-1.5882137516336081,0
53551,23.81,0.11041804694611956,0.9468614616461799,0.5795842217637382,-0.002526660847787268,0.14966891092469145,-0.25512096000991863,0
3849,15.14,-1.0704682430200712,0.624606644894278,-0.4924413839212625,1.2534428230776133,0.21789738989705285,0.21478162557272382,0
61035,34.79,-1.18120117314888,-0.298983997371841,1.8262204784611338,-1.0146606870945887,-1.2112181983000634,-0.8902913875802025,0
148757,41.84,0.21907156253766866,1.8657273559684568,2.412376653923846,0.04180145008551258,0.5165853579791673,0.9311467005755696,0
90373,14.2,1.2914688890653634,1.6857441919739613,-2.344972269521205,-1.3013252840248468,0.604905223155877,0.7645189085160549,0
30651,57.74,1.494141897266825,-0.6445077018756719,0.5559970515714441,-0.5908353099238673,1.8832043683309012,-1.2173397321082118,0
102974,171.29,-0.6849871791437476,0.19092373175510596,0.2811651428946169,0.20565466592971773,1.8559359135339641,0.3701754528198277,0
18073,92.71,0.2725179902295931,0.4645021652142125,0.17270441657695362,-0.40267255994220236,-1.2254545472189116,-2.010432295688648,0
127626,172.53,0.007350674919699149,-0.6180320739060579,-0.5471746041437677,-1.2416200616581716,-0.42571774055516237,0.8875138519469787,0
108048,50.49,0.1016557615660292,-0.21329657563207796,-0.45902325049431536,0.22854776987192307,0.6456121462685421,0.42367750162797546,0
110616,15.45,-1.4455181477453234,-2.8151236899058496,1.9979482045128998,0.5404568047891768,-0.4028738354023735,0.772474012027049,0
107803,19.65,-0.31146719489920155,0.5344685350685111,-0.5921663299833791,-0.2786037032248349,-0.30213038512070306,0.6606311230264938,0
7099,34.26,-0.2153882888600766,-1.6455122451253463,1.0654147782383516,-0.9691193442983064,0.45342124550525176,-1.3514964119272816,0
44638,134.22,-0.4908728948935657,1.638281183136422,1.5298834884051506,0.2658321698553995,-1.0796013185359161,-0.45679626967092407,0
136321,93.12,-0.6149441025160431,-1.7230460292912313,-1.9140058280134873,1.6338702782782046,-0.20878675673793776,2.111782350631641,0
76077,16.37,-0.520630606562299,-0.21015560419087462,0.36882441224866147,1.5964645248001856,-0.5703405124339853,-1.4643695251386446,0
33157,138.27,-0.6250354065228271,1.537566680698264,-0.826319424939087,2.3945525332799495,-2.3099511446289327,1.1664679853907214,1
111900,68.5,-0.07247771959403507,-0.7841115340562388,-0.7176355919716624,0.6555339764915022,0.8319088999891613,0.5568524215227545,0
145047,85.84,-0.7140417437774549,0.586851538784868,-0.8291000521161067,0.4229286085112854,2.4628739651691522,0.18271552626482176,0
86807,10.84,0.7775960617922721,-0.7477851043659819,0.2556995380481427,0.975472955671135,-1.5453035409681082,-0.30926022202156084,0
2659,13.55,-0.08251351891139448,-1.3803898467240674,0.43007764836748535,-0.9245128737489688,-0.005189213328808956,-1.619452363658364,0
34008,32.46,-0.44890838731300636,-1.1193908797459098,1.15423480489976,-1.0770127008487727,0.42586457763889896,0.9030218003896557,0
125829,21.73,1.5262159587962787,-1.4552889759012155,-0.5100381745143354,-0.2845041046514092,0.6893291868373371,-2.23259370544405,0
73479,7.15,0.5665409870816561,0.3017919306528727,0.6942110429452255,-0.1646960474579254,0.19083529780725694,-0.8454109822114924,0
161953,38.53,-0.23731223419521827,-0.1923031842816272,-1.1080533268294424,1.0816551817696805,0.14559750682566203,1.806391680231676,0
162421,95.58,-0.43077160868038405,-1.079161816904492,2.4449813006664014,-0.5139359009630535,-0.09438457605968514,-2.2272412075558146,0
138923,33.14,-0.18204043108565582,-1.0680471383662404,-0.2722221717726958,-1.1204589824384634,2.833580429456599,-0.402266534187666,0
161822,9.16,-0.8033604327656939,0.9674294191540579,-2.045622890945603,0.7520341591968671,0.944322443120109,-0.3169069969525545,0
165009,98.27,1.2891318354374448,-0.8490234320820353,0.6951645831510663,-0.18358228949315925,-0.4090678336953848,2.500261467980086,0
121688,20.01,0.5274386518599967,-0.7813576956169462,0.34335534838630294,0.6805505378190821,0.7032010546843693,1.059244833995519,0
163663,18.92,-0.6005066354139633,0.4793542588185019,0.4249025317863849,1.2522799455158922,-1.3690918596562172,-2.00851792376992,0
24472,12.79,1.5571608896986593,-0.5393129236109787,1.0234334555645097,0.5388668241692289,0.21648535648784556,-0.28643608611767146,0
95285,108.91,0.30634753393202263,1.2261045853340684,-0.24655360757598987,-0.4785053803239208,0.8942408713199297,0.7910709861135836,0
22911,9.28,0.6543881340607632,1.038727899914912,0.5422593912485507,0.2693172378464116,0.8072554279353683,-0.3905731135834406,0
7485,40.54,-0.23945509376558377,1.4166613082979562,1.0644562081406352,0.6915147064321684,-0.4451145386509248,-0.29858868806615135,0
164759,20.11,0.5521245847298429,1.1123268243902629,1.0561640438100357,0.3357539938512747,-1.411067607667596,0.3156653180784559,0
30109,12.4,-0.07875288624464047,-1.604121012470325,0.13697308959866786,0.6933867037990183,-1.137794331268471,-1.5552834055587745,0
57372,35.44,0.12792720237457925,2.208046047543548,-0.35160742828186803,-1.4960954913944449,2.0295547884211316,-0.948061994488213,0
67526,45.05,0.6055136511241652,2.143444818543648,-0.7146128121242966,1.348927506119083,0.3365175664517029,-0.2843463574743425,0
34064,31.47,0.0779372965582097,-1.3980820399187832,-1.319728656149004,-0.7813488015707639,-0.25028439077208625,-0.05293988521373895,0
26654,89.77,-0.47548474118944284,0.5772056525279509,1.2776190132317218,0.8021917826831093,-0.08098411445023078,-0.6945944069912875,0
60652,22.09,0.263819085679341,-1.2040869501711966,0.5755161215440671,0.7131732421256012,0.10907058305041537,0.41957929769850444,0
66314,130.07,0.2893389056429845,-0.4472451047873071,0.9183631149338709,0.8645158657686794,0.22871132527442153,-0.48005704126295,0
32779,21.68,-0.6784947304872218,-0.14342321645892908,0.3482862476668184,0.17087352874698206,-1.9805719675604068,0.9140977834111654,0
113350,32.82,-2.4639786313007486,0.8558531099353133,-2.4182525630860567,1.2870310939052212,-2.492598528781096,2.0188673214908883,1
153939,53.27,1.40904596641209,0.768116952430694,1.4320096713686254,-2.019285517078612,-1.900774128384982,0.36338695581851566,0
159342,13.35,-0.9218236563202137,-1.7944435850889013,-2.327599232930349,0.6714776714320864,-0.26398429691721137,-0.44560971627225043,0
143326,12.93,0.609238830889753,1.0570434191653657,-0.3254543289050063,-0.640954146351397,-1.7463909202149355,0.7248255605854094,0
3420,33.04,-0.16007448660830478,-2.358464142207465,-0.4070318269460593,-1.4250667751443256,-0.85471065260706,0.9546621848100726,0
41846,116.92,-0.6799058967468314,2.244682255430256,0.36605591546079125,0.5637147224289293,-0.09514228079874418,-1.136134632871965,0
158485,78.24,1.7441031844659785,0.6521678851156861,0.7078845144122309,-1.3404191816041566,-0.11435305518482101,0.8430247694161512,0
75388,34.17,-0.27633529504421733,0.6645524143941822,0.6335727440817172,1.2056366088694095,1.1071559091646799,-0.07208067876890285,0
64309,11.32,0.924721805513421,-0.07718027611369632,0.20425494265702587,0.11732349683427376,-0.2687134460706104,1.3594269176869034,0
34531,42.58,-0.007062904550829715,-1.0510419502866937,2.1173728164203425,0.2214170617242611,0.04642926006439702,0.5851504007343558,0
143946,13.76,0.836484137964941,-0.24039847568841113,-1.726803202706756,0.47918753078696064,-0.3052382722524012,2.246337547615455,0
167679,10.2,-0.15723639202855216,-1.0260680827411577,0.5465049536084137,0.17602763667750973,0.1679588961548818,-0.36516508141544946,0
48368,96.65,0.12019855874605508,-0.006400752603138034,0.9482059948233497,-0.2689530678994436,0.10798088911648625,-1.3656037033376744,0
169182,8.11,-1.5377078085300024,-0.4310011058329391,-1.5904302585192973,-1.6523840564542558,1.2432550535470797,-1.236876237834054,0
66641,80.98,0.6463201631358254,2.211333028601533,-0.1957917011400552,1.3958616974520976,-0.6217715111428042,1.268070600795232,0
162082,68.79,0.5043650657184098,0.5570296224878031,-1.3119615453661218,0.7184797386806455,1.7391401457491027,-1.932036950086159,0
109814,65.9,-1.0866361888852818,0.29618455398846355,-0.6414493184978661,-1.0471714153162728,0.46009719834924406,0.24159025656942953,0
123008,136.21,1.0469545344282092,0.8209671393129958,-0.22821753443453083,-1.2483878121270522,-0.10748471765562773,-0.30992422142022996,0
26916,4.9,2.1655214522065567,-1.383467312455986,-0.1222021510407434,0.6059320943245888,1.261250581399549,-0.05537432420377761,0
63852,76.07,-0.3386690538837576,-1.157933699731306,0.17192084890744544,0.7229805130978236,0.8132874560169007,-1.2956275488961355,0
104927,25.42,0.7005953972771274,-1.8225343436866017,0.014033733881851279,-0.0023378978145741965,-0.2748754392912383,-0.5341892077775119,0
84774,33.58,1.2207151954954414,2.484144080745336,0.5256399227270944,0.0802849518681203,-0.01108052613430389,1.0318168342239267,0
100689,21.8,0.006381540963314977,-1.6048043108980627,-0.5144167616565275,1.8218953159260207,1.1278855326474513,0.6268431074478203,0
61877,3.27,-0.23320849820639397,0.37638856188919934,-1.646241349106251,0.16239990651958913,-1.0354918619629307,0.9891301568000915,0
19404,64.23,-0.6992440642290753,-0.38913509597656376,-0.39955305599675006,0.18766667514193755,0.7785603539766984,0.8914888436658108,0
133554,30.12,-0.4799681461487265,2.3930122947667867,0.27352156747501716,-0.5811495110719016,0.4913518941635465,-0.9239680106342287,0
75939,40.65,0.7947585224719341,-0.08826023013504129,-0.7531209504326618,1.4585427656604837,-0.1893004695695063,-0.2523958693806078,0
34674,121.03,-1.6651252963040444,1.4844340384402286,-1.20430893253951,0.4632803417903879,1.590782651043358,0.5004910936423804,0
111718,21.78,1.2705292241471429,0.7580657061739681,-2.2106995273905556,-0.44978160602616035,-1.5194317032828968,0.16426915594992011,0
152889,94.52,-0.265924194072433,1.1557327121208922,0.3132239910065639,0.6686385705110801,0.35321677280416497,-0.2702320842076926,0
43472,176.52,0.24784628190182476,0.6651060515214794,-0.15694480527717874,0.8447411111234174,0.045684326560339356,-0.046567188333475715,0
158338,23.15,-0.013973228476073308,-0.02469764308499223,0.8011285839119535,-2.2595533126555916,0.02422586106046795,-0.8595557739522429,0
162993,57.44,0.561472629826133,1.7533751987243156,-0.6666192774947225,1.1059354619577089,-0.30934917200158435,0.08639863674911352,0
103694,20.67,1.030919338366907,-0.3427177768781444,1.3681890237485779,-0.19365828029379034,1.7961473783167576,-0.6161836055534412,0
13261,108.54,-1.9873102297264285,-0.2528800657783739,-1.3679353860913424,0.75687526546332,1.0740136453460005,-0.09820827963886006,0
108940,11.47,-0.5945036959490072,1.004829149483237,-0.8313214091256161,-0.39203986869712276,-0.028896287648675207,-1.6394878749236417,0
110268,124.69,0.43102295801089313,-0.9977577826593548,1.623861412322142,-0.8632127594610817,-1.0037107697245766,1.5959347834211763,0
161177,23.66,0.6428554939629476,-0.5868426795241861,-1.4036673060505274,-0.5378290684533007,0.9892740452342162,-1.2040313712785795,0
62812,29.86,-0.6650459180031121,-0.7746840576638448,-0.4143867161090352,0.32989259738120824,0.6666747799559565,-1.3024597108220128,0
69300,628.32,-0.8839229498283454,0.1253909718067383,-0.873782887108324,0.9374475151515372,0.7840689769583304,0.17787261953183472,0
131886,95.01,0.7248293734858318,-0.9166386933635471,0.9528187772234549,1.1716821972228113,1.231057903355565,-1.825813538985183,0
83369,49.87,0.49955890824920274,0.4044081540714172,1.14820478465649,-2.4062781380301783,0.46315296353797064,0.13486338020692476,0
133121,41.64,3.377382919082646,1.2937531558659603,-1.372791249746409,0.38497098131969715,-0.6546254142120443,0.9220379014043715,0
26737,24.6,-1.2540226524285165,0.43800525851872685,-0.28576471603635617,-0.2466833675884122,-0.8710031785224339,-0.0585620505450542,0
28795,6.57,0.6672189393045282,-0.2812936526695694,-0.25688998392488877,0.1832355990350907,0.6808862123789485,0.8289866125010245,0
126310,22.35,-0.11741030034486948,-0.48786908807379537,0.5064103413791373,-1.8450050639323654,-0.9496466378785903,-0.04237053041554661,0
108212,36.27,0.014336422175760023,1.8476600029424488,-0.5235537426274511,-0.43332221935663384,-1.2145270310881418,0.17820680497499222,0
26672,74.22,-0.9156322963584598,-0.21367717058821567,-0.07187078581077398,0.3185486119419406,0.91724892205307,0.3334179214902787,0
54238,148.54,-0.5902219663056348,-1.3322445867634454,-0.7844419187412465,0.1728789609345851,0.7579867595478953,0.7244185306649547,0
84730,12.2,1.629318517441612,-1.2291710335183172,-0.5206890955191443,-1.6121823506586768,3.3482071855389752,0.10274961130801535,0
123786,4.39,0.6357265264405499,0.12540867947584441,0.24225815662028627,-3.4950452224886055,0.11287876365258372,-1.3866779670462017,0
104188,27.81,0.9431592010001667,0.9078606377044912,0.9750440547228668,0.6508189967429487,1.5721263364721447,0.9023217515009514,0
117360,19.32,-0.7748021781355291,-0.6133636006232359,-1.256269144910345,1.4804921526690804,-1.9863457455111244,-1.1010774576228928,0
69286,21.63,-1.5184156988286825,-0.824222439367453,0.6388688736788816,-1.447466417273949,-0.49393597148945395,2.399817499786771,0
172646,16.32,1.2368718935182248,-1.308778304485956,1.5817541575774825,0.12194697347162145,-1.709889764595288,-0.9521708826740738,0
168976,38.65,-0.4638544295059457,0.571530696900742,0.14055640320674964,0.9702485146681558,-1.2662295290692238,-1.0638250700947505,0
62368,7.34,2.44125584526534,-0.18841684690872626,-0.0024678493121753704,-0.26154715385343974,-0.8466415896761382,-0.6832263748373683,0
85076,33.04,0.12060854761357863,-1.921013138823256,-0.11838783734422807,-0.6781445463918958,-0.036878059294752734,0.7107878915885889,0
72779,336.18,-0.8247339795023627,-0.0010711335374141854,0.8209820924169108,-0.030070617039738255,0.6628880162750469,0.09891640938803896,0
141214,20.31,-1.369463774656058,-0.23653325209612397,-1.014477491016303,-0.6076286845249997,0.41196504454313526,1.30217973561921,0
35643,80.41,-0.5037223368294537,-0.3190080304728533,0.5125995112727985,-0.2430121306258299,-0.38158669730763756,1.4933394189563414,0
74083,23.38,1.3163448375195195,0.08071372672644667,-0.5426608989740664,-0.336185803621952,-0.7502849532186529,-1.0338513099554758,0
72715,25.72,0.06354190456093739,1.9852265356713568,2.2448984141487265,-0.012993678683590195,1.001857194053802,0.7778371640058556,0
171033,47.79,-0.07296943188127829,0.9374062824694956,-1.2663586548464094,0.460638122953821,0.3073638195104265,-1.2732428725223714,0
120062,67.58,1.3617609133402233,0.009290068306694576,-1.019426733775593,0.8649821850662238,1.230072639089635,0.6522914486348891,0
153728,20.44,1.900649041722087,1.609343375609877,-2.0198498527638407,-1.0227782409877522,1.3166980645148691,-1.6791075358960414,0
59778,68.86,0.8467711090082444,-0.3509527421380881,0.9343287467259975,-0.15048631615010624,1.650102213808546,-0.5211606902358986,0
103320,10.03,1.6651423825437814,0.6761036382971497,1.569685680977757,0.7454614547455006,1.8181062078919905,-0.990752808860645,0
81257,9.11,-2.16116210357171,1.041107816524563,-0.41120681057081593,1.6833733430075333,-0.5691041116785548,-1.6646514582806153,0
141826,73.3,-2.476792066877087,0.5505569328262319,-0.34039515671586396,-0.5324653940071872,1.1127388030572323,0.8772985198697556,0
40806,54.14,-0.37753114855982517,-0.8688314878897103,-0.6055696553034319,0.1624439052040752,1.5220032492355542,-0.5248110842252807,0
140148,11.25,0.48898953066004497,-0.8170954586402323,0.8460119384207664,1.434445169634489,0.07563037067748683,0.8924309800481935,0
21918,39.83,1.6158724901223136,0.7055133860602464,-0.36146432916346183,0.9348016626956545,-0.5267888714236231,-0.2743113100248369,0
99299,40.54,-0.61836502004413,0.6984251343843719,0.36997921388074695,-1.1712682101586152,-0.7425320938031175,-1.215211417918324,0
27083,14.31,0.49911050679894126,1.511673414185431,-0.8418843502853434,1.475133657032921,-0.9338901340120331,-0.8783397502678539,0
159470,24.17,1.9489631114476191,1.7037271546972377,0.5579377815243737,0.36128210620039475,-0.10903267539952402,1.1620707443287746,0
82152,82.49,-1.1063441570771089,-0.5352457039403952,-0.17182504467671872,-0.9913457476925386,0.29452832500922926,-0.31764046484642733,0
122409,31.89,0.5850213322877983,1.2161657767822542,-0.2903829916507967,0.1164519777073494,-0.7549965181264495,0.6318887653919859,0
120900,12.5,0.5343472134537843,1.4754541310422942,0.29682710854588035,0.5190327410915175,-1.0623345243377478,-1.0869453243167277,0
162396,44.11,0.5259372802546505,-1.4317296965247415,-0.7531115801973117,1.7106586725909851,-0.948105344122665,0.6221450185106159,0
69341,38.97,1.6759187876093766,0.18867044750999853,1.8079328389524703,-0.2537860757491678,-0.618728044805297,-0.5529594331405667,0
135699,108.77,0.34809529178734483,1.4022095895032698,-0.6568732822933941,1.4699477561908403,-0.3954836389866858,1.3460834138429323,0
26160,37.94,-1.3076425810934404,-0.06945513785101935,-0.5810673000600238,0.48603160228708603,0.808576405990583,-0.7521298862407018,0
86120,28.14,-0.0617760622705607,-0.6713804436449524,-1.0783447924360212,0.4152954812539195,0.7476301789743467,0.10812017042833884,0
117603,540.35,-0.6468363041676235,-1.2026910288948676,0.786954564094698,0.6711919917271997,-0.5984802264241189,0.8434408590816379,0
151203,11.73,0.5385031566390435,-1.4198253134575696,-1.814308121389617,0.0933869701509424,-1.2515531395949613,-1.3696491795380676,0
72518,79.26,-0.08341073474656137,2.423106130613554,-0.29596757304826016,-0.2747675943754787,-0.6237930920425293,-0.7836933884211146,0
80685,204.16,0.043900533123388444,-0.7596517608333779,-0.5054495213555146,0.5451761756309323,-0.03436237169197916,0.0850245902830276,0
137541,25.47,-1.1185234842116323,2.1482392019576406,0.05624533757317886,0.030504814500427926,0.7038261535397329,2.0609713851557214,0
169230,34.66,0.19286184315019064,-2.3981630952508977,0.47830039225468934,-0.8261699543891778,0.09132092304193566,-0.6210885186619435,0
142038,30.65,-0.386022797870698,-0.22492023093552171,-1.2544010597275013,1.335701394954714,-0.9144164021122101,-0.31769139020044407,0
48456,51.23,1.8341345643623908,1.0317389805140589,0.3962679165655031,0.6114134689150991,-0.0733097821141441,0.5556286034632429,0
64315,77.0,-1.036329196838163,-1.1465501637074578,1.7742396180401812,0.17104406892415022,0.2484532629527643,0.29892748304189537,0
100297,122.72,-0.5237592910266834,-2.5661193859324136,-0.5045605322361106,-0.1588479956593362,1.427816619272437,-0.9751404666484338,0
66234,212.24,-1.4427147860027125,0.8700602169074838,-0.20478525760573577,-0.6278187459533185,-0.13203201041471946,-1.5727828329594977,0
17159,23.74,0.15060249284463378,2.170452178944556,-0.6333299215302364,-0.6846808925126543,0.47850447415085934,1.568836448134763,0
160775,14.72,0.2521948542342867,1.2849167848750833,-0.4310999895256928,-0.04217610649664051,0.6050351408117695,1.2726649275781594,0
107455,192.71,-0.6411649293968504,1.494731007269304,1.0530697175949124,-0.852888043886751,-1.7298254799301076,-0.8392884366724838,0
152456,66.53,0.878654850180379,-0.8038031800970857,1.5921979140381801,-0.8769370657007479,1.167268538967427,0.5697800121654373,0
35737,105.57,-0.8432983112849525,0.1586833236187289,0.9062811201760208,0.5063825384880583,1.7174444277975778,-2.0064726150369934,0
140507,94.34,0.23849892567305414,0.03808450571949245,-0.5296081995695587,-0.2830155277044124,0.9046884029535909,0.6583319793234645,0
77227,42.83,1.49116640428018,1.1280026262015077,-0.7809752928442871,-0.9741573417780406,0.5079430785450259,1.2884310595373296,0
101121,15.84,-1.0910467171940745,0.9104611024518411,-0.8252705451962018,-0.7194137495011889,1.3410338589611683,-0.21778386129827348,0
140600,7.55,0.8656746511673697,-0.49244411241221675,-2.3380087167915513,0.4869881388370644,2.195847162088581,-0.10632165120387682,0
69463,9.3,1.2983344897754168,-0.9231191842365297,-0.46575339307746244,1.370850755499421,-0.9535790950162043,0.3425015005635049,0
69252,7.42,-0.8797173613845565,-0.45242426480904147,1.0355650677774098,-0.8656465445783166,1.1592031914699048,-0.9280977574463397,0
137478,19.15,-0.1247181582364859,1.4215032852330935,-0.8975890047568621,-0.49009446006628976,-1.66579730275389,-1.6253860515784664,0
60428,78.09,1.8876251206260046,0.5218912341350844,-1.1645467781101164,-1.287223180504095,2.1515410636950056,-0.32809056500770034,0
81941,68.16,-0.5511162400406288,0.2235994544459053,-1.395890234463619,-1.0688700877382575,0.6288091401082587,0.5513603019033462,0
51924,7.6,1.5153180943238018,1.0550545489425514,-1.0644964211729528,-0.35412123567735054,-1.876417847406518,0.38732562039774426,0
168773,20.41,-1.1933788124438198,-0.13513000707570208,0.17057558147702223,2.709276648471036,-0.1894680830527308,-0.15289107683072373,0
7461,40.87,0.3142674218011834,-1.081109347824113,-0.8601587792614019,1.5671953142697388,1.2714747922803773,0.8344534120127188,0
156299,45.22,-1.869731661954991,-0.7158259138747501,0.7207272382960683,-0.799269724580413,1.1009609483626293,-1.4327820390357926,0
131800,11.57,-0.4457574597968489,0.566607832835089,-1.2988035540518614,-1.177642669874513,-0.4529570895380753,-1.9586045972394874,0
75225,10.34,0.5432569649742733,0.29629536550366764,1.136534855774768,1.4814842468851672,0.22977676033491254,2.191833140756291,0
167340,14.64,-0.7012495444040763,1.4350654120021116,-0.44279093792784774,-2.37322973285064,1.923955175733291,0.18723107686529408,0
10751,57.29,0.2353171684846372,0.19937992065400773,1.1545902476091912,-1.0708302602147548,-0.12735409025933067,1.240557900521476,0
3726,8.38,-0.5417732360116019,-0.33420699806644877,0.6590680288024853,0.3060332823635102,-2.3417974438690883,-1.5159569536902644,0
56570,28.5,0.4456779070819239,0.08533977579489384,-0.7235051090620076,0.2343139886115539,0.22199959462931115,0.9593309562258,0
147026,69.93,0.7076782440272429,-1.0056950873181933,-0.5386926814681269,-1.773974929644101,0.4554008401944966,-0.468810719194351,0
49407,10.56,-0.06744655855518213,2.4719337724318575,1.2186081743344965,0.4346107155489233,-0.3882785586980988,-1.1967935339162115,0
12226,21.09,-0.7768620986213922,-0.9694324432883201,-0.17833838749471878,0.5978796872965533,1.9723817161434951,-1.4767233836910358,0
64178,29.25,-0.2164187116383712,-1.6214526245522214,-0.7255183044419155,0.39358065033571576,1.976576667323617,0.128475398244281,0
72805,30.21,-0.7184839851611164,-1.2015353947392868,0.14091087838694719,0.6401534423571412,1.9443303158147736,-0.03251684239197869,0
58871,23.8,0.15165727214501756,1.1842994311567254,1.390725929141431,-1.838269734397389,0.17683761528531197,1.2514375595954574,0
50069,1.39,-0.29954941119919215,2.30408978354919,-1.4569375455207298,-0.14634867016819725,-0.21678781789535964,-0.6021436225407276,0
54869,74.41,0.3160878221089338,1.1795382676077382,0.810530762789549,-1.3054620222731739,-0.47474345479679664,-1.896893594497059,0
76323,24.0,-0.7656111570301878,-2.094437526714903,-0.6091360888575632,-0.0287040717003548,-1.1030646512285789,-1.7714394218927476,0
68309,128.0,1.0248864327659304,-0.35997617358090106,-0.4292742228731781,-0.0002632012668430551,-0.13465695978074205,-1.7095556453239635,0
170883,12.49,1.0156278839944708,-0.7668695251179117,-0.4949118732998493,-0.4389507704988207,0.7475349718454773,0.1273806344672715,0
12115,75.73,-0.7178532143540355,3.140422910102237,1.3772639038132337,-0.22342347274165192,0.14074249383524484,-1.5565785704720139,0
40387,9.29,1.0175314239306263,0.16395148089481063,0.1757536516880854,-1.4747960267817681,-0.8517525045726252,-1.3476858205266178,0
157636,21.42,0.12301867352675562,0.10404648103908559,0.2524287572157801,-2.4535555716504254,-0.3131121085283415,0.2930588277250302,0
92708,45.14,-0.3525930970644072,-0.7906736399225947,0.11010758575632887,0.4872493587651452,0.041650920160711244,-0.4182707362016437,0
111435,70.06,-1.1182319393560314,1.5107316515392135,1.2994312150704548,-0.44815761878521787,-0.2083660129166857,1.2772870693620704,0
36468,91.99,0.6819932992541455,-0.5747932272153171,-0.6687541185215149,0.9645764946699871,1.831006980477132,-0.12285566158593705,0
70553,52.4,0.3588480726789188,-1.5095516224699548,0.10933690359734571,0.8591727606739874,-0.8160091652080175,0.6794526721518087,0
101948,20.42,2.524509276607495,-0.8331331336803468,-1.2318685541566103,0.7543687259322099,0.09075304716246792,1.4474076331296724,0
3828,6.08,0.4329729280436354,0.05171788481318731,-0.15824637244161582,-0.8037326229232822,-0.8072727460262709,0.020072285110234334,0
2204,36.73,1.083261776294304,-2.543093189474779,1.5111411600126732,-0.1565985659168632,0.8762458637057208,-1.4051980361664616,0
43732,9.7,-0.5491264809895774,0.7379349262621552,-0.857134710434541,0.18959987667705955,-0.5367864711552751,0.3375223281678575,0
45968,25.94,-1.2787358548192564,1.1164307487822072,0.5976610012779955,1.3693533675777672,0.20150574625135806,-0.0731578229274225,0
93426,18.12,-0.46507594620100606,0.015033925541790552,-0.004252096719942134,1.2626258523490483,0.0026228173150997704,-0.7337298583625037,0
147235,22.9,-1.2770845623311189,1.1974231998049074,0.7134290260171423,-0.9281862007635379,0.7934432954943101,-0.4816686248364924,0
135327,6.81,-1.0523294696031953,0.3587361439966162,0.31976551348186155,1.3046027033473253,0.2438798618312071,-1.213094263557411,0
8036,233.44,-0.39039446711714254,-0.7559752913150118,-0.5540155332467,1.8899786444022575,0.47249556334278153,0.028898498319943386,0
150331,10.47,-0.16186476535773067,-0.8669252393444344,-1.405746275890388,0.3282355661602549,0.6082809589270963,1.3825844833260705,0
15534,35.82,0.6295583660658357,0.19267992984947224,-0.8616637033727397,1.0673547099161793,-1.1210820579333853,-1.6142785808623101,0
6476,13.26,-0.6476527563780456,-1.3599682136722742,-1.428856613893435,-0.2936071589976261,2.8975389901219346,-0.2646437684401718,0
69626,54.78,-0.21224430983993056,-0.5218655165517466,0.9515520780790863,0.3151717038924908,1.5959752401492586,0.34437886473180945,0
45379,6.69,0.0647913501233811,-1.1414157922272192,-0.33632037182952107,-0.33435182631395055,-0.42175961519169836,-0.5473351646642455,0
167807,16.26,-0.9857330334274744,0.2661778652041803,0.08918769723854421,1.9606914357403167,0.36526920005909214,-0.49367815811910076,0
87833,18.24,1.110911144734433,-1.269923087327547,-0.1614471331698672,1.1582582807780262,0.7036132840768452,-0.7543359103240641,0
91748,17.36,-0.18733030982130086,1.085671909183638,-0.9959971069613903,0.9294790620935388,0.5868492347956116,-0.9964186623966719,0
207,37.99,-1.0971438697704636,-0.34152041500530517,-0.6463172976974167,-1.9379733144883526,1.2208583206477435,0.5354259563028727,0
115395,38.46,0.16614061307833064,-0.25895883476751336,1.4204009231298556,-0.6813999126996095,-0.6301946441769405,0.7935376344025156,0
134837,268.03,0.8892634247589758,0.636180488684036,0.761769726263774,1.714941887549245,-0.7899488568997947,-0.48015125660168256,0
55961,30.21,2.768373605625943,1.0170655439701535,0.4992584855816643,0.6045329441009561,0.10376824967199864,-0.2823016134961476,0
113613,18.28,-0.6448958586443377,-0.04145796232978563,1.1073105339393423,0.1801723554969488,-0.47393253948848,0.07018599977836278,0
68487,259.25,0.4788475732177351,-0.9381798512212423,-0.12805117872967775,-1.5103297694143012,-0.5279280464329243,-0.08103887037070052,0
139076,34.25,-0.9907369187412842,-0.1371649108741167,-0.40294306860950446,-0.37291140409460116,0.1836121706202837,-0.7108034825114704,0
121750,107.94,-0.5693514235811376,0.4367677511104973,-1.4127885777912768,0.513211050420852,-0.8957046005985632,-0.9909129540820899,0
65333,23.19,1.0750212145109097,-0.26281684252611515,-0.3663728472664642,2.611247308810287,-0.8574726516251461,-0.20840350783775094,0
86672,238.06,-0.8373807896824669,0.3600164652382253,-0.7602623997034793,-0.751856743969934,-1.233671655509249,0.3200678955826721,0
147718,583.13,-0.010352289907736689,-0.7767739091870604,-0.6970789128006968,1.41474533796822,1.3543400469918383,0.2863876987407452,0
60279,4.9,0.3023229003482749,-0.6200229490767115,-0.10500150290412151,0.23929011478035628,0.526245044239599,0.679651047944746,0
109834,4.06,1.4336250198209464,1.351088946337002,1.2328667913867144,-0.3347014679763642,-0.21853825400221535,-1.995013484671699,0
64925,19.98,0.669884490215741,-2.1427198463985464,0.050090148570797105,0.17439563737789976,0.9851920917811056,-1.4767810801431691,0
92036,31.24,0.38505516793783434,-0.7139529121595534,-0.5793574933451994,-0.10218777971711089,-0.01653358959765406,-0.10593290668744614,0
104573,5.31,-0.3433351758524492,-0.4121611450482139,-0.6681491915167361,-0.442225526008153,0.4299742302266078,-0.36624001542253787,0
172395,9.27,0.9099625408605586,1.7706418724626733,1.7662424096718539,0.7732612214201445,0.6160556786311759,-0.5813073883399602,0
1015,30.46,-1.6047050097978122,0.01921885221727033,-0.3389276313491429,-0.24113494438790298,-0.853945156783445,-1.9000379245457981,0
7400,38.4,1.4273286515947694,-0.23390798544489444,2.22815443334965,0.7580800102973402,-1.892113485905856,-0.10254633066146314,0
132079,40.83,1.46644239118858,-0.06439754062470791,-0.9361504460748792,0.8102278323024328,-0.22772900753414077,1.4873582772486422,0
89678,55.13,-0.370036612568197,1.0288491536095945,0.0839815774947546,0.9802789911093779,-1.4413375938153115,0.15190965497900213,0
77231,54.87,-1.381769188567704,0.7322180730909948,-0.1371005223902222,2.08407127365249,-1.2395835486530995,0.01001534003679044,0
157795,11.58,-0.6531373899299409,-0.8415074589115312,-0.5534312459752201,-0.0013075342550890683,-0.4959061907859165,0.9813097574429632,0
37744,6.44,0.27751585888189023,-0.4533534501005882,-0.6153873097625132,0.40470411266044076,-0.07969130097889035,0.12632127295678958,0
11669,80.75,1.2979401935351325,1.856672337917714,1.509994324431931,0.7692917607160128,0.7011297981623901,-1.8050291283624669,0
152747,9.81,-1.1044518278549962,-0.20108793560036814,0.5734337916879819,0.20822686215356342,0.6898494276585421,-0.25040703702834444,0
25500,34.57,0.5135213692547353,1.7984149791648192,0.16701797811696062,1.4038047328403518,-1.4867248873979815,-1.1017420180435937,0
9283,28.65,-1.5703258142530165,-2.8439436647717677,-0.795436583732299,0.2931361062238891,0.9639177026338356,0.17227974771628662,0
128308,14.85,-0.4834781349943769,-0.7153375690946667,1.473879290506746,-0.06576872355725968,-0.8014418486532459,0.2677976652873126,0
61665,77.48,1.4336336088178778,1.7750370211274655,0.9265201843464447,-0.3054172200310214,-0.764807840148591,1.1489450423095446,0
68760,75.4,0.6255913025065598,-0.4002422829318855,-3.856375329240597,-0.8121583635515687,2.1564741676081867,1.655911258844214,0
133623,12.41,-0.31983226412807936,1.3888001036195767,1.058871846575562,1.9566684572153399,0.23613816092522313,0.06842631238612219,0
142635,94.49,1.000820497768414,1.2366197421429752,-1.9990878128978078,0.41976763023027386,-1.1793247984474855,0.20312632765055458,0
16896,16.86,-0.14648067072816137,-0.7465633522699111,1.0925254146784196,0.7317184758621317,2.0716358546121194,1.6085542367386563,0
73523,6.84,0.3959142209580454,0.3727941585292059,0.1585496531596428,1.58876522322982,-0.7599139938926139,-0.3353018538052913,0
22439,60.82,1.406807528732965,-0.032018804487070805,0.07153318204094465,0.373335538703272,-0.7523425032075894,-1.1715989082356029,0
124982,27.55,0.5025462464541818,-1.0581509924706867,-0.19354574916758863,0.3374010703246616,-0.6482807758522028,0.6999533570192012,0
48901,1.95,-0.24072430398905076,-0.5835605478960735,-0.4041539057073227,-0.020731528015692665,0.783741480163779,1.114791504961478,0
130956,81.64,1.586899657033091,0.6611854748160046,-0.3235026694249729,-0.2090990768992498,-0.2606166555822319,-1.3850826956528461,0
109903,77.72,2.1772934475490655,0.6967578627143014,2.2096286521908626,0.38499918923951904,1.5648304050350645,-0.3456114159169913,0
126649,15.76,1.5583499601419777,-0.545726040636194,-1.0034765607841956,-0.33780411896225443,0.6006523718867851,1.5793342523839542,0
71295,31.85,0.7351321130540912,0.6254760003040509,0.7237994164444209,-2.058680686205292,-0.9961331556859193,-1.226876921214511,0
83362,83.57,0.3070030600053617,1.2327283420682844,-0.5116938719117121,-0.2175327783733332,0.2554028999455957,0.6230347539913936,0
66677,32.57,-1.325281371952441,-0.8984904867728449,-0.611730036418545,0.630305916457426,0.2675920219842707,0.8742487625571962,0
78278,186.85,1.3762319706355726,2.58727145584531,-0.7710363141410225,-1.3572838197115573,1.1976792245335093,2.0614172089667857,0
154351,78.95,-1.0188051975907135,0.6331951786719153,0.8898594886509348,-1.3944785780990199,-1.1130900276298048,0.6659995470213681,0
31379,80.79,-0.18398866010296422,-0.18231470071699332,0.7579230340112385,-0.2093430623917396,-0.9614153211818028,0.8708887535465665,0
36668,38.84,0.6351000115979253,-0.46812453379619046,1.0826249210022105,-0.25042721743676133,1.0525023654355217,0.7957765740255877,0
21447,48.46,0.9837360439035638,-0.11853423402886418,-0.39981733107460027,0.24967502798778463,-0.6049617538213081,-1.0600331945736106,0
87498,93.54,1.3448540311806945,-1.3109120070721598,-0.4112799243305384,-1.3970550231469734,1.1857435140299846,-0.18012638997650401,0
36059,42.11,0.8678054595424457,1.8680329249591099,-1.284415026955091,-0.5733049222313997,0.6282460676542554,-0.9674080488622125,0
101520,106.31,-0.430996200219813,0.20082428967447366,-0.6629899612710476,-1.9988375325992198,-0.4022404487290936,0.41594788987990705,0
120885,34.67,1.7183639957638757,-0.08288698387486536,-0.16112748668600121,0.508192939171904,-1.970005356446032,0.959509859761044,0
14908,15.27,0.12345755616914253,-1.0879334586290748,-0.699582696497317,-1.7387117205305265,-1.4712436959042199,-1.701767091158809,0
120318,17.51,0.795234249257182,0.24191498432149858,-1.341722243356314,1.6890931310773893,0.6717108651021763,-0.17351184419511592,0
157732,83.01,0.5809995399616921,-0.4760177475989431,-0.7672725723599824,0.11437976070263597,0.3931363835222252,-0.6336947713752229,0
51631,34.29,-0.7480909828486626,-1.5733469496057397,-0.41205565476057665,-1.0654417395505857,0.9795982415768089,1.230102183073231,0
127534,64.81,-0.36634167713775767,0.18324191045871852,-0.7037369567249628,0.31451374380269603,-1.9721117452397177,-0.469120708114063,0
33340,22.12,1.3332105613800442,1.002579814271594,-0.5061974766426176,-0.38459483841515774,2.3975217182951667,-0.283231829277092,0
100483,109.46,0.1654915641331403,0.3582345940144528,-0.88344410576185,1.5007363826579414,0.14556948043974274,0.6896023787092928,0
74601,33.41,-0.6116051462045847,0.14599591431263995,-1.0457172739623284,1.1911433727480356,-0.7067496589653025,-1.2930785944931573,0
150368,34.27,0.36736034914748666,-0.6567703583517164,-1.895006893597774,1.7601610751553105,-0.4004454261431075,0.2744750043194891,0
132970,59.81,0.9165676137777012,-0.2863014028941872,-0.5331372677397601,-1.323795444596859,0.953007957373568,0.4423847232745611,0
126020,45.29,1.9262858548553932,1.1240958947016253,2.2112429502825615,-0.6221409545721348,-0.3125923548005312,1.0769360713597977,0
151426,9.65,1.0995844643276695,0.14575863932765726,-1.648567599612877,-0.13167378245531886,0.0950333319300327,-1.32055823939872,0
98000,11.56,0.7536442816334635,-0.5615986763768689,-0.506948690259626,1.113741732233121,-0.8872192590540526,0.6766768691688682,0
165129,70.09,-0.11335479410729969,-1.1937118542442775,-0.037850690810116897,-0.11792437954886442,-0.13013307172873764,-0.5525835081225525,0
2079,102.29,0.2321945046423276,-0.24739293994743575,-0.9041388431014801,1.3790232409712908,1.5939525925054445,0.3856859266804977,0
90012,30.1,0.3510912916767348,0.7560878806950055,-0.5231437464415264,-1.7313159358110126,1.70534274265177,-1.2491903372179358,0
50990,75.2,1.193611755172588,-0.03134115266972247,-0.3501910303540016,0.6488475406246502,-0.28374718105791114,-2.774477242639241,0
83375,37.21,1.598110895751759,-0.9748843046390414,-0.0087895221227777,0.342995114071306,-0.18172249451237293,0.6231200983196872,0
77575,8.54,-0.435901469090433,-0.8669734564325522,2.9971982917191387,-2.1349218907610115,-0.0010219022026946231,-0.5344235616790998,0
149960,140.39,-0.6849961501263927,1.9306582590562598,-1.0295645922271728,2.9566916332265496,0.6208172009119944,-1.2910049123905396,0
125147,36.4,-0.4552205808827054,-1.1532601726752587,-0.2197437480218142,0.3676555467887745,-0.460873905319802,2.445938930674125,0
37641,65.38,0.3090468350240348,-0.9311652607769599,0.006547966636634446,1.1405163348462193,-0.33571395638839285,-0.15925230681381658,0
143233,88.04,0.15252588289761657,-0.35204965603229166,0.685558363217184,0.1601108906395973,0.795630872768148,0.5548012082191723,0
68673,221.13,-0.5545932404325518,-1.357698726867552,-0.33342370828241286,-0.5829662192618927,1.7522731900835546,-0.8892998491446578,0
11590,66.08,0.22957264107425313,0.2518694483180255,-0.20230001008711487,1.5976993259609156,1.0230098842164372,-0.3789775458752045,0
43309,16.96,-2.9667530687407306,-1.0903921988074388,1.4259103323213609,1.1358675163955245,-1.0782252255970555,0.8158390325714905,0
113824,13.75,-1.587188069678454,0.8708175518634642,-0.7868276307350374,1.6228759844712095,-0.4003973447357812,0.7534521007216852,0
33870,26.69,0.5644982040474971,-1.402929072413111,0.3058602707520377,-1.9901167372489352,-0.34124831932876215,-0.20624409497419843,0
116545,14.54,0.05996285769570662,1.9961523197549256,1.0642758718444707,1.2234601395161457,-0.040801581303208885,0.5129316405480331,0
123853,19.78,-1.4297242430303712,-0.8959470035887789,2.005768294509637,-0.9897750078695615,-1.8719948851431487,-0.3528534714028189,0
56133,70.78,0.6110709051105707,0.4586004538776307,-0.2993938433322431,0.639020475468985,0.9021171633115351,-1.7303126064039325,0
62261,2.22,0.8439514005189311,-0.14458676732644785,0.06073612558130447,0.4603974396254061,0.1266161121352044,0.5493988336672512,0
51693,14.35,-0.8358702556183059,0.8410815386064158,-0.11621726325138722,-0.015538158736520495,1.6146298343865721,-0.4360528058720126,0
78257,58.25,-0.7067431816423531,-0.8543096504143626,0.21403383781103172,-1.2715402502782231,-0.5062353352023726,-1.81775659745302,0
163202,52.26,-0.8386576375205848,1.1121490628065982,-1.5658563846543787,-2.077961258172137,0.20419746861408708,0.9316074949748296,0
41862,26.01,0.7356551436413686,-0.686880234788128,-1.108016393980767,-0.8807150311069579,-0.4353187015656371,0.18949453678351622,0
64307,308.43,0.659849612104565,-1.2204142108110847,1.4744603266068357,0.267968799210738,0.6791173315494465,-1.3780000916634214,0
31781,23.13,0.3029623074987311,-0.3166834879634098,-0.3001556002227654,-0.38931972298531436,-1.068672767066792,-0.38818864765808114,0
82189,37.74,0.5557421780428925,-0.8653895050452268,-2.078519748890523,0.9622177013994835,-0.022766671219229605,0.1297264914981929,0
151388,19.87,0.23154106881380565,1.4901435958834768,1.1113760889892559,-1.221575490661523,1.1777054781319163,0.29231318030162234,0
148697,419.63,1.8641995258873496,0.1921922494586957,0.15696862704876002,-0.08052964978643137,0.42877219013554113,-0.4306286017901343,0
105878,25.34,0.3463127102248866,-0.14448784144442942,1.6003972988892943,-0.40969388995269546,-0.8139311105973189,-2.271613783978662,0
42533,35.17,0.6268770635290218,0.20783838336407062,-0.38046853611733444,-0.48165745105457425,0.38568916486149896,-0.2675118006368401,0
131127,53.57,-1.245051223503995,-1.3182762920299418,0.28710063740125935,0.17858859883365027,-0.5306167721151521,-0.22836559264163117,0
4006,42.02,0.8145354596953241,1.0945732912205675,0.37681507104077705,-0.034381930295863034,-0.1511077721598841,-0.06129162164368015,0
71719,24.45,1.0185374276503947,-0.9183161373284012,-0.6936979676166672,0.305402681893426,0.22337119471989172,1.5470330638753529,0
144931,3.03,0.28638674395539016,0.7986482071911434,0.5415829319994119,-1.9047312186239949,0.914945262528311,-0.49234918078680157,0
85999,112.26,0.003060116738572855,-0.2377233733471127,0.38126914696797887,-0.1669213335892823,0.35755864573026036,-0.04045476599283394,0
130841,17.43,-1.3040031778366379,1.4861513251433442,-0.8111440147504635,0.029134890420073334,0.7899054969295414,-0.5735974236464758,0
81889,5.5,-0.5973810610451429,0.06429487858758168,-0.9365198458054912,-0.43115506641736445,-0.587028406292586,0.3455172712828626,0
24995,8.7,-1.177031631453071,-0.07047357387745573,1.512126142376654,-1.4308585839323829,0.34540698843914275,0.3350134800073874,0
73297,17.19,1.5891473016364572,0.09852602490538785,0.7158663371640762,-1.7373280625641925,0.577044082566334,0.3169591410187639,0
134055,55.42,-0.11965890247315014,-1.1074614086276906,2.2461880135582653,0.035058417871113794,0.09143990321022591,-2.0776447816806622,0
158518,18.99,-0.11657134645332866,-0.050942279063403054,-0.27483237805722727,-0.5653872091201171,0.16923956342639174,-0.9623259293229973,0
149143,220.81,-2.162032299927439,0.20327622105746257,-0.3278153102393581,-0.37517372483555633,-0.2786408421585792,0.8372118583636283,0
120951,40.85,2.27409356914324,-0.12265510030761952,0.01261283435224257,0.8515481352645246,-0.04775287882518631,-0.5279286031043562,0
136039,52.5,-1.6713322676347722,-0.1350446018627742,0.02726450763447467,1.7480412517110477,-0.3102597139204678,0.9267044828267068,0
166375,9.62,-0.9415339202677434,0.6871403060029787,0.4410541128156447,-0.10643050958138787,1.3480561876487316,1.8112213872727128,0
161121,139.27,0.193798713767092,-0.12799697521339518,-0.14967537401326075,-0.5713621759117792,0.9994640847007261,-0.6934292426154812,0
133172,33.77,0.596081494132487,0.3948200204121767,1.4692134397269894,0.10288267613677246,-0.6017875088606148,0.959173625095324,0
8024,1.32,-1.1561273671510321,1.0062507994327152,-0.896775244507152,-2.906774048795815,-1.1001920513341499,0.7550737317968852,0
113688,15.07,-1.2814909728688244,-0.1435246694229566,0.17165376996889647,-0.10117671227742496,-0.22456196767248382,0.6116920474979233,0
148172,29.77,-0.8005903423481054,-1.527580941355759,-0.6603312628001164,-0.6110143517605632,-0.3048659782235659,-0.48894142215976494,0
47406,30.51,0.26086617472197593,0.42679019325864453,0.30227051295451685,-1.1234570071594123,-0.8542143677178806,2.215520699031174,0
130513,197.31,1.316176081530022,0.17942952129493323,1.4625303826914446,-1.9310614920340123,-0.400428060508607,2.068547583922264,0
56307,49.56,-0.20891795737087174,-0.6088231624233649,0.9027131482849698,0.018093481560502625,0.14510228636122208,-1.4069690111770783,0
26017,124.02,0.11430875305924776,-1.8615133606592003,0.21028456389522832,-0.025675260354486758,-0.8793968232136988,-0.07922877727680845,0
2257,86.31,0.22654275093099605,-1.0043402622995898,0.05917346556049609,2.6429104826243037,-0.046162051069567465,1.1641135237115698,0
68803,22.83,0.3424508791769014,1.4316359869379698,-1.8104228817303614,-1.8346883504522455,-1.2988559037700649,0.0180084233707566,0
33142,61.54,-0.35385896282010376,0.4766135070198144,-0.24718536535441432,1.1081978964258854,-0.7515840805645901,-0.614795086388384,0
38258,53.51,-0.10200628012726169,-0.31257742539469074,0.31530962677059116,-0.5772558209917463,-0.2527310933573347,-1.067882871540227,0
86123,65.45,1.4106923204208948,0.3285631151875155,0.2908711906440859,2.8671068171879743,0.54508575641121,0.5519098503466282,0
14671,47.24,1.1687227942312366,1.038654287319735,0.05139196897484001,1.3797352110865708,-0.9123162473186384,-0.24438025042233152,0
163551,14.95,-0.9273730056959336,0.4532740421331758,0.4634449381160623,1.1995378386479092,-0.6311183737934328,-0.07438918449552662,0
49268,14.94,-1.8829834466717266,-0.46610819954417965,-0.131120463249672,0.6064926261587394,0.7752730116603032,0.21981285306286258,0
18888,8.39,-0.3056324424067956,1.350993905727516,-1.3925125671384784,0.3793253640306142,0.4303648628345135,-1.067255024069557,0
111497,21.81,1.3869598902732805,0.310186516828704,0.7804975206878598,0.6095559689958032,0.6975475348785649,0.6686551611583593,0
111453,16.66,0.5308015836727296,-0.32364904470916106,0.7188634195406998,-1.6688667501940821,1.5797174674482222,-0.861814007519286,0
94071,76.68,0.1699745397492694,0.29613358988560473,-0.8302621507200517,0.4259831217850366,1.0997000379703223,-2.1041957999317518,0
23816,109.64,-0.695680744166515,-0.0015718073731942623,-1.098695815068532,0.2249441505370227,-0.21443169008619967,0.37623393120866366,0
138051,36.7,1.0896295229091613,0.8438287744856245,-0.8197313564388596,2.30044997671826,-1.263559944602884,0.7442198455991583,0
118418,125.53,-0.3536525548815512,-0.13856762339741077,0.3070275179293628,-1.2485286823242678,0.0033137815325484914,-1.7427358217747526,0
157364,29.95,0.6712701367053535,0.5201764216002716,1.286050103863426,-0.05112178873304408,-2.544154620428673,-0.3182601643098657,0
139777,107.61,-1.5297740801093362,0.5512559223347099,0.8681754795558938,0.5141469076343045,2.1526590903618907,-0.43943046028233157,0
91006,20.13,-0.25959672180927,0.2937473516739988,-0.9287833699834165,0.24467034907095767,-0.4093018882339617,-2.6677584342771024,0
8770,10.28,-0.28479555664743317,0.5652002170845991,-2.2366451532207154,-0.30320108632854215,0.8585733615249258,0.0828228911638376,0
101358,6.92,1.4141103906067818,-0.44137750329462916,2.3970239182011865,-0.8331377801895606,0.5271195915578544,0.39912680795521044,0
86206,49.93,-0.6275400027440727,0.5660574588320672,-1.664665985025513,-0.7018583902422526,-0.6131821284018295,0.0021708471959423757,0
24045,78.02,-1.129667459310537,-1.5341809606872214,-1.0381069864610342,0.9230148192330175,-1.8358166328024461,1.4137885207784278,0
77842,123.74,0.34936355348237974,0.9328388923622372,1.804104664586301,-0.15295072936620885,-0.7519416211486548,2.233240529868228,0
65697,6.23,0.44841324947910954,-0.3546803599307581,0.2664460756186423,1.1739282473548094,0.6966765747648956,0.4264166874443022,0
157686,39.9,-0.29987747449661223,0.03979945411601616,-0.9738661536932566,1.0895044595630559,-0.43986896240881934,-1.2694632369690175,0
41153,31.93,-0.30462264835473557,1.32240432481173,1.9402542934819118,-0.4177423670415792,-0.18680854289301907,0.31752592031489413,0
24285,22.86,1.4781212260994843,-0.09259939526839296,1.6424192459283222,-1.626430758916577,-1.9244545968629527,-0.18740453469285626,0
159937,25.31,0.67101780491777,0.11003482393284925,0.26682617108038714,0.47894018893263096,-0.8206695194435634,1.5884158583330779,0
111431,26.53,0.21930891313205408,-0.17117119524153482,-0.18445447065456805,0.6020525232101246,0.6527431539021201,0.3914343449942616,0
127795,51.16,0.6248178230538752,0.2745139874932834,-0.476098469442846,-1.0129745958199576,-0.9003469671117644,-0.04374794602212695,0
151175,30.21,0.283130822319525,-3.635200227540102,0.746394873522203,1.32712855550037,0.3328892293637407,-1.2169305069601424,0
55318,10.08,1.4916738588018077,-0.9896592875112686,0.17966603887158733,-0.6832666972178264,0.9171386615205124,0.43025962758246605,0
7531,12.94,0.45722481194934356,-0.11226376719129758,-1.1916485388987084,1.1824765664496855,0.31083222911616043,0.7576378895174982,0
129948,12.6,-1.1512266575071441,1.9008887896036848,0.7599128431764837,0.27118420504387725,-0.8338986850667802,-1.0878491159442885,0
170492,75.89,-0.2610087241723136,-0.5210889621309163,-1.1778363550763036,0.09728466512625855,-0.45269792559143307,-0.03709896979779544,0
31433,14.1,1.5095239926988544,0.22731379549231806,0.22384668977965672,2.1221094572335484,-0.08009339349343572,1.4342464682703717,0
92493,54.21,0.9177721505515003,0.5488785155203335,0.9305107655361015,0.44240676382570304,-1.3714657565980801,-0.8228200438046198,0
166690,277.15,0.7458565180985776,0.8228420732163579,-0.7997979377203086,-2.216120646951888,0.37186191593013557,0.49228237366989974,0
171675,35.29,-0.6937666074967505,1.770957553347745,0.0921212820729715,0.49065968072538757,0.3649028563990718,0.7013052862067984,0
109556,13.51,-0.5587995720623407,-0.4578169695901857,0.5107320661358935,1.377577335845417,-0.13156218590924293,0.8750245019935591,0
90306,7.07,0.4643205608266651,0.882924805586752,2.3906481343358488,-1.2670019761212727,-1.3326856451477445,0.6458666683322314,0
109472,5.77,-1.742082457705964,-1.2055823510237553,-1.3313494413752138,0.9200009845150428,0.1042775387566231,0.5016044883213614,0
108319,5.55,0.320187854921873,2.312044056359531,-1.9102541812810507,0.06482389875544045,-0.48904016494050445,-1.9100805144148183,0
84878,42.15,-1.5341246934488515,0.45228999257091806,0.7565529007024825,1.191006549750692,-1.8386298986440812,-0.2919785595855003,0
167823,26.39,0.49200405410295983,0.38785754341559575,-0.31670793232591443,-0.5318222752312214,1.6129713899394713,-0.7127943198313443,0
109162,186.41,-0.2523534819908905,-0.3789840740581913,-1.3545996610726423,0.14482385479938018,-0.5249089867407795,-0.3661610953788138,0
76709,12.62,-0.871590471068428,-2.4417069869024868,0.5893018059441726,-0.9263374673136506,-1.8906579554280043,1.3471297675692413,0
90852,58.54,1.164990882563923,-0.9777544010420485,-1.7353107035927715,-0.6469428195881666,-1.0021383780898518,-0.10189562611957757,0
162580,4.61,0.09345849176635274,0.8248840377287843,0.5306351637445099,-0.9802789352960511,-0.0230199841502025,0.22418970382801603,0
111603,2.07,-0.1846109944370498,0.21566278748606432,-0.1447323989185361,-2.154383706340724,-0.9701876365600021,-0.4770516919944948,0
24070,19.18,-0.04991023304116202,-0.7687668285606931,0.1793980391804458,0.31018321810826505,-1.067073216070822,0.8329184031213258,0
149886,3.91,0.6513309519952039,1.0066246315965148,0.5038878713794005,-1.5801555868914396,-0.7218114533364813,0.5726986420968898,0
42918,16.13,-0.7621334485140979,0.05563012376578855,-0.3887452936715014,-0.9529682593324047,-0.045043534333108835,-0.7858184013247796,0
46289,476.71,-0.8331415233289663,-1.9865271419775223,-0.9396155812790263,-1.2314161690661876,-1.0530827448757445,-0.39132207752028364,0
155336,115.85,1.625330309075195,0.13268461913307683,0.7707831479812558,0.3215446393179984,0.39883073120450924,0.16909527219934303,0
161983,42.78,1.8955073459913552,1.5159451462942337,-0.8991960960480192,-0.3254625317424196,-1.0066300727987934,0.03708210431099252,0
153698,3.61,0.5790615726946706,-1.967094562906154,-0.7862974053748583,-0.3786786927501306,0.08602084893636384,-0.011891411161768305,0
147281,15.39,-0.38850706711885274,0.5340629563169517,1.449413768996868,-0.4267913953985256,-0.4688053252108123,-0.3106349201426755,0
78077,24.71,1.027959002257798,0.5446125041840371,1.7758468947911954,-0.5839537696703713,0.1360492341914411,-0.1319268896084457,0
160133,19.53,-0.9115933765861459,0.4249196023936837,0.15342119550391872,-1.578028582721122,1.3176223293096179,-0.05374118290622152,0
45991,49.88,-0.4050110714506975,1.0471766550029968,0.26584964850828446,0.48176270907364516,0.1748582962589048,-0.1361633163505026,0
95673,45.86,-0.39320100368219,-0.40867234570604166,-2.0755950648778367,-0.5904269540597518,1.838305516151506,0.6102235632110339,0
168383,204.5,0.7531899497325488,0.25043028300104486,0.7058941961045526,-0.08540175106826788,0.7696820187432052,-0.4043698094403979,0
69212,4.04,1.558294956772448,0.629476497114477,-2.2176465207197604,0.6926513169503377,-1.1288981288559767,-0.7177862563134088,0
168220,15.88,0.5704860860796908,0.28722034517527945,-0.624714166853275,1.5135414356022965,0.7460579388855285,1.4041275758547769,0
129951,44.59,0.05469486537462616,-2.3164448569274905,0.6460809376377294,0.1116108572446605,-0.08406462726929725,-1.1957083472240397,0
72692,3.84,0.4931956884898786,2.748782415910065,0.669252564126162,0.20415956024204565,-0.6562933160502777,-1.2465218838312986,0
5110,37.92,-0.9621412281903847,1.0028097519551404,0.8403635995547787,0.24566324137724918,0.5669309652814761,0.9698812070148356,0
75357,24.17,-0.12454847968642378,0.40271818926982167,-0.385715369038408,-0.2250322689615891,-0.021834076174770664,2.359452622486324,0
27712,22.34,0.10254143981752241,0.36731938784919665,0.7031563164196175,-0.17995554918037482,-0.6945068504706754,-1.2763856116888015,0
33691,2.9,-0.4597413950630392,0.2557842523263653,0.9903862366113527,-1.047532781037,0.10673977736161182,1.1912543194591607,0
146110,4.15,0.7344258528096671,-0.5305803556472093,0.512583152688558,-1.0524419266144223,0.8764954501520517,0.005907809480906101,0
115765,73.2,-1.5693895953746837,1.0214581040153765,-1.0381392850114375,1.0639558450458475,-0.33464715863394856,0.9574314604545224,0
144572,9.09,-0.5499248324643456,0.16387140173645573,2.847009588957641,-0.3534597702862842,-2.499269539618582,-0.06698648884471536,0
40379,15.29,-1.2237448466562693,-0.4901909062286882,-0.2345229260809859,0.33280712525074635,0.39633816166012553,-0.5492422532930129,0
134092,54.4,0.9537602558113537,0.31912084186854134,-0.28948326918784945,0.2503526084510541,-1.099486882075956,-0.5514705080444088,0
139789,19.53,-0.6060838322196587,0.2744601776138416,-0.8080534290900372,0.32172137201579876,-1.1502281782422386,-0.29859953031992176,0
159136,11.22,0.7834656483247346,-1.336722084146622,-0.4206193424560216,-0.8119732927283112,-0.4516476363559422,-1.786399087503442,0
122746,8.89,-1.3293590589340638,0.055479918765380484,0.27098821468719997,1.5060127211756882,2.291959326935979,0.5288920961330046,0
13843,4.58,-0.28370672836473176,0.5985950914443922,-2.741489429477377,-1.6541460305732973,1.0911386331964843,-2.08264511304711,0
108066,20.42,1.1402505526712048,0.3147625614551637,0.6893825429756253,-1.408663267758591,1.389608553768826,-1.1564357971176482,0
67215,50.31,-0.8687675445729097,-0.27695909422716564,-0.36611968937534733,0.13901318105897514,-0.7287715286762789,-0.8190081164590941,0
23377,15.32,0.1949677059907586,0.7824660218746737,1.2121067127178047,-0.8057858969738931,-0.9517788172640964,0.42238390058315284,0
134165,19.31,-0.09731115070159116,-1.1917191336173432,1.9468219623461143,0.9540434114633092,1.1886187158289152,1.259955981489124,0
26143,11.43,-0.23351266402021742,0.3247514004984924,-0.31828194258887565,1.0633522346790478,-0.30622987427228093,-0.4296890562525566,1
166508,34.24,1.073118026799375,0.2836784496988527,-0.043116545113752174,-0.15700266845691765,0.5104567307912509,1.7814863645185157,0
146295,28.45,-1.5144140623981206,1.0867589770265649,0.9530880549924937,-0.6468396770854272,-0.5201524864952068,0.7317542110103611,0
10878,51.63,0.7230703241355783,0.030268671108619073,-0.13722517655853597,-0.9114736501237233,1.5702922982743863,0.1278724954109077,0
68388,36.04,0.7700501089175859,-0.5551251558036121,-0.1875038837287729,-0.9012997076203142,-0.2691693304958912,0.8506333940173941,0
94456,32.39,1.4617170162571183,-0.10119762731753187,1.2439419249661245,-0.320845894335097,-1.601592514524967,-0.443449437650773,0
137069,27.86,-1.2977283756812326,-2.8562754133411574,0.402164556572795,-0.6588028263717759,0.8858407471328126,-1.1097220699849228,0
31802,33.93,-1.375149392040303,0.4918781505788882,-0.2991951501693214,-2.050531225566304,-0.9732126983419084,0.023644655799445146,0
100859,35.6,0.056706648839265496,-0.6693560962502948,-0.7181956337876233,0.534113408211786,-0.1195917173778594,-0.9947728850761446,0
119729,12.82,0.502574774371437,-0.4725008930849044,-0.5309596471542593,2.050940379798099,-1.1884355910592455,0.029425051424444515,0
144129,21.29,0.45564691008859476,1.8379420299922753,0.4505983312791324,-1.1743529623173146,-0.3988777562084495,1.0901069687881986,0
11577,24.14,-0.3287248129662911,0.27747924133746593,-1.7706523099222744,-0.3344428919978231,-1.401984268282893,-1.683227248829322,0
90474,7.12,-1.5976197291684564,-0.950175462069795,0.7733416946447087,-1.5118047446784004,1.5880993323604182,1.7325942660262816,0
109369,32.09,-0.49736953314026283,0.31017582718283815,-0.08883214084491302,0.16978511645475586,-0.1812987856697749,0.8917642799146199,0
158819,96.1,1.862869121400177,0.5321161341863817,-0.046008828712611895,0.8540702507119534,0.030323871849971658,-1.6585810306791373,0
18489,5.65,1.67817992212487,-0.8924649677156576,-0.182967040566501,-0.9354550643937929,1.0933085409306464,0.7178709744070252,0
133060,165.33,0.6104398198094931,0.5130478674102508,-0.8099168567891817,0.48700925917353893,-1.9810471770732212,0.4215629025033875,0
165904,15.65,0.4050353858557128,-0.4880128031720859,-0.7651346671096204,0.5195304325159551,1.7129026503108034,0.5179694275492406,0
43950,23.45,-0.04785892765275731,0.11268520016037374,-1.8896977865979003,-0.43067639196021534,-0.15768313220202998,0.24912024654008813,0
63232,25.42,-0.9262391125885509,-0.6172845692552189,-1.815481913319312,0.9370139368194832,-1.0477990436021298,0.2954327912532857,0
58817,245.29,1.1891297814534663,-0.816023071946203,0.969767778003491,0.6007274452881491,0.6694701644574631,0.5780845089895115,0
161087,56.09,-0.22789255876583409,0.9660928553563207,0.09336519293159469,0.4935884858741925,0.6774129847324792,-0.1553669733555032,0
111076,59.82,0.13259767202610107,-0.4138101186218971,0.6249394903158797,1.3119927903920974,-0.5772215089269807,-0.4866252631122041,0
163317,49.27,1.1760109851977065,-1.5251056410143606,-0.1830028796239041,-1.497170935826414,-0.29797866679203067,-0.6601587613821377,0
124040,29.08,0.21416894113174983,-0.22617528768076092,0.3705020108280917,0.7152232680817521,1.2915044056340443,-0.2491306748985431,0
152191,89.51,0.7836604742267077,-1.1992824219641323,0.2952297411054327,0.6521026185671985,1.0012819300667923,-0.5843192198258019,0
36631,25.98,-0.01605403924858619,-0.7249193428916019,-0.18784282006379097,-0.09515935148561522,-2.454090251064134,0.7468800939723581,0
120987,19.2,-0.20716168909404023,0.8610979890066731,0.7952672124822038,-1.1150770384098139,-1.1613821472542445,-1.0348609854144502,0
114889,13.86,0.163427820386131,1.6700939005830893,1.509979610415489,-0.6852633084704479,1.5993921367192492,-0.8434252680080352,0
31085,147.68,0.560761268005573,0.9390291574991455,-1.0650175492146408,-0.5465506818544583,-1.3101862393458739,-0.6586633472108137,0
146968,49.61,-2.161303886302362,-0.6153138820737076,0.8178664249496361,0.7975770632642244,1.6804999601772739,-0.019920002477827964,0
59379,7.98,1.6080672471727289,-0.9146537353257298,0.1707989039338024,-0.6800656312549874,-0.5085829789129973,-0.795406890330463,0
55426,10.86,-1.5736290221169846,0.9342740176365468,-0.868676915480973,-0.5846618786742426,0.9282946120337436,-0.392177265428291,0
170286,9.77,1.4968802738508562,-0.29102147308529397,0.3316739616352778,-1.3489503447179714,0.7192706415763885,-1.0169124016784734,0
117235,9.25,-0.2606083323339582,0.794926017673945,-0.4381149273049169,-1.0029428030900815,0.9399325711491803,1.0608356352940937,0
100755,74.57,-0.3399837223515192,-0.308761791193383,1.8338247289999745,-0.9187266350054458,0.6171545484177509,-0.9017515254120243,0
132279,8.63,0.005205261894946381,-2.5701475485803527,0.4489675555702139,-0.28687297889860314,-0.4676929367310304,0.24460568459459026,0
66981,55.69,-0.6299700318556897,0.32876685144105805,1.2951961769007685,1.6623666696104846,0.42586134920843244,-1.3453391173926983,0
36041,34.51,-0.6568354686944304,-1.6970961432894554,1.3271912228017868,-0.32430188532020293,-1.3595869857989646,-0.9297507246523911,0
117269,17.87,-1.7931535024541505,0.22631595289847858,-0.7713772263396093,2.1059756741655367,-0.561494258229149,1.183002989767936,0
137150,23.29,-1.4597866719179988,0.04450208231923648,-0.15841623466821794,0.5667746812372123,0.8967959833638672,2.4178825780364845,0
163268,37.66,0.3740620881310435,0.22517093222693582,-1.9619668506783159,0.3453095561647705,-0.6915967079038972,-0.6644352515834226,0
44825,31.08,1.5092400198275007,1.230484356358352,-0.3744549147013793,0.6058066494015374,-0.2354029112864171,0.9005367329806482,0
68056,69.77,0.07166855388024412,-0.27867890283955715,-0.29289083020299683,1.133942553639173,0.7681257118783844,0.9329591528945822,0
41568,440.5,-0.3904091864216333,0.0347544782918479,-0.2891204271668269,0.8124349008239216,0.4164305004054911,1.1186035774008911,0
65087,37.56,-0.17022379197117923,1.218665210788921,0.557738828932371,0.3989371941674486,-0.5791725341077932,-1.8584810469607107,0
116192,14.52,-1.0794739195745453,0.27981185430235533,-0.6056772127571781,1.514144474772275,0.8986673917891066,0.15699799095958783,0
134393,25.21,-0.3270734308637865,0.25014771603535624,1.3703165001393138,0.09042492796542237,0.12367644248041414,1.450766640023374,0
97543,26.81,-0.15014783201743892,0.1609754975871555,-1.159282399230843,-1.1338191937539535,1.205344969426681,1.3196923579258877,0
100123,152.98,1.0608000718059476,0.8235461198419735,0.9846766948245461,-0.6502989524671549,-0.30382244654323404,-1.2621394297883517,0
146621,40.09,0.4591613159785581,0.8876229633803967,0.4596260372158683,1.7949786361446092,0.27185914779272075,-0.3978149274536403,0
42137,49.35,1.110499865647384,-1.203885634372985,0.2545406463995396,-2.449367245746461,0.1558906283815874,1.8761402076818212,0
132453,19.83,-0.8614434294642864,-0.7312609733270449,-0.1346154330632297,-0.36879586489616106,-0.027017167644053444,-0.7459701096565426,0
13565,31.65,0.32548511232461763,1.0759341227007992,1.0604042110786527,0.270321245843369,0.6270735070641095,0.7304857028244248,0
47377,15.46,-0.6683581639908888,-0.07882587947345479,-0.3297431588698678,-0.6110627145650674,-0.452502847691051,0.08264044798159674,0
5109,64.42,0.9919263098869546,0.5960086729861199,0.19087993591870805,1.1854805190416324,0.3144906723648705,0.6968881420523753,0
29345,204.34,-0.7090289023149722,0.6602587067065492,0.0944272243535302,-1.215784440783228,-0.473525630282306,0.1241057716724938,0
17297,13.86,-2.477506118629017,0.908090298262139,-1.1973976863003002,0.08144723446283578,0.13840572480730834,-0.33617535520027964,0
106297,26.88,1.907490672553268,-2.431121163971628,0.343370349795475,-0.8250929733350166,-0.1143310990593399,0.4711430813988678,0
19870,16.52,1.8640485304117584,-0.6073230454709151,2.1279180747572566,0.20541269721866062,1.2633272591179092,-1.0716986305156933,0
30448,20.88,0.27168358450003066,0.7733998160676113,1.2040011300856512,1.1267236367786344,0.18671756076823665,-0.39949271755314286,0
73903,73.75,-0.010939051960085844,0.7323480796505246,-0.35738766466323224,-1.4558961215399864,-0.405396978807933,0.662841769223382,0
11390,16.1,0.25203397993487703,0.6416252324412085,-1.2949739740960864,-0.06568047280698833,1.0659650683253792,-1.1171596068176461,0
108106,39.24,0.5053890117321368,1.0087625071331352,1.229781526972715,-1.8056332916225448,-0.6695035599268259,0.7292409766592112,0
161945,17.24,-1.104145456663919,-0.30683174438859473,1.7338831383786082,-0.43067512849503575,-0.8424737935365935,0.5720763242275625,0
102634,34.87,0.018252460856112946,-0.6590596905145408,-0.39669617996520684,-0.10862179788950874,-1.262571724112285,-1.1587854646590234,0
105400,5.48,-0.7696664090113885,0.3234523642603904,-0.6499442953076904,-0.17534641494419065,0.10958322757742063,0.0024072179382927834,0
44811,119.05,-0.6342747168173137,2.6903150072886937,-0.03590129760010782,0.028076181116170988,0.5232324522093772,1.8790506238647673,0
109388,6.22,-0.18487517719459123,0.6235995270520134,-0.2701601066121741,0.11898642139500626,-1.7611503871981196,0.6555856067586506,0
52329,35.87,1.9920944074974534,-1.2687510076012833,0.4354156527309408,-0.8045426146940825,-0.0979018359244179,-0.0554356791241922,0
52098,63.58,0.1871071001250919,0.41809142750660166,-1.482118370434013,-0.8204484667720836,1.5870092798760793,1.309848411660418,0
120430,19.73,-0.19449148486477605,-0.41631525734402774,-0.7458785064361894,0.206708916010856,-0.7698459035736699,-1.6182671890502973,0
110448,113.29,0.8582704301818718,-0.0021116799848234138,2.339996321932448,-0.3852894036112106,0.2534036652162668,-3.252029432671587,0
72847,56.07,0.31282223676684645,1.9401566318350625,-1.7406794364873834,0.8676601410556147,-1.5220042980059736,-0.5152800581608656,0
167188,68.1,-0.3812372872728735,1.018624510033811,1.605198015209525,0.7532150359989478,1.3360196867583152,-0.8503939971949341,0
139182,54.12,0.41870457829236835,-0.9222192771347147,-0.8497950030229446,-0.11887876313981743,0.8366533718459545,-0.6070463017262211,0
77709,3.75,-0.09931433779203207,-2.3775698299271024,0.29658383715080283,0.579976576957259,-1.61004259937593,-0.20837089335238754,0
18782,46.3,0.16538476902386298,-1.741716619866104,-1.3930323017088262,-0.5709403994926594,0.9203460103519285,0.7118888480489975,0
3642,43.3,-0.2867216948200629,-0.1805502908857391,-0.801937475063715,-1.1656700856318827,-1.680897285644227,-0.7203556403483432,0
44247,114.17,-0.5459619271149279,0.9017646879402839,-1.8758090928476314,0.9444998536241601,-1.1462363070990913,0.5836819998960658,0
137982,69.38,0.8852563208659603,-2.470663282879401,0.7752307288377537,-2.0531545098475052,-0.5900433712773638,0.9916132425623647,0
43919,31.28,0.17041541759311193,0.4436757268881162,-0.12019834358743646,-1.5075300261914464,-0.49910349080404093,0.5922452166433445,0
70453,63.95,0.28158340508583424,-0.5844992156219503,1.6104847353232035,-1.667827514417087,-0.5585297227011347,-0.8614008465181893,0
23959,27.59,-0.7704247991378789,-0.399424780986017,0.8524412648213425,1.1893913786129298,-0.8468188477573376,-0.8891079128598076,0
65901,24.39,-1.046619108093502,0.18844008042075686,-0.09796573209675552,-0.31607974940378175,-0.35338589955123273,-1.0868667555714044,0
68842,40.81,0.2948306892096945,-0.4332841736278544,0.5558564515518563,-0.669053934716029,2.639206104649941,1.3252978342221797,0
85178,129.85,-0.31120828917368143,0.0879642774742757,0.25057248907487145,-0.29516859796577616,-0.6663329518217799,-0.9337167905851166,0
73340,24.04,1.5884471762401118,-0.3855589799624851,0.02198155264360243,0.21006361295742812,-0.17076626915436685,-0.6696849337770603,0
100776,5.24,0.981149715570353,0.7641876161355642,-0.4154504830387495,-0.9890044382860126,0.15557035680024672,-0.6939222189225577,0
119879,30.16,-0.2880627983512786,1.0784261944729465,0.9011436305292249,-0.0851760922710017,-1.2646860350902882,-0.20149189991337269,0
152458,92.35,-0.6760707152936095,0.7400783657052865,-0.7676701543048088,-0.3160629716374493,-1.0301174234331814,1.2223178496279319,0
62493,44.79,-1.5763089967712456,0.1436308339881977,-0.9772688616230066,-0.20167802751111075,2.192968976061738,0.06544209467121667,0
111487,66.28,0.8519290707908426,0.6940326109679394,-0.6145293391735335,-0.30957627357975087,-0.4297466634439692,-1.5852013601705917,0
19033,17.26,0.087204992037267,0.3671654050430446,-0.3064518000111888,0.2998304641277433,-0.4338928181659582,-0.26259290006952823,0
69087,14.5,0.42136025430670854,0.9126023140297436,0.7447382697153198,-0.8564760891275723,0.5994875235681804,0.454644578547429,0
158496,55.59,0.23773172790598612,0.9902995470995242,0.16261562358226733,-0.18602566320621514,-0.08017991687325322,-1.054835610250261,0
159024,89.14,-0.29505618980564213,0.5769204106842927,-0.1251749202948624,-0.2961395798337102,-1.9912469800306216,1.0288683147158495,0
38635,87.25,0.808988609229009,1.1055931452894843,0.7554617138709632,-1.542681989972529,-1.147069478926436,-0.934891526418984,0
157504,277.21,0.17394720841281136,0.05520800899233323,0.5373654249348249,2.0551927425907137,-0.5240694027760878,-0.5953372747430775,0
99003,75.34,-0.6650318903039252,0.01620659948405166,-0.5028247189356159,-0.1481704047542305,0.11994831716388846,0.7800120015428897,0
151130,6.9,-0.10861665493834241,0.03627929263833515,1.624191327722064,0.9852892331110225,-0.23634162312103854,1.0126884626657082,0
63610,13.78,1.1780873685621747,-1.384596624727349,-0.4484904308664313,-0.5418230612713224,0.44285166930710723,0.030107823856040616,0
1062,27.24,-1.814883829481406,0.04668173416196121,-0.31856666806083256,0.05798294658884979,0.4093475302488602,0.5303092737415597,0
79973,40.15,-0.9809467270133695,0.8513421221731372,2.0365823566720804,-0.7885857119279899,1.044291797949948,1.8231391320249368,0
37711,9.65,-1.2465619661594265,-0.446454478255048,0.9824388307289077,-0.5765909254858096,-0.12382510339204789,-0.11971911463096993,0
52487,20.41,0.6312243569717831,1.2150656055916387,-1.1550298404080184,-1.1199452705772128,0.8460716299146366,1.7177800661919977,0
137023,140.8,-0.05123583553219154,0.3330584350670474,1.3519573053984584,1.10227652658535,0.773266214763601,1.0308470804937446,0
14357,44.65,-0.8938332206390901,-0.6538970942319644,-0.4002229523995679,1.8780420354493812,-0.9949136759617321,-0.704617489491256,0
79818,37.41,-1.0179494461351504,0.31982306261406573,1.0778730765648021,1.465726412989435,0.47505673125040004,-1.7200727322908453,0
10014,5.9,0.43737267417966835,-0.9067289653500941,-0.030212726784283335,2.0439587625081876,0.7914083074850622,0.04152041363181408,0
159210,50.99,0.14340596107130443,-1.6963162351162222,-0.3150636095991657,-0.07851170476175597,0.6302361987253822,0.7292151829307869,0
116214,14.28,-0.07939638138549375,-0.5717385822251894,0.6069137102870481,0.5242032612170667,0.20438134207027742,1.8812455979210698,0
23248,17.97,0.07427369019014479,-0.22888016315794182,0.9073429460610174,-0.9516528236172116,-0.7778028998325223,-1.5071018688416722,0
117886,29.28,-2.153588112944552,-0.5075313435257685,-0.2592759743787534,1.8220728655385423,-1.1541132267947551,1.2152901726375547,0
119180,148.03,-0.8819607642671741,0.6378983162599249,0.7565941185064321,-1.3387992115794456,0.6754232718412619,0.11386689372979152,0
27044,64.05,-0.9896509661643634,0.7760873728625646,-2.13962756355356,0.685911119668968,0.9798322570613639,1.7636262002007375,0
67649,19.5,0.250951020712043,0.33014994939193854,1.7419225318939382,0.9561734355606442,0.06236948020465527,-1.1920339103771125,0
139407,11.28,-0.009159038534655271,1.1111452152044625,-1.4798649055088138,-1.4946702201942292,0.08783013059273874,-2.1458320051708855,0
56481,41.22,-0.10017276878675659,-0.530010758779966,-2.8485270886516063,0.7459322245237815,1.7598880157667738,1.219267577181673,0
76848,9.14,-0.04504447845515359,0.6985754808620198,-0.2541087115983586,1.0376400147631857,-0.7206666241293449,1.199225634489599,0
133241,24.4,-0.4496501938428139,0.505864358116156,0.32474332035109527,1.0088861367667623,0.945497250221145,-0.10052449239517819,0
172312,59.51,-2.1146935990737354,-0.8208389588502913,0.9899508544001078,-1.053636614046387,-3.4533540831877665,1.167136844311641,0
55276,37.23,0.21920418763358843,-1.0421748070984445,0.8852366136499785,-1.2887418956196781,0.22727741267959795,1.0606458181492784,0
16371,60.88,-0.8927733072761507,-0.8459630326292517,0.2787457541300641,-2.096914179225179,-1.9765943199957308,-1.953615546009279,0
142077,27.18,-2.8106283166180837,-0.7877582576204393,0.429088403610932,1.967366111091494,-0.49955522737033137,0.5160874099730932,0
125117,18.06,-0.14170872170182425,-0.08163436001124397,1.7469896981754964,0.2545343010369479,-1.2241092929767752,-1.059827690063636,0
40583,13.99,0.0765180622437113,0.14187804262849532,0.8745876458098074,0.6352284787912039,0.04616237177802067,1.2951133058467754,0
157661,85.74,2.5303696686416894,-1.0707543763385026,0.41768140501724765,-1.8973773305228165,-1.4711633827566035,0.6336381650075443,0
15037,1.82,0.3366014275621669,-0.203298244576805,0.06893105230847263,-0.606868016044455,-0.6960867266665095,-0.38525601051275515,0
12132,17.36,-2.423874781797327,2.662343457582706,-1.927901356961489,3.6672410502841517,-2.9433078370189945,0.09478817108383852,1
80059,6.58,-0.3056320547856803,0.751090543003633,-0.21231144798041618,0.5516477064252365,-1.44883443913276,-1.0162678567278296,0
133872,8.83,0.4522743776485788,-0.5560525574794034,0.08164273442115923,0.4591885228916088,0.34581519415153167,1.2410683720446407,0
146011,36.56,-1.4548921652893105,-2.65508201787949,-0.9379224926030842,0.028680695698867664,-0.9892623693210745,0.9459979627698588,0
45272,11.97,0.3699256130043903,0.26621526015290703,-0.5546668745880683,-2.069439259214251,-0.3574338424973447,0.28089743707530834,0
88092,44.12,0.40582408667381425,-0.14468576074234318,-0.07728950014938255,-0.10223420988301203,0.2371750000196554,0.44182522692931386,0
86652,14.22,-0.8065096290255822,0.8252244191816259,0.8212011497518233,0.23103032574284177,0.6863148050442303,1.3016471347954262,0
110641,26.58,-1.1164508551840475,0.5232190111769367,0.6803028920604759,-0.3715092255018381,-0.17654970898298233,2.029209980470298,0
50015,147.66,1.8325612403560125,-0.0015145029480460542,1.078651945959726,0.953695132635774,0.007014183847499382,0.6510076509455287,0
38333,46.07,-0.15914947153772793,-0.18194543834241864,0.12100924319881162,-0.3022884430935042,-0.6021793504688688,-0.4287240810805829,0
84761,24.81,1.1003928922787292,0.3440001063050359,-2.124445143093358,-0.5497084021567107,0.27866845619765995,-0.5910775096059382,0
168383,45.19,0.42583912786040257,0.4462199711425381,-1.3494537952653431,1.253720825957946,0.9859374286474147,3.055904284427203,1
32174,167.88,0.29967197733792633,-0.4167916511383418,1.1908859328665193,1.2226252762759253,-0.4868201433990694,1.572259335351521,0
150354,57.58,-0.6783346293354934,0.11033543315937581,0.13074385901824978,0.5914325993210678,-0.9695387122359751,0.20568891737610917,0
16052,29.11,0.014694095544366792,0.07237551561489243,-0.8181342216376747,0.09330993806096685,0.49698571962377913,-0.7483982739469809,0
50859,67.54,0.6436687530224908,1.3458750031777167,0.8471112074394023,0.994893334888379,-0.7888432486005119,-0.9902039737037043,0
1759,2.39,-1.7047859057901145,-1.9314522890962216,0.5893696072695719,0.5966056135920548,1.675202424087777,-1.4034878611200519,0
140932,45.04,0.6635978685607627,1.1522136630686686,1.3173839179398212,-0.6997827442045963,-0.8720687744674757,1.4390281877265114,0
3358,38.15,0.13551800279179543,0.3385944331158625,-0.25881367049292153,0.8025913644181649,1.8421221078883918,0.42320557277182697,0
36395,27.69,0.21871826614148773,-1.0550207553771844,0.1396819652852321,-0.7957550770614096,1.598922114192076,-0.07078054990041978,0
70463,236.73,0.6561162018602708,0.5906880448441909,-0.974835576528597,-0.08121200975113507,-1.8387660324127755,-0.25653396444045323,0
170862,47.54,1.9116060670633217,-1.6363017850994594,-0.6153923257548771,1.8991853208368699,-0.3561704093020027,2.5914668712291276,0
112056,14.67,-3.321114555589139,-0.43175117503112775,0.07363889294023972,-1.2456688693400075,-1.0976697749222168,-1.3705529527607008,0
111576,24.09,0.44485822059832236,-1.2265605799019654,-0.5568147576570665,0.9477301127341075,-0.02894671533803824,-1.6876508375746309,0
76325,40.02,-0.8965855406471915,0.669868037904822,-0.9353972599822935,1.6646680302676264,-1.4581577913576127,0.31359267662220613,0
27386,19.43,-0.5217666572990717,1.801045196539334,-0.4326944606082731,0.04884846690427288,0.4519549545219488,0.6494152318255041,0
125535,702.47,-0.7996453326619896,1.311267655218878,-0.8538192067037568,3.746097431087855,1.7536203182878014,1.8780202711795173,1
125885,37.08,1.542806773769682,-0.5047154618351514,-0.041607495370393925,0.4173992775365288,0.6964829679167834,-0.3054849760766417,0
168876,120.55,1.5407523765167723,1.3583571664306051,-0.055424061982421884,0.3125248158232605,-1.2904869695563275,0.052994308185627045,0
63133,11.26,0.40251620973532143,-0.4709898102640032,0.031769712697634976,-0.4170221825783604,-0.6220020192279152,0.03257987479398445,0
35367,31.26,-1.6755804496240945,0.792740176305772,2.133645604681897,-0.39545909670452917,0.3093234987202181,0.8068246153534645,0
769,21.95,-1.8119893375620542,-0.1795298339759204,-0.5093450963307086,1.3749836362118226,-0.5974550708112273,0.7641677978004824,0
148586,106.89,-1.0182539014177285,1.3336385618598274,0.159036264731735,-1.086882306594355,1.1192727900621153,-0.9437910910215415,0
82569,12.22,-1.7951291966198684,1.2461649978779448,-0.8750446944279707,0.2897150232361355,-0.3767909878797394,0.2642512699082058,0
120606,123.25,1.1600825123986132,-0.5739346330742002,1.0261622148441978,-1.3177700445462432,-0.4034096213136703,-0.6051049235994194,0
150334,43.35,1.3427218613511855,1.675129939690226,-0.5532676586867606,1.3365940755444992,0.332424711020455,0.8700845071605117,0
153262,52.08,0.07321945031246505,0.6009137824153344,0.18911584971103457,0.21850758604612067,-1.4068224117784063,-1.4342654089613989,0
66809,59.41,0.12077046555136169,-2.239322666564225,-1.148848268166677,0.41288664338134845,-0.45790576499444,-0.6906783050345754,0
235,47.61,-1.5450564074064352,-0.17381485046937092,0.7665037670055789,0.5719956373926842,0.5766763115393011,0.43442511537812484,0
11111,4.37,-1.8482585300784151,0.16940307491206952,0.9104921319436958,-0.8580870493455784,-0.7256843148505718,-1.803684855896633,0
8605,81.32,1.3295342439705244,-0.9584493812548077,-1.8516569636800562,-0.33511706779395667,-1.311550901282355,-1.2264377646495301,0
76865,91.98,0.08497296263582721,0.26070616197127533,0.7984387259825529,2.007988106470156,-0.10834359239295796,0.8656339146815353,0
103150,41.44,0.4458388752292466,-0.6046808501274109,0.13292846482750106,-0.8535283081034944,0.6169688394565827,-0.2467458755942907,0
19008,8.3,-0.5439834133726836,0.35367937589104814,0.029432700419992814,-0.4908241829773584,-0.3286526879526677,0.08008414652605095,0
6154,20.72,-1.489284264440218,-1.4453998367807581,-0.11942316073584242,-0.7469903782071803,-0.5180006827421124,0.7596882500181774,0
126108,39.7,-1.1286345143792071,-0.8447374087911762,-0.14737622519781826,-0.13397847400879806,-0.5117741884962371,0.28182008601658365,0
32441,11.04,-1.812727965073143,0.15385422887349898,0.5316987339898607,0.648940416207971,-0.2946766797946561,0.7512506631054899,0
110684,34.12,0.26713629646173076,-0.5290246506387777,0.9452143122503819,1.5013625048202333,-1.1470043661317995,0.7037242080689715,0
167330,15.93,0.46041564984282407,-0.6673840543601282,-0.1869715128172817,0.25356822813784585,-0.5478080535254268,-1.0025550405807153,0
146985,44.08,-3.783022143655561,2.663190904448366,-1.5492907023291997,1.7924999083069033,-0.18948644464607978,1.5890815709404875,1
114586,12.27,0.14342893703732443,0.10067550309893408,0.7845362375298336,-1.1820620738764558,0.757872361932744,-0.4805279061477897,0
56709,34.17,-1.4168206706285373,1.2791060332218755,-0.399321292453391,1.7448112216450795,0.1777820499898134,1.870537932504042,1
75485,28.77,1.5042129006852296,0.5265477791536803,0.1283390272029383,0.1728373267675833,-1.7723990108582852,0.7177220691902199,0
77525,38.17,0.3731223970910093,-0.9086522819154584,0.3706139719478557,-1.680779276059283,-1.135488135927236,1.2664179058375522,0
23236,8.39,-1.4942635290662387,-1.1392861592102679,-0.725887583831994,0.1824993111126999,0.649538639491568,0.5973463810380026,0
128322,13.76,-0.5969720279011155,0.9151721507186228,-0.29369252570562915,-1.0978762882546842,-1.3243881256076575,0.7636425838823355,0
22931,96.89,-0.9469827656173482,0.3327052943741829,-0.9947172740359198,-1.2688487805472792,2.1868009974432265,-0.22794078592272754,0
163059,17.64,0.8301613723463044,-1.1595355504504887,0.23858418793060485,1.5818811247582527,1.5773042984707726,-0.16652401270302583,0
88020,45.92,-0.07810901011278953,-0.7833087567250635,0.35566987283862367,-1.180435019885239,0.3616950993696815,-0.8267411458526538,0
127948,22.42,1.745858970273136,0.6496048651128858,-0.6348026834673863,0.5197333059950014,0.8554618641914981,0.6616385017196478,0
121759,107.76,-1.5031550695996019,-0.3859331265155641,-1.1373402006101545,0.05588563769205454,0.33207543880324786,-0.3629770779469078,0
106288,34.79,0.25678325732472285,0.417459031363166,-0.34687439189009384,-0.8935881248984164,-0.5305678296877865,1.518775005491651,0
145342,159.56,-0.7602844386215937,-0.4999624972086356,-0.3842226148317383,0.5421789741016444,-1.8537327448341785,0.19730837768698647,0
35428,26.67,-0.21583075543615446,2.008909419096128,-0.5128188094563434,1.2603785181400424,0.652697520157137,-1.8351183421071198,0
38547,12.43,-1.9495901727260327,-1.2243997732210297,-0.02642552136706281,-0.28983989267729987,0.6934575067844043,-1.9261957256585225,0
47857,25.39,-0.4411766907937603,0.6208299452898662,-0.32326225938749004,0.5084471037977766,-0.38624495149849886,-0.403834091710351,0
65133,62.23,0.6729702060319175,-1.4126911524926313,0.06516834108320184,0.25438047962635973,0.028520151886810636,0.24179550101917074,0
95998,112.6,-1.0262423753029,1.1072729720038041,0.14018003100159276,0.33073003509746257,-0.07459358515516813,-0.7427638774108986,0
143401,105.62,1.5161161803550431,0.49260948681305256,0.04712027181092377,0.08983412212845515,0.43682471719238786,0.12516729994374381,0
134633,15.96,-1.1574157902154336,0.3583340711969214,0.9546668160293867,-0.9130597380603075,-1.1758802046045926,0.0025040613663185603,0
28854,69.89,-0.15201890563269788,-2.4825439859108385,0.033210179885372754,-0.19620166007908182,0.24155679420538098,0.27392730759628325,0
18800,118.93,-1.7262139619578896,0.7355668983025718,-0.5001690973739038,-0.2758983942588769,1.1836688741983097,-0.6242386236337543,0
4499,139.26,0.26881235641215423,0.5396547743450705,0.9245778658628506,-0.6900745939435349,0.765236753779399,0.2776193401825285,0
149696,11.31,-0.8323894449694428,0.7316723266209116,1.0119055837497712,0.4673795697267886,0.11076762892799707,-1.8302562104126654,0
126270,38.74,0.7588477658387964,-0.12407722610303959,-0.42394129956078275,-0.8103412863092737,1.243403439843132,1.1713424115085216,0
131878,20.13,0.4158027257204452,0.14999508990773913,0.41092099388177106,-0.5907805773742271,-0.40779237701059334,2.0776176835147977,0
18639,66.92,0.4202685290565615,-3.250333476195706,0.38364438496964126,-1.3613578712477037,0.7731551623576272,-0.024905317889254742,0
159090,26.21,1.1722749596080682,-2.080282617242452,-1.3339666309878915,-0.050453489217317314,2.0749225014902657,-1.941669965065602,0
164109,39.11,0.40787905089749094,-0.15237749727117703,-1.4756787481901583,0.7406840039235968,0.9441600582111546,-0.533116656858913,0
94776,19.54,0.8380140545363104,2.130104266320959,-1.250428545040594,-0.7760573868428163,0.7900325675403224,0.8887467215456054,0
64288,64.47,0.5870575345945356,0.05434029414187518,-0.4984640825408434,1.0311304346805235,-0.06373572056665165,-0.2748963788021193,0
167647,20.56,1.7772947680304536,-0.5363460269565219,0.2404627448017032,-0.2465739131214918,-2.1027889121949874,-1.101709759931012,0
6644,3.52,1.1701923340705616,1.2931480750212714,1.2867988527259013,0.6060851828803315,-2.003684111696817,0.04618361651617732,0
64077,33.54,-0.541473006507169,1.0581361125674218,-0.8282057056592972,0.1816001391292812,-0.0995882212079298,-0.38552837470486484,0
156104,15.2,0.8949300615655605,1.0452075820322506,1.401069355627171,1.2061145891945328,0.11653842761644315,-1.5968718202187981,0
82503,7.82,-0.01813424350808177,1.2032127822922853,0.3535139844484254,-2.990601448204536,-2.490751738300821,-1.6572079385712764,0
114650,28.3,0.26201657435847575,-1.457273658199453,1.2363181797064053,1.7189215737230124,-0.7380184398825007,0.5919837486117802,0
37384,23.68,0.8855770816950449,0.5648641321559589,-0.7474242459904361,-1.0595975050106248,0.1509413542027429,1.1103101279378655,0
93863,498.1,1.3451171736117884,0.7069754644705992,0.6834172312388914,2.199190148394691,0.36038427038837106,-2.6273364397165904,0
165696,26.92,-0.11648835263103476,1.5336228457329233,-0.9549640356430029,-0.4565800544885821,-0.2109724946124373,-0.7483776939374609,0
116136,77.88,-0.43473496812419127,-1.1363362231559908,-0.45666758990472633,-0.9006397479781205,-1.551215612881027,0.7143103295997947,0
55841,197.14,0.532022432272786,-1.0684374858458288,-1.4129175994148724,-1.0018031671930638,-0.17416766528098634,0.39764497401543053,0
71031,10.79,0.4335416104725293,-1.2369532584428453,0.8759738379125791,-0.31597238536431355,-1.169668502955249,-0.201826465736009,0
43527,40.48,0.9859483833147212,0.1973684622346911,0.044447918775506724,1.2934268749629496,-0.753649710906341,1.3776868872790455,0
86724,37.68,-0.5683376528303433,3.2458911966706863,-0.9495084827579021,1.9102719137673447,0.9765751379816972,0.6094489565167747,1
110133,17.59,-0.6844404020861826,-1.7890451542463222,-0.9074963807359919,0.5495266744296438,0.15804712185161696,0.46345076870067864,0
32711,41.74,-0.7507203344928128,-0.19458466303966782,-2.3480683971008265,-1.765521288915802,-0.2020869064379293,-0.29592395237321967,0
89833,99.33,-1.681376891715264,-0.21997008667302992,0.6791921419241791,0.5321239913499579,0.09047884735451558,-1.0400453814324517,0
1920,26.96,-0.33702637468137664,0.21498453633275158,-2.125453597944143,-0.6904210353634581,-0.17496761048237716,0.8146387134625491,0
4703,138.01,-2.072135116096487,-0.7295729332203905,1.0394413922305916,1.3070354319548776,-2.0769735223943804,-1.0782245441907738,0
54722,17.62,1.1932422751414316,-0.9436017159193308,0.8978052814453255,-0.15501342892457007,0.1820831132372498,-0.36782817114706295,0
1908,141.54,-0.10039005207735441,3.5583127864097683,-1.0686279024815246,3.820910364341825,-0.18801273515884476,-1.5612337141780048,1
97661,38.93,1.2167234924979469,0.645183496480902,-1.572750405691489,0.20278036280499484,-0.22204256863212143,-1.1465535779730305,0
96652,26.16,0.5011292760645764,-0.20044498267722502,0.9421743035938688,-0.3694171712863648,0.010975357338979946,-0.9156429732353404,0
137653,242.59,-0.40602915441271537,1.2074257491566482,0.0013533024656418782,-1.1782146354129148,0.004489631233426936,1.2770431665004813,0
89588,55.23,-0.9875229624269947,0.27982159594427714,-1.473280172893692,1.1564177714974384,-0.7765164241798586,0.26148168673772076,0
144832,53.48,0.6856563925137109,0.04687854330331131,-0.03656094262917065,-0.006764593656490827,1.6130807834767864,-0.4071498377934169,0
117832,55.64,-0.8141532565976035,0.5425042296645155,-0.16854591590355783,-0.16131272277353803,0.07583900284796226,1.4848968304103944,0
18351,5.09,-0.5270661182397741,-0.01736800750909817,-1.0551859446311727,0.02149690568995103,1.129816546358944,0.1570432301206552,0
58478,23.86,-2.767325422602398,1.094166835615131,-1.043277594110717,0.2400498284919416,0.1784418142130577,0.4457878488316868,0
25939,1.81,-0.5044226832971694,-0.9062181261926946,-0.816184171876115,-0.942870835389692,0.7676665568502836,0.284482462996506,0
77576,29.52,0.6621687539474996,0.21229961766047659,0.888838819539992,-0.1897867459048128,0.8767068347612461,0.9039541128711349,0
137809,63.18,-1.0257233949746074,0.7833847241542399,0.012963941471759196,0.5351210087995322,0.3562800497416076,-0.7895326606591032,0
8438,39.49,0.20207450616131267,-1.6600681494056964,0.8305502903301341,-0.7107439798880834,-0.7864838042565948,0.28163480374787203,0
82844,9.41,0.8596307868548461,-0.515434864681385,-1.748713037418722,-1.573434838990514,0.2795391689428111,-2.1029579005926644,0
25963,54.98,0.9338104260749966,-0.19992992311841679,1.9087762733777358,0.24100313766236015,0.8544067801457649,0.006345309800637443,0
18313,61.96,1.2724833308487593,0.6868469770637194,-0.14915398896724377,-0.38409091821079866,1.75457259756306,-0.6701774545699142,0
120263,54.83,-1.0802670597806927,1.6201586849567073,0.9973506565515259,0.4955050980952219,-0.03269763638397336,-0.6361687813528559,0
61510,78.53,-0.33227270125008823,-0.3340530820568455,0.2643014140759551,-1.7422589694800203,1.1618374321204779,0.23813769177684987,0
59676,15.69,0.5755619258303651,-0.4905957419034316,1.5151763934435558,0.3017888307971837,0.9421013164195751,1.7892660607670823,0
144063,9.88,0.4261565596461849,1.5206009017632118,-0.1618292630143563,-0.5992217945308487,-0.726656632260249,-0.41400809511926007,0
153772,66.21,-0.011997344627723866,2.485313924533686,-0.3892111451967638,-0.8402517646186641,-0.9860210241710703,2.34887597041423,0
31131,13.74,-0.3075773895637438,1.4779267361595356,0.14854752771129245,0.3677878890656031,1.424812186366273,-1.3105125647186946,0
36487,33.22,0.3120621317267384,0.2061353796226038,-1.498281809324653,1.3571842469742714,0.33312205694220387,0.42158970013564595,0
143760,118.97,-0.8014839218310068,0.10666965536704488,1.0458029156995154,-2.5883591635514485,-1.6428105807866191,0.06735129778078071,0
137888,6.82,-0.3983270128816281,0.40105830769363265,1.3957074818675057,0.9676113661221987,1.3522810829223855,0.14019557372691713,0
163856,109.21,-0.15032837376370992,-1.426483156621165,1.1042145208197445,1.2465963142886531,1.858409405659278,0.03441584426248023,0
35931,5.28,-0.15932857750935098,-0.7098426594447239,-1.6749163979182211,-0.1962048968231049,0.2825536507424994,-0.9730751390103894,0
73477,15.15,-0.788047623233008,-0.13721170304420047,-0.5184356318775039,0.2698236323771812,-0.48891742334139066,-1.1225892759611076,0
114589,70.35,-0.758463922930865,1.538847290469344,0.6365983775086668,-0.040591836261898245,-1.332976235515629,0.22449498197211173,0
56358,32.72,-0.6069634458726355,1.2409391873848064,1.1165642691137982,-0.9892113838093803,1.5134334167313848,-0.3860490822851164,0
48651,71.75,-0.5737031442926516,0.8573221919061772,-0.6535992851816712,0.28816538694616667,-1.381680034110053,1.032003743804028,0
89045,81.48,-1.0777207457916016,0.14198945057559273,-0.2628490661603728,-0.35927903495371544,0.9082795597829884,0.26829116716341245,0
16923,179.89,-0.3098449013640731,-0.2154767161643399,1.353612109546766,0.05450442177395479,0.02734299427089362,0.5187680446311247,0
132997,66.79,0.4060940188486671,-0.8341590467165808,-0.2241663294909295,1.0110500156528333,0.2958119354084627,-0.8806071255411663,0
65794,269.95,0.807739555984151,-0.8167379318649001,0.5672417068069041,1.1366058865331667,0.17241034104890116,0.04895502445723428,0
48787,47.32,-0.3310243342080806,1.3854377816563823,-1.6677834605474777,0.4879127521278857,-1.4310974925837,0.9507901140104847,0
153077,66.24,0.015123261584553639,-1.4781137143876892,-1.0799322818968393,1.1711297755098944,1.2081687176903333,0.6878492438428068,0
50448,21.07,0.29593324034609525,1.2803520208371357,-0.034313330749808996,-1.2127150757988507,0.42769745763359107,0.29848810686414184,0
89499,60.31,-0.28121246228828845,-1.1711676678012368,-0.6046197205172072,-0.16365711056987284,0.3791601924686435,0.3601553046177644,0
54318,24.59,1.1122924498917277,2.1963322345225227,-0.7621051933876727,1.0989699958191375,-1.1830630064186702,-1.687023037718727,0
98540,20.01,1.5193363510906441,-1.124655688332994,-0.18488498309868595,-0.40444968246911106,1.3507701305538724,0.6432808713782545,0
98142,28.78,1.7443111147431112,0.5215951603525072,-0.9999470267933823,0.6687317308552835,-0.7005468158325016,0.05102161088260888,0
6557,5.92,-0.9672866929508586,-0.6148388435105616,0.27682902469009285,2.3729907440723683,-1.7392717916410128,2.532714552820738,1
62824,76.49,-0.21188953119824255,1.818464378381593,0.38658258917092975,0.07715802563167032,-0.5587573964470904,-0.35537987654727193,0
158763,3.6,-1.6612044051839225,0.9051191831693894,0.205960716209084,0.12405541783853893,0.14007845553686568,-0.7010151966770869,0
128386,26.43,0.2644816849513739,-1.9837622094530445,-1.5477064012411874,-0.1592956025618743,-0.4020902594174932,-1.3098467919710959,0
98538,60.29,-1.509993170579207,0.95586060652498,-1.6123576309253735,-0.27443202697245206,2.0571446489558993,-1.512823992935168,0
87265,25.53,-0.9427752402304745,-1.4554734756173158,-0.09952832764775339,-1.6550003997268452,0.2821637386138324,-0.24782180982393479,0
11046,37.57,-0.7100154428915523,-0.8773557351548937,-0.3563013177320619,-0.2849695087881883,-1.2284587785510324,-0.8339862664589361,0
134445,62.92,-0.6353053696216646,1.6100761231896492,1.6164255574900401,1.530094463673149,0.43125377240108054,-0.8755033069473153,0
76367,28.75,2.054092441435975,-0.015777688899670742,-0.3098522246904981,0.9526867549081701,-0.2920540302498895,-0.012545944916305798,0
133943,17.65,-1.0828405288683434,0.8452803046068483,-0.1376568784726773,1.0316231128716402,0.08556974075621303,2.846985448754231,0
99441,27.52,-0.125819351548333,0.18145900694253897,-1.4483559179583039,-0.4408095313485774,0.5617634898810563,-0.599472443644554,0
145148,141.89,0.5845669775260194,1.2601692177168569,0.7765213223345564,2.362142215923509,-0.48399873301409796,2.027471733516702,1
136028,27.67,-1.6556393601700825,0.04168120721690878,1.3276978629316667,-0.8399628703721986,0.5502674677899182,-0.23243834878877506,0
129714,87.37,-0.8555276879406237,1.9212374170896127,1.203874741793595,-0.04799453159933417,-0.7904842720890186,1.1351543656180323,0
142628,68.91,1.1971785314619128,-0.7472173084867436,-1.490082675576618,0.4908416254929437,1.0241623266068782,-1.0667248176734219,0
118012,46.46,0.7985666731105902,1.5356309788110316,-0.5472878832053729,-1.3312199885071314,-0.9306495645577362,-1.5957105531940339,0
103751,35.15,0.9459409606394378,0.16704310416914414,-0.7258836617208037,1.3678304271765602,-0.4965890197181455,-2.003343978082159,0
155801,4.75,-0.599355705052997,0.9565494617872686,1.653440108825843,1.7635193328176995,0.23850487380859514,1.0959743249401694,0
6859,25.85,-0.17017253140078376,0.08329463754680776,1.3880900323792782,-0.20179710300160927,1.0170215216016152,0.9904116739094514,0
72391,33.85,-1.4330404046178542,0.11859442305687404,-0.32443258174848666,1.7810919952862079,1.454955682372252,-0.7605548258126817,0
38765,28.27,0.5666021483927255,-2.2199890875563764,-1.2169625768435197,0.14500631736136646,1.7339744484671626,-0.8424790842487032,0
101371,149.77,0.020121129580859987,-0.19408013233309493,0.8301176644952266,0.4361230887697904,-0.49607356915908235,-0.6343275602950759,0
137660,23.53,0.09535027433277855,0.5435243325500279,0.17073711062069657,-0.4002884813290898,0.0840648111958523,0.9007679761936869,0
150305,112.61,-0.7133109002802115,0.063537955156817,0.1474224414226123,-0.2748334065482569,-0.7529218691023348,0.500479766329186,0
66017,54.31,1.0781253957947718,-0.37051335659386964,-1.5024245976435517,0.7625106126926647,0.692732375463719,0.5535059868540404,0
128955,63.72,0.5156606300833942,0.6230110292977487,-0.7860811988080079,0.9739566935459205,0.9462932468295944,1.1837661062895555,0
90102,30.92,-0.4908064664964202,2.728499745296607,-0.027555936515566763,0.8952352166635325,0.9292832177172525,-0.9530643292089958,0
18743,75.8,-0.828293760348399,0.19380900833111825,-0.8135992543587863,-1.2318842455504964,-0.8561813595133891,-0.29843529564744625,0
11303,17.5,-0.467738683858582,-1.50860945437971,-0.41456386324869343,-0.6557973114697923,-0.24711640090441678,-2.4750652830730395,0
44859,34.31,0.2687757891486415,-0.8998579716352683,-0.8472699442196283,-1.0057392388170292,-0.7491296329020056,0.8218697722591285,0
68090,28.83,-1.224532918425285,1.6437130518000687,-1.8139728536558233,1.906058038493386,-0.20137452836677683,2.6483599262142166,1
51306,15.25,-0.7955438704359621,2.3135166713327044,0.27330474833108176,4.791844404254851,-0.3040455288597752,0.07778011962427855,1
158117,15.45,0.3683520038409712,-0.6102206925378539,1.437896993368432,-1.0857663232621033,-0.3013879166394584,-2.2650781819055688,0
8002,29.35,-0.186148218965649,0.994518116028477,-0.8769345818745263,-1.218380602740825,-0.4683011426573713,-0.1971473310916516,0
44629,61.12,-2.0843316213428005,-1.018037671922815,0.3625110113441724,0.09779478281967469,2.0570282489712572,0.032583070499585656,0
81348,14.36,-0.297949364813223,0.9239826791201501,1.7893744490951577,0.5195098881083026,-0.08238928755214436,-0.2163197070377801,0
24860,122.94,-0.37962449667683384,0.5068025945524742,-0.5506808466567625,0.9873257354530744,-0.4272348848161511,-0.561394510902489,0
142055,25.0,-3.2325654325124336,1.545226445884819,-0.1888801367134558,1.1182048597593914,0.08609437179585895,0.47227321434653297,0
132503,78.64,0.10577038352412323,-0.5275973425790509,-0.4538835988490723,-0.1015795887228356,-1.0541513965914469,-0.24002784663530613,0
132001,7.15,2.3596142591001037,0.7656431064826952,-0.8959699672367043,-0.9453500733072364,0.32464790491986023,0.4179045119876712,0
276,113.68,0.3805203053163029,0.928851246050224,0.24893461186111668,2.1885813919915176,-0.03929654266971919,0.1397743812843191,0
154470,162.82,-0.4625329663133788,0.3594859397738579,0.10797981288504269,0.24344071424013,0.24645662694886805,0.8685609099217104,0
14153,17.59,-0.367074646018183,0.5799721710336103,0.14731885903139533,-0.6503153948730749,-0.35695820222632485,0.4567758840702795,0
61799,21.27,-0.23587146453367722,0.4663216491832921,-0.18760914464427997,-0.7314974169465273,1.6355997301020948,0.7476913899826828,0
134702,6.08,1.2373697935635992,0.4622523292930485,-1.412583182544061,-2.0814371617666056,0.8521340231464815,1.1998588661949168,0
129749,11.74,-0.7798066757376003,-0.7472218322204848,-1.4758710971014117,1.089321356628154,-0.39547628042619937,0.481818378498869,0
95081,48.63,0.3252594982295819,-0.48754455640659267,0.3851080321263795,0.8686572407355625,0.6510338582819997,0.13487415827963925,0
128128,29.83,0.17392351197515246,1.608077135453547,-0.0026780875581322683,1.078829953740112,1.2339138775909277,-0.8718636075653284,0
154697,81.78,-1.722256933957519,-2.0870692457095164,0.4814953205671245,1.5239458091632834,-1.4101379750174814,-1.4130761271026409,0
39901,733.85,-1.9037594056445934,-0.3145003933502,-1.9835756781146474,1.1581495556595445,-2.059803972620879,0.15531033394785856,0
108099,89.67,-1.366114080933685,0.6737688343362598,-0.5689048530894247,-0.027768730341351775,0.8495818674723595,-1.0260169549039226,0
102979,49.18,0.20934885733468878,0.45507557572037044,2.93032028549251,1.7007747875409267,0.6831292450600224,0.36650364774985467,0
22671,175.43,-0.787036278933299,0.130129438098042,0.7911536503642258,1.9713506490012904,-1.5667979574849835,-2.0072482240638094,0
28302,11.48,0.10650540141918646,-0.5445729318237916,-3.655086515104106,1.435989124169071,0.50707054126648,-0.391211614041985,0
26069,85.63,-0.2758957214401739,-2.313859495606875,-0.5328515408601846,0.6056862111291927,0.15737944435706144,0.9628112328239639,0
61114,27.67,-1.1577129239412693,0.43568311192450304,0.3540485085875462,-0.8393519582926326,1.691349601502721,0.6673225189843374,0
114352,54.61,-0.6003386590064871,-1.1229011560768327,-0.2739924731630432,-0.26890767621500933,1.4990316054819934,2.078277976404369,0
103677,14.74,-0.029351702115694548,-0.5218305414881482,0.5954953007219735,0.08507008538739401,0.9047559080654916,0.347695830177617,0
136213,36.31,1.032974234914031,-0.2830790735982502,0.043184176216772716,0.9382808984597072,0.9133294119466377,-1.1481194663020629,0
154553,22.2,1.3779743339254138,-0.13778586119228045,-2.050139042555353,-0.568469501374419,-0.3281471030911709,-0.5574329385751464,0
144059,10.21,-1.6102631187918002,-0.2124587250342695,1.191720302401696,0.5164059483911488,1.2248547613625302,-0.1669267936541179,0
80257,66.55,0.07488758437155775,0.7577547802081833,1.4070992891611132,-0.5706011384883154,-0.9983653063492748,-0.7662762034069569,0
96334,135.91,-1.0002705227767883,0.3132382490007116,-1.2321984663131047,1.4508473357321354,-0.68234442589306,0.6592268962959171,0
149849,12.26,0.14425352228204003,1.9435840873775632,0.4395100188191182,-1.7632509319919358,-2.0788050130416513,1.5387772910681887,0
131564,23.47,-0.3005359851787682,1.160248131829619,-0.8752092007787461,-0.6372256980459021,0.11310007824801788,0.3804819675179393,0
3754,31.93,-1.2666319951066096,-1.5482616682308352,0.20259852447607388,1.487449388318524,2.0399838221685256,0.09544207786332265,0
105686,44.96,0.8583732319721272,-2.6266847559986117,0.41487489908910524,0.9943133817081246,0.8132003852843899,-1.156301432174818,0
22785,93.78,-0.8516172401867081,-0.17667509270824255,0.2707565235498433,-0.013346464769981237,-0.4310844764913339,-0.17656027102610614,0
123802,26.08,-2.133119217718111,0.08488824152666716,0.28169591382735354,0.030244827674648884,0.5703916552010759,1.5269988083750052,0
106308,15.29,0.6122698101053926,3.096588896142549,0.06978070221521851,1.402362653450225,-0.2906110847249148,-0.3151331697400649,0
62068,95.86,-1.874865655501711,2.221203394271961,0.7888946307844868,1.190538984372787,0.8305306044184286,-0.14816114068178932,0
99071,167.13,0.12147857932905783,-1.2551490672051577,2.3116093753006344,-1.2055286046107376,-0.17748080150141446,0.9428942355693678,0
69561,27.29,-0.24791602574300886,0.7862982309002783,-1.5499991784960077,-1.1492505191902824,-0.8487059240643177,0.06283441927758608,0
97537,26.43,-0.2368520491221783,0.849521986994124,1.1208186488307958,0.8242440547532551,1.5797187800870063,0.05326393122971822,0
76312,88.71,0.003197990615288397,0.12034991537717113,-0.9037487179106557,0.8320430459296209,-0.3623128306584068,-0.6754672450275622,0
28251,146.81,0.1686513676101955,-0.7243851651221698,0.507879845068621,0.4844842391297401,0.10180643722625989,-1.0616904243080318,0
25931,8.56,1.3227032199889794,0.017068825199726117,0.10173720583992668,0.1665864991558592,-0.10001425638690646,-1.2661023336511246,0
86544,26.65,0.6128253216693214,0.4136478982823735,-1.255468009692417,1.8604763531922952,0.3610374198447618,-0.20291064217102417,0
121999,56.74,-0.5412990949622398,1.7440102340757326,0.46646969093630625,-0.30581946332629767,-0.938166728437186,-1.2028123585469184,0
21621,12.43,-1.1130641011871776,0.3010012339184757,-1.0923362979510105,-0.23657293869461854,0.4342359392005308,-0.3035719351199467,0
9692,9.31,0.9475119085755672,0.2819343032051621,1.2103238499415532,0.5269285310410652,-1.210348650997107,1.2673951828291294,0
84040,91.0,-0.35991109356667156,0.3548181181783934,0.1613870496345091,-0.05470847125397434,-0.10153437523551705,-0.5082376928418649,0
119503,32.44,0.21566877093361858,-0.36833271003917634,0.13673265587151023,-0.7414847254600336,2.285148572217705,1.2676504408061784,0
131484,27.57,-1.7798751082081674,0.1211821519006783,1.1508346496843629,0.3801773876054463,0.705100549416564,-0.3974492987894051,0
3051,18.84,-1.4582131138187504,0.20415387199602714,-1.19944625795536,-0.2811437260145332,-0.49841432180746315,-1.3898834220721428,0
131379,11.97,0.2913744562385839,-0.1147888216345503,-0.6975165706361199,0.458498476242932,-0.5316255881772537,0.17016506777057974,0
104092,49.34,-0.9463138227477964,0.29493473511013596,0.3536795955057045,-0.6071467087272591,0.6654187002964168,-1.0011711119216136,0
98239,12.03,-0.7709990128187286,0.6726128910898425,-0.352655486864075,0.22039570712596557,1.1568519622269104,0.6625731412989784,0
37219,177.45,-0.14166263187224326,0.3447749725922945,0.4464467833047774,-2.1574838291873797,-0.5057148615599742,-0.9306030316612433,0
165601,31.06,1.7379849851235203,1.3824333409054328,-1.9387999093815778,-0.7022204860755791,-0.12220095311596485,0.022491238186848315,0
4014,113.3,-1.330226255641338,-0.17535817439484103,1.305645561840047,-0.4249114100828423,0.1655905048374698,0.6358515447128534,0
25053,5.2,-1.0356040560453943,-0.8879629366016216,-0.18977829956798103,1.332645518695934,-2.0126753139890714,-0.3776441622820603,0
142736,7.3,0.10649398029009184,1.4242834142738574,1.0532871339523997,-1.5511170585991298,-2.033451427948401,-0.12399644788834857,0
147745,13.96,0.07224913423620272,0.49673775677571846,-0.7859155628095085,0.6976144747158062,1.0172413511892788,-0.797835019014117,0
78824,32.61,-0.007708651482244078,-0.02417142635820863,0.19278407772429806,0.8013943237833824,-1.1010668407485873,0.4481534001069268,0
172232,10.28,1.3845049626510342,0.007153256097487521,2.030953617349149,0.1953603967588828,-0.08054367303887512,-0.630880665132971,0
6511,20.96,-0.25968686344106867,0.186161955581734,-0.0617212106814233,0.6707057653991766,0.7452511086442049,-1.286563077610337,0
150168,32.1,1.0734127024104452,-0.21083471865458023,-0.46052342116131384,-0.7137994661386983,0.553489663557822,-0.1809742644981515,0
153515,35.49,-1.7759822469618927,1.0363859085870253,-0.6807216091177045,0.17405603934302077,0.25799579679164625,0.9085239595881444,0
50940,46.48,0.404941353815343,-1.5604334678050311,0.9564964758415365,0.8634594763052582,0.4364086675380921,0.5097397283165505,0
55016,38.79,0.7226748248882985,-1.7073429536495999,0.46095864185730206,-1.244362484149788,-2.39394106634408,-0.24282037189422107,0
95402,28.2,-0.9603530521421138,-0.6581088093827662,2.2051873001591,0.6614328493832516,-1.5194191463376807,0.3672747809945995,0
42520,66.05,-0.1210210310095643,0.17205892236625886,0.959575892385135,-0.5317059539953605,0.028348207458837392,-0.05130812440863104,0
18375,12.26,-0.2134326970879245,0.7349648157519848,-0.2550217387812019,1.1325913089218718,-0.3567798292390546,1.5180415669880156,0
125736,28.39,-1.8897034836215454,-0.3588263709435495,0.6528803714722882,-0.723069845015931,1.010532767038355,0.7454699923888832,0
120592,20.43,0.11333446390530184,-1.5322217872403114,-0.02404782509982628,-0.8777212803217245,0.17928157945071474,-0.8591723578764829,0
10789,25.54,1.0716803738905898,-0.7725086063921601,0.23018080622921966,-0.7229475172350517,-0.38275611156756123,0.3194622960634064,0
148049,126.05,1.5623545093732296,-0.5114375287825396,-0.9461535811296805,0.683062711399045,0.07363692201720405,0.22519248046662854,0
19477,66.86,-1.2008189998350405,0.052939468234801106,-0.9867736181735269,-0.12989461095120813,-1.7461146325894545,0.7346197071192744,0
115953,40.3,-0.31178557325602474,-0.6603813705355391,-0.9604169204092289,0.05592066092321825,-1.4028162865715872,-0.24495263198709977,0
67203,11.82,-0.7843209703002557,-0.1271627962941314,-0.6672232368866481,-0.3632635391367173,-1.5527048007447624,0.05082102331430527,0
94333,36.32,0.6555543582884528,0.1518475496415706,-0.43540897061808626,0.1455258782069742,0.8041346419162541,-0.9514898065921323,0
166845,60.96,-0.20233890687008754,-0.8963333329719959,0.7206105486789331,-0.29566561208542824,0.7605704570265487,-0.20658203031980055,0
88229,256.91,-0.5963246890919207,0.8718445698740908,-0.7243075637838803,-0.16821677210325808,-0.7236309963105796,0.4256347581359233,0
148216,23.89,0.9559358223307622,-0.7436999169051833,-0.41085719913647445,0.3936348765745664,-1.6783940421431534,1.6475550303938205,0
5469,17.73,0.037563351381111706,-0.007171210981326812,0.5966953809104842,2.6688827582232557,0.06664000216842422,-0.34930551537770016,0
7906,32.01,-1.4921020171453638,0.3091577195174642,0.8551890533928274,0.7201634327682686,-0.07229899956289268,0.6293669026011512,0
168270,41.4,0.36926377764990465,-1.1221505614864147,-1.3476847999474826,0.058040302064240386,-1.249777316419508,-0.9303763787794554,0
42821,48.93,1.2813833981236349,2.5270104183286053,-2.1005143162337996,-0.861828851436456,0.7577433174478562,0.14583581245592506,0
95665,26.14,1.435856464085898,-0.03193389005081067,0.6551002716225308,-1.9038038674812663,1.3383685495365274,0.9212357908422122,0
119735,32.39,0.20968606357448813,0.20188719429148277,-0.8180789873059771,1.7898843155508546,-1.1749782922723317,-1.4934771596197547,0
111472,15.91,-0.3998267342865265,-0.16877193943790955,-0.7681942350054822,-0.31515830631527364,-1.8359983639750426,1.190347712736292,0
31401,165.27,0.43374968596096225,0.7747733900743572,0.4877860175108979,-0.42008600493421644,0.15650545384427011,0.10718704356090326,0
115053,162.22,1.764825883791736,-1.2158439828253684,1.1806432316604467,-1.2274587132122954,0.19645108104365847,-0.9483895549878306,0
66040,15.18,-1.4213499453185472,0.6994500906065418,2.317353765614861,-0.7312129895363679,1.0199550425103299,2.246873118376549,0
55533,17.58,-0.5416207633091875,-0.3870842444749391,1.7649718541264443,0.20003416213017194,-2.477903509100612,0.08856013110348288,0
50290,51.99,-0.3360666965057405,-0.780043158149952,0.06666975541378523,0.7154140412440437,0.049413485699647076,0.5452553456815439,0
33307,51.66,0.5628544804571306,1.3429563316312263,-0.6757115301586923,0.5668169320620609,-2.381292394715473,1.2500032178517075,0
132610,16.12,-0.33123930887839503,0.915529791724743,-0.9408535295821812,-0.8913596807520631,0.7568359119918517,0.13740365109144476,0
30431,27.29,-1.184951941226075,-0.8139717958905116,-1.548088389692493,1.269953488955102,0.4225197440575192,0.6747339831104918,0
50098,31.09,0.486842068967491,1.6629136549874428,0.8915784566951168,-0.6428078002379078,-1.0690245858543965,2.1637555023508033,0
132663,69.58,0.8201435941230599,-0.2308641111979353,-1.0551016302666845,0.5498876819020168,-0.4652272763218353,1.618010572954878,0
40809,11.25,1.0331898643631479,-2.093178022391159,1.4301727436187794,-1.182569388528646,-0.6760745069742347,0.980082785457863,0
120030,83.78,-1.258264629367288,1.1329561648061375,-1.574867612474653,-1.6305128776410573,-0.6330138223137638,0.24800553832910704,0
45066,80.9,-0.36663387866893304,-0.9454683399946582,-1.3452324520998302,-0.7996015749461614,1.782295263849943,0.7863296000408939,0
137788,51.76,-0.129297457035508,0.7642925814204332,-0.17252437332674642,0.24460917181047706,-2.5271656040165933,-0.5356313487682635,0
781,46.45,0.9719303434406339,-1.3945595133260753,-1.688592200627407,1.2132388366643199,0.36818319700727326,-0.7569114118328603,0
55680,5.05,0.9982176559717297,-1.4824765153636426,-0.3632491822528304,-1.0699091431662089,-1.6154169442686626,0.480188745072042,0
31585,64.04,0.3852126522593542,-0.7349518768353778,0.7633194514331476,-1.5314149822432306,-0.262312828495323,-0.4363759428163026,0
121101,170.82,1.3690945827628513,-0.5696300765463775,-0.03951654223156102,-0.6375679253228755,-0.1440009111288678,-1.732973212883159,0
23648,8.53,-1.125096327023029,0.3654318428247091,-0.7201610195718389,0.5028846851187714,0.3043625584676616,1.272116189741471,0
59189,25.25,-1.095839163003958,-0.2249195395553516,-1.409679294659649,0.440944019922617,-2.1436862289285394,0.23620051232882802,0
137328,34.17,2.2999691243864735,1.9248383620798655,2.021193599580755,1.365058321512224,1.267168637088249,0.4282825128239694,0
27632,103.5,-0.13111133868048266,-0.6679416704595047,-1.7249854341312671,0.6549797939138383,-1.445378337061279,0.580302229854977,0
100386,24.48,-0.32175270399020833,2.1103426520963775,0.2862782230818843,-0.06933370814930177,-0.33625695395822275,0.14423793223703035,0
22010,54.91,-0.07459267700807634,-0.9676564282885214,0.04365273430296112,0.09403539871510253,-0.4503089934847631,-0.8501690885320156,0
23666,23.89,-1.1200851325255345,-1.4896096123510028,0.663094021340344,0.21304562207438593,-1.405322954779475,-0.6006874242654983,0
157221,31.67,-0.30639542708651957,0.5011620700684521,-0.4873399260391653,0.017825378933284473,0.12954670522009643,1.1882167565482367,0
164276,32.99,0.41207113706602394,0.4014668584815456,1.215325970476457,0.0018330005944814697,0.8065438637417565,-0.6748970718948093,0
75602,10.71,-0.23307719205082192,1.924845495123521,-0.04887723351959414,0.5750384067461543,0.5602642163576891,-0.9663275642986852,0
63230,49.2,-0.9395651672539582,1.4202710852674623,0.7861205475982457,1.0063355691051292,0.635233021854534,-1.311126949731419,0
157963,73.05,-0.6744526692105026,-0.3444515483981383,-0.5612417066677506,1.7375758960498375,0.5000674225795827,0.6105768155927328,1
98605,31.19,-0.6593241347771676,1.6546683158667064,-0.9901750385704507,0.6795831493856468,0.7531566108861996,-0.6678671090543804,0
46857,68.93,1.4985463606698537,-0.12027193932576595,0.6563853008413225,0.631217377651321,-0.33356247720383625,1.3116151221428891,0
69836,53.07,-1.3772954892720999,-0.6337886457778004,0.48266502604130657,1.0584029080951756,-0.3061851362477693,0.5158043878138158,0
102471,42.23,-0.3017984933962528,0.15557946923063878,0.13897565236328388,-0.2462744114175397,-0.3762614080561307,1.28346882899372,0
110687,85.76,-0.9085025115121911,-0.4135312588093302,-0.7071886792934604,0.5578630298876143,-0.5044630835470667,0.7510288316940984,0
94840,14.0,-1.0867108113847272,-0.49491019549030185,-0.17530832016402878,-1.5194118760338073,1.2195012431978693,-0.25012488776463804,0
157489,9.87,0.9334229544758642,1.725998002094337,0.32820896842876396,-1.05558999261237,0.6039089756095426,0.15761780712294918,0
120779,25.21,-0.5815807632272181,0.762063873862598,-1.2903683825796395,-0.38785452380937296,0.4400965134003775,0.5420998596428898,0
159525,52.52,-1.6100216729089964,1.9178480016066657,-1.7762989615657787,-1.0067330625183881,1.0270789379614798,-1.1041609270916755,0
151836,34.89,-0.6583827179404454,-1.5534561336632653,-1.998605566555507,-1.1528662015471196,1.7638702320572779,-0.3008319004712926,0
76917,41.81,0.5615734705711045,-1.2425640027997056,-1.5881299259955441,-0.9987968750056726,-0.4024800804668359,-0.5665371616830188,0
7812,75.5,-0.34750029970591045,0.05618391839232033,0.12876373634843294,1.0749506387039267,2.169872686836033,0.8022427532675195,0
134668,45.58,0.27798244021892227,0.7184902973171294,0.9583327146851411,0.3974339738557521,-1.9584653654033375,0.4760348087964272,0
